city,state,lat,lon,population,category
Town_00001,India,16.9054,72.45005,29494,small
Town_00002,India,30.58504,70.77684,86510,small
Town_00003,India,13.9042,70.53544,51544,small
Town_00004,India,10.49461,80.52332,36226,small
Town_00005,India,34.05487,86.60346,28108,small
Town_00006,India,23.87033,79.70207,26105,small
Town_00007,India,23.30828,71.92866,90868,small
Town_00008,India,11.23929,77.10021,43688,small
Town_00009,India,10.83403,84.85053,202163,medium
Town_00010,India,23.06297,69.85227,7910827,large
Town_00011,India,21.6514,83.68575,81027,small
Town_00012,India,24.10295,81.36894,932967,medium
Town_00013,India,12.94359,91.00497,11074688,large
Town_00014,India,22.4429,93.81656,57740,small
Town_00015,India,24.74637,70.15943,41621,small
Town_00016,India,28.82138,72.48354,25138,small
Town_00017,India,34.45552,70.2898,61123,small
Town_00018,India,17.35336,78.33026,79795,small
Town_00019,India,9.89098,70.76108,830901,medium
Town_00020,India,26.26419,69.78975,95752,small
Town_00021,India,35.31014,92.24678,504531,medium
Town_00022,India,32.39361,78.23666,66591,small
Town_00023,India,12.62133,71.45433,10644615,large
Town_00024,India,11.55686,75.30464,620625,medium
Town_00025,India,10.21599,81.25103,37947,small
Town_00026,India,30.5302,93.48754,535469,medium
Town_00027,India,35.12784,88.14033,341960,medium
Town_00028,India,12.15032,73.19842,344670,medium
Town_00029,India,8.33173,92.51726,395625,medium
Town_00030,India,8.11257,80.35892,693851,medium
Town_00031,India,16.76182,71.702,27076,small
Town_00032,India,20.5577,93.6939,93304,small
Town_00033,India,18.79042,79.76988,765100,medium
Town_00034,India,19.01217,73.62298,77753,small
Town_00035,India,12.46334,78.03158,1007827,large
Town_00036,India,23.58655,83.83025,23342,small
Town_00037,India,9.93368,74.1346,765226,medium
Town_00038,India,14.93709,78.24799,228809,medium
Town_00039,India,11.17222,82.39801,82966,small
Town_00040,India,21.30545,70.5336,459279,medium
Town_00041,India,28.35966,82.11935,87676,small
Town_00042,India,8.63513,96.05407,39215,small
Town_00043,India,26.97686,94.9673,59071,small
Town_00044,India,34.90878,93.46809,54224,small
Town_00045,India,22.25591,94.79363,333615,medium
Town_00046,India,22.64629,90.98212,333876,medium
Town_00047,India,24.86378,91.25778,45578,small
Town_00048,India,30.16716,92.14082,49719,small
Town_00049,India,13.49774,82.53706,23661,small
Town_00050,India,29.72814,81.93108,734534,medium
Town_00051,India,34.30416,81.19322,65812,small
Town_00052,India,34.26252,78.75676,337865,medium
Town_00053,India,20.9272,77.96326,99988,small
Town_00054,India,31.11198,82.14447,31112,small
Town_00055,India,30.95284,71.53716,846054,medium
Town_00056,India,28.62886,82.10197,927468,medium
Town_00057,India,25.48566,70.55912,71883,small
Town_00058,India,20.73691,89.9289,6330324,large
Town_00059,India,12.6751,71.74763,587958,medium
Town_00060,India,30.1788,72.31214,82174,small
Town_00061,India,26.07488,78.33702,37168,small
Town_00062,India,8.58841,91.58103,33470,small
Town_00063,India,22.48098,95.54193,45533,small
Town_00064,India,30.71927,74.22575,407197,medium
Town_00065,India,21.78195,90.52855,670795,medium
Town_00066,India,19.52285,71.86667,66371,small
Town_00067,India,32.68686,87.54301,87732,small
Town_00068,India,19.56728,95.07277,89707,small
Town_00069,India,12.1755,83.06114,44000,small
Town_00070,India,24.73525,90.89315,248435,medium
Town_00071,India,21.02106,89.3932,62727,small
Town_00072,India,26.76411,83.65643,33907,small
Town_00073,India,32.28876,69.67627,144248,medium
Town_00074,India,29.23718,82.97756,28305,small
Town_00075,India,20.18933,86.06957,87130,small
Town_00076,India,13.48359,76.17697,82657,small
Town_00077,India,21.96318,75.30585,54025,small
Town_00078,India,33.37657,94.33627,569267,medium
Town_00079,India,11.7712,71.58785,29508,small
Town_00080,India,26.45677,80.63599,417487,medium
Town_00081,India,29.55824,94.46228,850906,medium
Town_00082,India,25.69509,78.80241,243921,medium
Town_00083,India,34.60748,74.47784,72200,small
Town_00084,India,32.33565,72.80246,49322,small
Town_00085,India,12.44032,80.72989,64448,small
Town_00086,India,19.5851,78.52014,13279328,large
Town_00087,India,8.53578,84.34448,22370,small
Town_00088,India,18.56948,83.2643,167413,medium
Town_00089,India,11.10337,95.09717,209869,medium
Town_00090,India,10.31168,76.02165,43796,small
Town_00091,India,15.43727,71.82189,53896,small
Town_00092,India,19.16357,83.82967,84829,small
Town_00093,India,27.26148,70.63914,7152004,large
Town_00094,India,19.69622,70.13622,31608,small
Town_00095,India,30.04479,70.4704,28732,small
Town_00096,India,15.2724,71.58949,15017710,large
Town_00097,India,33.48341,75.90186,652510,medium
Town_00098,India,27.51226,95.67471,54327,small
Town_00099,India,9.38544,73.95216,419821,medium
Town_00100,India,22.60486,74.07321,43317,small
Town_00101,India,15.43937,91.70853,24843,small
Town_00102,India,8.42202,89.62587,44832,small
Town_00103,India,22.14146,75.24755,76646,small
Town_00104,India,26.05401,84.10423,86412,small
Town_00105,India,16.46403,74.34784,308272,medium
Town_00106,India,30.88788,88.8484,73044,small
Town_00107,India,35.20955,96.96552,21868,small
Town_00108,India,9.94488,89.85623,271176,medium
Town_00109,India,9.52353,87.62422,630519,medium
Town_00110,India,26.43994,76.31703,407294,medium
Town_00111,India,9.24403,73.46788,103798,medium
Town_00112,India,15.23918,96.3727,91706,small
Town_00113,India,16.89718,69.01618,48556,small
Town_00114,India,17.80606,68.03153,597699,medium
Town_00115,India,15.67054,87.35253,913944,medium
Town_00116,India,8.13614,75.79298,14405370,large
Town_00117,India,24.13702,79.62237,760256,medium
Town_00118,India,14.40226,85.27471,40349,small
Town_00119,India,26.08245,89.12181,71054,small
Town_00120,India,29.01856,89.25998,57247,small
Town_00121,India,27.91428,86.97497,15403062,large
Town_00122,India,28.18093,91.96046,649199,medium
Town_00123,India,28.70385,84.77015,22107,small
Town_00124,India,30.72625,85.22981,50138,small
Town_00125,India,10.34002,69.23493,33751,small
Town_00126,India,18.357,81.31589,1632188,large
Town_00127,India,25.22123,88.07959,20434,small
Town_00128,India,20.56608,70.06829,90149,small
Town_00129,India,10.5284,83.51671,82109,small
Town_00130,India,14.93532,70.19627,864763,medium
Town_00131,India,28.80214,74.80672,80337,small
Town_00132,India,21.58359,79.28553,57659,small
Town_00133,India,29.09168,86.20073,30154,small
Town_00134,India,24.49189,77.7873,59900,small
Town_00135,India,25.08165,71.93651,83674,small
Town_00136,India,15.39125,87.82405,84174,small
Town_00137,India,15.99855,83.2378,81124,small
Town_00138,India,29.09717,97.30236,60851,small
Town_00139,India,34.89846,95.6195,16400505,large
Town_00140,India,10.10277,82.94525,55213,small
Town_00141,India,18.63833,95.03837,29779,small
Town_00142,India,23.99049,72.18135,67127,small
Town_00143,India,11.64664,92.1964,34768,small
Town_00144,India,27.34177,74.82582,83719,small
Town_00145,India,18.83721,72.69243,79082,small
Town_00146,India,19.14903,89.45189,69296,small
Town_00147,India,16.69215,92.78682,12350545,large
Town_00148,India,31.07555,71.54122,21536,small
Town_00149,India,32.79308,76.55007,511984,medium
Town_00150,India,18.72943,93.66417,15363066,large
Town_00151,India,28.78055,93.20053,154124,medium
Town_00152,India,30.95359,76.42588,52679,small
Town_00153,India,34.70356,80.8691,910741,medium
Town_00154,India,18.26711,96.20688,72434,small
Town_00155,India,33.11916,95.75063,30561,small
Town_00156,India,9.36059,89.6044,38162,small
Town_00157,India,25.72349,76.44315,5271859,large
Town_00158,India,12.69598,80.23857,368165,medium
Town_00159,India,28.32339,96.80074,787860,medium
Town_00160,India,14.56329,82.25387,35694,small
Town_00161,India,12.60164,72.76888,951261,medium
Town_00162,India,21.66958,74.49074,78977,small
Town_00163,India,19.75413,84.15967,283181,medium
Town_00164,India,17.40377,70.68728,370907,medium
Town_00165,India,30.25736,73.96318,14850654,large
Town_00166,India,18.52804,90.0023,383367,medium
Town_00167,India,17.30059,69.83076,477639,medium
Town_00168,India,11.46153,82.85017,48306,small
Town_00169,India,10.54645,94.45531,777161,medium
Town_00170,India,20.26111,96.14134,22858,small
Town_00171,India,11.49929,80.5434,82032,small
Town_00172,India,34.62773,82.44982,16708554,large
Town_00173,India,34.73663,75.32973,261877,medium
Town_00174,India,12.18188,96.67068,965489,medium
Town_00175,India,27.84772,87.09677,79942,small
Town_00176,India,10.33759,90.91742,5216173,large
Town_00177,India,14.39586,95.13764,59817,small
Town_00178,India,34.46696,86.48095,77334,small
Town_00179,India,27.211,71.30791,7432443,large
Town_00180,India,18.67225,74.5957,21371,small
Town_00181,India,22.7806,97.39303,431724,medium
Town_00182,India,25.72583,94.07133,50771,small
Town_00183,India,23.04256,68.86379,60291,small
Town_00184,India,9.52099,73.7264,75052,small
Town_00185,India,10.23003,74.7213,68525,small
Town_00186,India,14.23662,69.00587,540985,medium
Town_00187,India,17.9638,79.69257,10801625,large
Town_00188,India,28.32605,82.89391,310149,medium
Town_00189,India,16.57218,92.19013,332199,medium
Town_00190,India,15.2881,94.23535,753888,medium
Town_00191,India,21.63353,73.52574,537286,medium
Town_00192,India,33.03589,69.6643,71571,small
Town_00193,India,9.49486,68.69705,74445,small
Town_00194,India,9.42561,69.77399,846622,medium
Town_00195,India,32.29855,89.61535,41709,small
Town_00196,India,17.05418,73.47261,81291,small
Town_00197,India,8.87708,87.60068,492045,medium
Town_00198,India,35.08703,81.05184,182042,medium
Town_00199,India,15.69468,78.36827,36214,small
Town_00200,India,23.43105,90.38475,906074,medium
Town_00201,India,30.59327,92.24924,26456,small
Town_00202,India,27.39455,73.77362,78503,small
Town_00203,India,13.30822,78.74534,23969,small
Town_00204,India,25.37071,75.31638,73054,small
Town_00205,India,9.11786,69.0282,3080505,large
Town_00206,India,15.06794,90.04496,64442,small
Town_00207,India,17.98179,77.88164,25712,small
Town_00208,India,15.20974,89.14075,389019,medium
Town_00209,India,16.17866,89.28638,28563,small
Town_00210,India,8.66706,74.89905,81045,small
Town_00211,India,34.23254,79.40219,550822,medium
Town_00212,India,30.40701,71.91486,21141,small
Town_00213,India,30.07063,89.7854,39833,small
Town_00214,India,24.69949,77.67009,479436,medium
Town_00215,India,29.55541,85.57365,71338,small
Town_00216,India,28.70436,75.29557,2136277,large
Town_00217,India,21.24647,84.06619,547274,medium
Town_00218,India,32.29555,97.1408,188166,medium
Town_00219,India,13.72938,80.42128,78584,small
Town_00220,India,12.76278,71.92147,50793,small
Town_00221,India,28.56937,92.98612,35881,small
Town_00222,India,29.44314,76.67074,380668,medium
Town_00223,India,18.2567,89.77299,359448,medium
Town_00224,India,13.10775,74.94737,706371,medium
Town_00225,India,13.17688,69.91172,357896,medium
Town_00226,India,21.95142,74.82574,80806,small
Town_00227,India,35.25128,71.01881,50292,small
Town_00228,India,31.1153,94.97408,10854180,large
Town_00229,India,14.40455,69.48654,96440,small
Town_00230,India,13.33944,70.21594,43299,small
Town_00231,India,20.35063,75.66847,20830,small
Town_00232,India,10.90895,85.58634,48527,small
Town_00233,India,9.03,78.03049,9553483,large
Town_00234,India,9.05149,89.60074,21491,small
Town_00235,India,30.51791,80.06535,751180,medium
Town_00236,India,16.58538,74.00053,91833,small
Town_00237,India,21.29644,80.04102,92107,small
Town_00238,India,12.25018,83.75292,72136,small
Town_00239,India,27.12366,80.08877,422537,medium
Town_00240,India,19.49075,69.51514,66816,small
Town_00241,India,19.3872,68.53729,67681,small
Town_00242,India,25.72315,79.52657,20770,small
Town_00243,India,19.93952,72.61872,194883,medium
Town_00244,India,19.17099,94.04372,41305,small
Town_00245,India,11.57432,69.52501,945643,medium
Town_00246,India,33.01935,70.62642,68607,small
Town_00247,India,28.27435,73.06473,269675,medium
Town_00248,India,22.33187,95.30224,614336,medium
Town_00249,India,28.72278,91.36827,59533,small
Town_00250,India,11.48288,95.82073,83273,small
Town_00251,India,16.64946,85.92552,31310,small
Town_00252,India,32.86607,86.30012,41007,small
Town_00253,India,25.60892,93.26933,45704,small
Town_00254,India,30.80266,73.39748,519163,medium
Town_00255,India,33.8101,72.61613,256727,medium
Town_00256,India,14.79412,89.38404,25386,small
Town_00257,India,32.30622,92.85331,62493,small
Town_00258,India,11.2376,85.68583,60136,small
Town_00259,India,25.84827,77.09224,508118,medium
Town_00260,India,26.11817,81.18029,23063,small
Town_00261,India,8.09647,97.09106,78565,small
Town_00262,India,28.99804,91.00926,43536,small
Town_00263,India,30.28956,79.8101,13031782,large
Town_00264,India,19.84147,70.70554,86867,small
Town_00265,India,26.07013,69.19922,869109,medium
Town_00266,India,16.62746,89.25161,17908885,large
Town_00267,India,32.60886,87.256,23389,small
Town_00268,India,31.56943,97.38566,34363,small
Town_00269,India,13.32695,96.96098,41641,small
Town_00270,India,26.86868,89.27184,973501,medium
Town_00271,India,17.64968,90.3073,743334,medium
Town_00272,India,15.5623,92.06099,626613,medium
Town_00273,India,34.51901,82.16317,86323,small
Town_00274,India,14.52848,78.98187,523064,medium
Town_00275,India,12.43381,95.62391,69393,small
Town_00276,India,12.64041,91.15364,656501,medium
Town_00277,India,9.33572,93.31952,79380,small
Town_00278,India,23.26745,85.11129,33711,small
Town_00279,India,14.93087,83.80319,68688,small
Town_00280,India,15.28074,97.2197,67218,small
Town_00281,India,17.09779,70.40087,745266,medium
Town_00282,India,28.44885,69.4246,53246,small
Town_00283,India,16.52699,96.49574,60979,small
Town_00284,India,28.15857,90.04003,405105,medium
Town_00285,India,24.94143,80.75087,26262,small
Town_00286,India,11.63064,74.70416,22921,small
Town_00287,India,9.49581,84.73007,648498,medium
Town_00288,India,17.82167,74.61564,97213,small
Town_00289,India,11.67748,78.80392,40791,small
Town_00290,India,11.70559,95.62943,256566,medium
Town_00291,India,20.39846,69.87822,797798,medium
Town_00292,India,29.50929,79.85761,112054,medium
Town_00293,India,9.54359,92.21598,97951,small
Town_00294,India,25.75411,81.09075,84599,small
Town_00295,India,14.83367,94.65335,1846418,large
Town_00296,India,19.16469,75.01123,4520458,large
Town_00297,India,8.33963,84.25223,38647,small
Town_00298,India,19.3624,83.28861,74426,small
Town_00299,India,30.36797,73.15186,414851,medium
Town_00300,India,25.214,97.32481,82642,small
Town_00301,India,27.67346,68.18731,80983,small
Town_00302,India,10.21316,87.33817,210395,medium
Town_00303,India,15.18924,86.99858,886069,medium
Town_00304,India,33.4424,95.81409,155084,medium
Town_00305,India,15.31466,84.33674,88582,small
Town_00306,India,34.72702,76.7207,48442,small
Town_00307,India,10.34908,82.96914,347578,medium
Town_00308,India,31.14738,73.9819,442749,medium
Town_00309,India,13.27827,79.46686,69735,small
Town_00310,India,32.95813,86.60553,90301,small
Town_00311,India,20.91106,92.77148,23475,small
Town_00312,India,20.02339,89.37639,60337,small
Town_00313,India,29.70307,79.55111,94082,small
Town_00314,India,33.04672,72.26555,4579532,large
Town_00315,India,25.10415,72.77343,23766,small
Town_00316,India,8.84892,72.08286,25589,small
Town_00317,India,27.16771,89.73517,13193885,large
Town_00318,India,13.48109,96.15981,28643,small
Town_00319,India,32.19215,90.29529,70311,small
Town_00320,India,10.94569,74.06884,136099,medium
Town_00321,India,34.10442,94.87778,31464,small
Town_00322,India,30.68916,86.63033,204728,medium
Town_00323,India,11.64798,91.36304,58595,small
Town_00324,India,16.77632,80.50108,9613498,large
Town_00325,India,33.57768,69.42804,62051,small
Town_00326,India,29.15403,85.75925,57702,small
Town_00327,India,25.00259,68.91395,77206,small
Town_00328,India,22.26212,70.89984,26306,small
Town_00329,India,22.79171,74.38894,31913,small
Town_00330,India,23.79988,76.46974,88623,small
Town_00331,India,13.55597,90.48434,20571,small
Town_00332,India,17.5646,70.82283,44185,small
Town_00333,India,34.5968,85.48037,87520,small
Town_00334,India,15.16581,95.84416,325144,medium
Town_00335,India,33.80295,74.83006,767451,medium
Town_00336,India,29.08726,82.46361,93564,small
Town_00337,India,29.64066,86.524,520762,medium
Town_00338,India,33.53388,94.30933,75329,small
Town_00339,India,32.43234,68.74263,375980,medium
Town_00340,India,19.77167,84.07564,761383,medium
Town_00341,India,14.42333,81.59679,99344,small
Town_00342,India,25.77325,78.28032,262871,medium
Town_00343,India,31.86995,81.28404,62380,small
Town_00344,India,12.66264,80.94454,95912,small
Town_00345,India,14.35317,77.85459,51187,small
Town_00346,India,21.96184,75.89074,40262,small
Town_00347,India,27.89174,96.75564,99022,small
Town_00348,India,22.35992,72.74727,298467,medium
Town_00349,India,15.11392,96.17157,41574,small
Town_00350,India,34.46561,70.99832,255523,medium
Town_00351,India,29.85941,89.63213,45715,small
Town_00352,India,11.00517,94.88637,507205,medium
Town_00353,India,20.7577,68.37221,77216,small
Town_00354,India,27.06958,82.76435,80722,small
Town_00355,India,8.60823,75.5878,20723,small
Town_00356,India,28.37601,94.78611,95232,small
Town_00357,India,24.15424,87.09243,96514,small
Town_00358,India,31.44221,88.0481,79493,small
Town_00359,India,19.89454,75.66434,74995,small
Town_00360,India,14.66589,79.80389,40507,small
Town_00361,India,14.87668,80.49561,73653,small
Town_00362,India,22.25194,87.50254,62998,small
Town_00363,India,29.39993,79.4669,33943,small
Town_00364,India,9.049,84.02912,919768,medium
Town_00365,India,34.16147,73.89444,988311,medium
Town_00366,India,23.80041,83.96054,87133,small
Town_00367,India,8.44293,91.38072,459506,medium
Town_00368,India,19.28459,95.96519,817603,medium
Town_00369,India,13.05457,83.15687,66592,small
Town_00370,India,25.53314,75.4475,164491,medium
Town_00371,India,8.36598,80.34818,66153,small
Town_00372,India,23.95482,71.22313,519931,medium
Town_00373,India,33.84811,83.54876,940420,medium
Town_00374,India,34.42342,81.63244,914331,medium
Town_00375,India,9.89461,91.55261,773394,medium
Town_00376,India,23.45648,74.66661,66285,small
Town_00377,India,26.31604,92.50562,74170,small
Town_00378,India,20.87277,76.6831,36405,small
Town_00379,India,29.44578,81.84735,50206,small
Town_00380,India,15.35417,79.09638,546802,medium
Town_00381,India,26.66751,82.20629,56858,small
Town_00382,India,17.84438,87.30488,608474,medium
Town_00383,India,19.78357,86.80039,67504,small
Town_00384,India,12.20071,76.94348,189422,medium
Town_00385,India,30.76725,94.72128,38402,small
Town_00386,India,22.59282,78.18193,21504,small
Town_00387,India,13.76811,70.12399,737744,medium
Town_00388,India,10.79158,72.21061,914015,medium
Town_00389,India,20.42889,91.15411,522035,medium
Town_00390,India,29.77104,72.95343,99739,small
Town_00391,India,34.87229,70.66697,91893,small
Town_00392,India,29.67203,92.74469,826445,medium
Town_00393,India,13.86027,70.31914,35332,small
Town_00394,India,23.26425,75.80258,246106,medium
Town_00395,India,21.01415,84.43749,38929,small
Town_00396,India,27.26159,75.27372,728727,medium
Town_00397,India,31.72914,68.1949,81336,small
Town_00398,India,27.13685,82.67939,588386,medium
Town_00399,India,18.31134,80.3551,29882,small
Town_00400,India,12.96427,78.63107,22694,small
Town_00401,India,24.76607,88.13635,63313,small
Town_00402,India,30.23649,70.77228,38938,small
Town_00403,India,8.93217,89.18643,64381,small
Town_00404,India,10.5978,87.44119,916341,medium
Town_00405,India,22.45228,90.73194,556329,medium
Town_00406,India,17.40377,75.42137,10702205,large
Town_00407,India,16.05428,92.41816,86027,small
Town_00408,India,35.06789,93.75246,313418,medium
Town_00409,India,26.00038,91.36256,432497,medium
Town_00410,India,27.61248,71.76334,31478,small
Town_00411,India,29.56593,69.18151,73219,small
Town_00412,India,22.99853,69.46614,106512,medium
Town_00413,India,9.27591,92.24786,27883,small
Town_00414,India,29.69824,94.83975,39274,small
Town_00415,India,25.23739,88.5439,30879,small
Town_00416,India,13.84379,87.67656,42793,small
Town_00417,India,10.78744,73.3483,4375768,large
Town_00418,India,33.13728,87.34366,962569,medium
Town_00419,India,11.81414,77.1257,59589,small
Town_00420,India,13.08135,69.0101,2832670,large
Town_00421,India,21.68854,83.40354,75190,small
Town_00422,India,23.82134,95.09958,21852,small
Town_00423,India,26.69898,85.51895,40354,small
Town_00424,India,21.07483,80.1663,775813,medium
Town_00425,India,20.98529,94.42528,75967,small
Town_00426,India,8.13154,88.17095,192420,medium
Town_00427,India,14.00174,71.57975,56103,small
Town_00428,India,27.78215,75.14698,44564,small
Town_00429,India,33.37709,78.79327,38979,small
Town_00430,India,28.06735,70.48654,85286,small
Town_00431,India,20.66594,95.50423,155218,medium
Town_00432,India,27.72328,68.33633,3673636,large
Town_00433,India,18.69609,77.2186,83744,small
Town_00434,India,24.74608,77.33025,77504,small
Town_00435,India,20.91956,72.91087,35296,small
Town_00436,India,17.9898,87.02422,74783,small
Town_00437,India,21.11646,90.95375,55649,small
Town_00438,India,29.57717,84.72109,163583,medium
Town_00439,India,25.1008,87.20294,98630,small
Town_00440,India,17.1311,85.87178,39807,small
Town_00441,India,24.53128,77.10363,52258,small
Town_00442,India,18.35861,88.20225,50717,small
Town_00443,India,30.20574,76.35762,9826310,large
Town_00444,India,15.37063,72.63977,25543,small
Town_00445,India,15.93434,72.14976,94961,small
Town_00446,India,12.04247,96.77342,91807,small
Town_00447,India,26.82757,94.9556,189195,medium
Town_00448,India,22.84948,82.30049,925953,medium
Town_00449,India,28.63006,95.48582,736378,medium
Town_00450,India,9.58292,79.66713,53388,small
Town_00451,India,24.12568,68.2764,666820,medium
Town_00452,India,10.41178,91.79396,50522,small
Town_00453,India,18.95013,83.37067,973807,medium
Town_00454,India,22.35111,82.05929,44792,small
Town_00455,India,13.84908,70.71956,57984,small
Town_00456,India,17.97771,84.65071,87792,small
Town_00457,India,31.56614,75.26599,84653,small
Town_00458,India,18.28611,71.13049,30713,small
Town_00459,India,12.29426,85.61777,644689,medium
Town_00460,India,24.69626,70.7755,692942,medium
Town_00461,India,21.37368,84.73193,917040,medium
Town_00462,India,15.69517,70.86468,97741,small
Town_00463,India,30.51785,96.42231,139710,medium
Town_00464,India,17.31819,97.34112,128856,medium
Town_00465,India,9.40243,84.44272,80067,small
Town_00466,India,21.38798,92.94537,98389,small
Town_00467,India,25.59566,95.20356,31790,small
Town_00468,India,15.07283,84.65205,86388,small
Town_00469,India,18.81075,81.22613,346550,medium
Town_00470,India,35.27218,74.54079,9585310,large
Town_00471,India,33.8821,69.74867,23641,small
Town_00472,India,31.02349,69.38775,83363,small
Town_00473,India,9.53361,72.27153,46076,small
Town_00474,India,26.61445,76.81439,33817,small
Town_00475,India,20.94495,78.9648,493198,medium
Town_00476,India,21.23611,72.97303,250102,medium
Town_00477,India,33.14321,94.31901,45572,small
Town_00478,India,29.96836,72.63021,30195,small
Town_00479,India,33.68436,93.56918,38318,small
Town_00480,India,29.40367,96.25964,70473,small
Town_00481,India,31.16186,86.53693,64535,small
Town_00482,India,16.87055,74.89951,483812,medium
Town_00483,India,11.92612,74.5387,16145721,large
Town_00484,India,23.21779,72.26897,54917,small
Town_00485,India,19.50223,75.27933,10950602,large
Town_00486,India,17.19899,72.95004,61689,small
Town_00487,India,20.54508,82.23187,638399,medium
Town_00488,India,9.56346,94.40361,47676,small
Town_00489,India,23.39842,92.64083,891518,medium
Town_00490,India,13.5446,78.74626,51283,small
Town_00491,India,33.43969,70.87816,270072,medium
Town_00492,India,9.58077,89.43095,770888,medium
Town_00493,India,8.44078,91.80718,246951,medium
Town_00494,India,20.18273,91.29217,57538,small
Town_00495,India,13.11007,80.83986,48608,small
Town_00496,India,15.6133,73.33025,88374,small
Town_00497,India,29.18726,88.99274,183117,medium
Town_00498,India,30.7967,94.2351,55899,small
Town_00499,India,12.82124,72.0427,45189,small
Town_00500,India,24.03066,73.96758,14694334,large
Town_00501,India,31.12936,95.02932,65566,small
Town_00502,India,17.21853,92.83628,84620,small
Town_00503,India,10.48407,80.08074,37469,small
Town_00504,India,31.98038,75.85466,972019,medium
Town_00505,India,35.10712,69.08179,95355,small
Town_00506,India,24.35961,68.13686,78427,small
Town_00507,India,34.64021,70.10458,356613,medium
Town_00508,India,30.45473,93.53142,845733,medium
Town_00509,India,31.87251,85.0012,58212,small
Town_00510,India,32.00209,96.14453,87281,small
Town_00511,India,8.70515,91.73281,355367,medium
Town_00512,India,34.60422,74.59912,207662,medium
Town_00513,India,16.5776,84.38313,22549,small
Town_00514,India,10.65296,88.61953,118546,medium
Town_00515,India,31.02663,86.7867,51243,small
Town_00516,India,27.32275,71.0345,43458,small
Town_00517,India,9.24219,71.62995,85635,small
Town_00518,India,28.94156,71.24618,243607,medium
Town_00519,India,22.89394,74.70928,801262,medium
Town_00520,India,23.75314,90.02407,966138,medium
Town_00521,India,8.50899,86.73225,98255,small
Town_00522,India,31.09237,83.50566,154490,medium
Town_00523,India,29.36495,77.98718,451359,medium
Town_00524,India,27.67704,92.86927,62025,small
Town_00525,India,30.41369,93.0051,5920059,large
Town_00526,India,34.34118,95.56282,542641,medium
Town_00527,India,26.23576,68.34086,296603,medium
Town_00528,India,9.90477,80.7747,22729,small
Town_00529,India,14.20066,80.41148,575771,medium
Town_00530,India,25.41332,91.87342,25277,small
Town_00531,India,8.94528,86.92644,811394,medium
Town_00532,India,25.14544,86.53336,24689,small
Town_00533,India,25.08459,75.39214,76844,small
Town_00534,India,14.50794,69.16286,464436,medium
Town_00535,India,25.8068,71.55125,87342,small
Town_00536,India,32.78908,70.49198,39452,small
Town_00537,India,20.09937,83.09316,73286,small
Town_00538,India,23.87699,76.0863,91606,small
Town_00539,India,15.8971,81.39717,49047,small
Town_00540,India,25.88483,73.93516,80408,small
Town_00541,India,32.52476,76.95919,60698,small
Town_00542,India,8.85146,77.84316,672433,medium
Town_00543,India,18.53722,85.27766,12833067,large
Town_00544,India,12.4631,96.08631,441288,medium
Town_00545,India,21.5137,76.40219,58732,small
Town_00546,India,9.56496,68.64268,99419,small
Town_00547,India,31.96001,80.97959,14015334,large
Town_00548,India,30.94408,78.44634,88279,small
Town_00549,India,14.19209,96.29949,40253,small
Town_00550,India,19.46067,87.71316,312328,medium
Town_00551,India,24.94816,93.07478,87864,small
Town_00552,India,10.61392,93.25976,82290,small
Town_00553,India,15.38877,86.6047,36681,small
Town_00554,India,19.35843,71.04902,92082,small
Town_00555,India,24.11045,82.68755,94967,small
Town_00556,India,12.11491,93.07342,751584,medium
Town_00557,India,24.70168,79.19709,80018,small
Town_00558,India,15.92173,78.40225,651678,medium
Town_00559,India,23.27217,79.34278,925311,medium
Town_00560,India,28.50889,97.19696,414596,medium
Town_00561,India,13.06582,76.96897,703385,medium
Town_00562,India,18.36747,74.84215,63264,small
Town_00563,India,16.90634,92.88,62705,small
Town_00564,India,13.61851,80.58019,21401,small
Town_00565,India,8.70332,75.56819,59297,small
Town_00566,India,33.30858,90.81771,77299,small
Town_00567,India,22.22982,83.25934,71054,small
Town_00568,India,20.76683,69.201,79384,small
Town_00569,India,34.06725,87.95608,32971,small
Town_00570,India,19.26178,82.77681,95242,small
Town_00571,India,12.24106,73.55232,72643,small
Town_00572,India,20.10449,86.42582,64994,small
Town_00573,India,27.0184,90.02079,13170759,large
Town_00574,India,16.74714,96.86359,87186,small
Town_00575,India,12.82861,87.34981,460033,medium
Town_00576,India,30.56525,97.21233,75166,small
Town_00577,India,25.35528,83.45968,47236,small
Town_00578,India,21.8844,73.54919,760705,medium
Town_00579,India,23.53617,71.1453,25546,small
Town_00580,India,27.02283,68.31665,1131300,large
Town_00581,India,33.21838,79.7282,1518116,large
Town_00582,India,26.37293,73.80119,92515,small
Town_00583,India,23.59323,93.69858,87415,small
Town_00584,India,35.42052,84.9468,35925,small
Town_00585,India,11.99723,83.2935,23805,small
Town_00586,India,10.75285,73.03081,81278,small
Town_00587,India,24.85762,91.7947,1419136,large
Town_00588,India,26.82553,85.07587,349836,medium
Town_00589,India,17.73073,72.99773,204286,medium
Town_00590,India,31.6315,95.95716,7430800,large
Town_00591,India,20.37056,79.37687,14287326,large
Town_00592,India,24.02321,96.30858,51233,small
Town_00593,India,14.85656,69.29737,42745,small
Town_00594,India,16.65682,94.5166,59803,small
Town_00595,India,19.50535,75.43305,28850,small
Town_00596,India,14.68052,79.49896,49019,small
Town_00597,India,19.37111,79.75864,22939,small
Town_00598,India,29.8008,75.18003,475805,medium
Town_00599,India,18.42275,68.22513,71908,small
Town_00600,India,23.44219,71.38915,70541,small
Town_00601,India,17.23671,87.21281,75348,small
Town_00602,India,30.7102,78.3618,300483,medium
Town_00603,India,20.84288,78.16213,56586,small
Town_00604,India,26.26755,78.07192,840159,medium
Town_00605,India,11.57129,73.79074,36750,small
Town_00606,India,23.26183,81.77806,51481,small
Town_00607,India,12.37861,78.4111,69400,small
Town_00608,India,25.30695,85.13191,599073,medium
Town_00609,India,21.88282,74.70455,37163,small
Town_00610,India,33.9074,97.43862,77717,small
Town_00611,India,24.158,78.85587,737747,medium
Town_00612,India,22.03033,71.70274,87243,small
Town_00613,India,10.51541,93.1298,70438,small
Town_00614,India,8.78971,89.18771,115729,medium
Town_00615,India,18.72321,70.53809,992340,medium
Town_00616,India,14.36803,73.55528,28923,small
Town_00617,India,23.45474,78.66373,58922,small
Town_00618,India,13.30267,89.20221,10682742,large
Town_00619,India,11.46865,89.14242,522972,medium
Town_00620,India,31.21999,81.7017,37323,small
Town_00621,India,33.76035,73.20361,938222,medium
Town_00622,India,26.24929,78.36716,80631,small
Town_00623,India,14.83158,92.97807,759373,medium
Town_00624,India,10.68669,76.59856,738495,medium
Town_00625,India,28.18647,89.02132,2342128,large
Town_00626,India,24.73457,80.70574,40472,small
Town_00627,India,18.4704,69.1574,769321,medium
Town_00628,India,33.89282,84.65422,622077,medium
Town_00629,India,27.70744,75.51392,95402,small
Town_00630,India,17.59858,68.02867,57530,small
Town_00631,India,32.77945,93.81581,26205,small
Town_00632,India,34.78853,88.09154,11688811,large
Town_00633,India,13.77883,94.9772,31290,small
Town_00634,India,19.474,89.94602,48940,small
Town_00635,India,15.73206,70.65304,75571,small
Town_00636,India,20.17032,78.03884,79346,small
Town_00637,India,21.9881,87.95935,805818,medium
Town_00638,India,22.07673,95.37983,898933,medium
Town_00639,India,13.20564,96.09282,93285,small
Town_00640,India,15.18293,84.1189,50933,small
Town_00641,India,22.95812,75.36586,13006641,large
Town_00642,India,17.5488,70.72991,37981,small
Town_00643,India,11.75521,88.8557,51178,small
Town_00644,India,27.40458,68.17346,37445,small
Town_00645,India,33.7357,78.3681,842093,medium
Town_00646,India,11.90192,84.61642,955001,medium
Town_00647,India,11.24421,80.52674,40288,small
Town_00648,India,24.46379,81.60478,47043,small
Town_00649,India,11.14815,76.53553,316460,medium
Town_00650,India,9.19341,94.42645,215967,medium
Town_00651,India,27.29466,81.21653,440232,medium
Town_00652,India,20.23949,84.79098,684614,medium
Town_00653,India,9.975,68.31902,83638,small
Town_00654,India,10.30922,89.15567,93879,small
Town_00655,India,15.27185,87.03068,84008,small
Town_00656,India,13.21974,84.02062,4052369,large
Town_00657,India,25.72394,86.51846,52953,small
Town_00658,India,25.95951,70.30527,23315,small
Town_00659,India,29.29706,92.76757,294756,medium
Town_00660,India,34.45562,83.50037,42080,small
Town_00661,India,10.80987,89.20617,746756,medium
Town_00662,India,16.98352,73.44401,61963,small
Town_00663,India,14.33121,72.02211,53233,small
Town_00664,India,14.58294,69.21696,72851,small
Town_00665,India,32.89288,95.87554,85474,small
Town_00666,India,28.09591,97.37119,30516,small
Town_00667,India,11.90191,74.71123,767686,medium
Town_00668,India,34.66985,70.645,15747261,large
Town_00669,India,21.18354,74.43912,133576,medium
Town_00670,India,31.12264,93.23217,75763,small
Town_00671,India,11.93696,70.12383,15133397,large
Town_00672,India,32.49216,69.85017,6915039,large
Town_00673,India,32.85998,72.85171,564682,medium
Town_00674,India,30.11449,87.92021,81451,small
Town_00675,India,10.33865,77.54899,90083,small
Town_00676,India,32.98943,93.52984,99832,small
Town_00677,India,25.0464,91.92887,12124696,large
Town_00678,India,24.75159,76.76264,68318,small
Town_00679,India,21.22014,87.09705,460090,medium
Town_00680,India,22.58611,86.69553,49161,small
Town_00681,India,26.6638,81.19668,13482580,large
Town_00682,India,23.25912,95.82375,351908,medium
Town_00683,India,23.53241,79.69212,289269,medium
Town_00684,India,34.63458,73.9832,49000,small
Town_00685,India,31.70978,75.47794,9440354,large
Town_00686,India,27.5002,74.69621,90939,small
Town_00687,India,23.74944,71.33403,97130,small
Town_00688,India,23.5887,93.12034,77609,small
Town_00689,India,11.69284,82.84235,35022,small
Town_00690,India,25.23135,96.33119,80291,small
Town_00691,India,30.8308,79.5629,300954,medium
Town_00692,India,23.48342,90.86191,913866,medium
Town_00693,India,25.01659,79.92852,2400500,large
Town_00694,India,8.41721,85.53208,414499,medium
Town_00695,India,11.31479,72.00005,31495,small
Town_00696,India,25.08218,93.72769,66486,small
Town_00697,India,12.62014,89.99031,900711,medium
Town_00698,India,28.24196,68.34359,350924,medium
Town_00699,India,18.2579,89.74886,84092,small
Town_00700,India,9.19635,85.81194,11984449,large
Town_00701,India,30.08308,71.3326,51778,small
Town_00702,India,15.00157,73.69787,96201,small
Town_00703,India,20.09665,91.33975,29667,small
Town_00704,India,30.01905,73.46543,58015,small
Town_00705,India,32.02798,87.75219,97111,small
Town_00706,India,32.07359,83.88379,55220,small
Town_00707,India,34.09108,68.40712,258265,medium
Town_00708,India,21.39718,82.2771,2189802,large
Town_00709,India,10.05161,86.30242,98638,small
Town_00710,India,18.79553,82.03483,986163,medium
Town_00711,India,20.33615,74.76167,87763,small
Town_00712,India,10.0868,77.71353,237280,medium
Town_00713,India,24.20364,69.28785,478520,medium
Town_00714,India,27.99926,77.77539,66357,small
Town_00715,India,16.64489,77.8974,49703,small
Town_00716,India,8.56409,81.55253,25948,small
Town_00717,India,25.34905,89.44541,503105,medium
Town_00718,India,15.5168,82.75005,696598,medium
Town_00719,India,23.77199,85.24015,832544,medium
Town_00720,India,8.93807,84.53854,46115,small
Town_00721,India,29.29321,86.6765,67567,small
Town_00722,India,29.77731,91.39474,935401,medium
Town_00723,India,33.8127,88.09935,900411,medium
Town_00724,India,17.39126,78.69827,52139,small
Town_00725,India,17.63682,84.24684,27923,small
Town_00726,India,27.36619,87.81672,83106,small
Town_00727,India,21.85266,94.37891,65775,small
Town_00728,India,12.14727,74.05818,79392,small
Town_00729,India,19.13699,79.68419,42140,small
Town_00730,India,24.1368,72.24254,53045,small
Town_00731,India,27.98301,84.26248,64625,small
Town_00732,India,10.02126,73.612,96667,small
Town_00733,India,12.91544,85.12418,66789,small
Town_00734,India,34.69027,88.36327,28879,small
Town_00735,India,31.06115,77.41809,370049,medium
Town_00736,India,23.02833,90.37551,51051,small
Town_00737,India,27.37087,74.44027,310079,medium
Town_00738,India,32.55307,76.33774,33050,small
Town_00739,India,13.40955,89.64974,98777,small
Town_00740,India,9.33653,70.16662,95429,small
Town_00741,India,17.38191,72.03163,663021,medium
Town_00742,India,25.66835,68.44271,128913,medium
Town_00743,India,13.83622,77.63913,83743,small
Town_00744,India,19.14624,88.02943,160238,medium
Town_00745,India,31.74088,91.48973,12224618,large
Town_00746,India,29.33892,97.14084,585887,medium
Town_00747,India,32.01614,68.75936,785865,medium
Town_00748,India,35.15693,69.65252,63144,small
Town_00749,India,12.30866,68.54874,655202,medium
Town_00750,India,29.09768,70.65111,75473,small
Town_00751,India,17.46297,88.06443,40107,small
Town_00752,India,26.07738,85.74629,877081,medium
Town_00753,India,25.01359,91.9969,24146,small
Town_00754,India,29.33977,77.12296,79396,small
Town_00755,India,23.38075,78.65997,55904,small
Town_00756,India,11.62628,68.26669,67513,small
Town_00757,India,12.14131,86.55273,31784,small
Town_00758,India,33.76614,86.42658,669661,medium
Town_00759,India,21.8009,84.37981,735514,medium
Town_00760,India,18.05426,72.4048,873583,medium
Town_00761,India,31.53132,90.9833,65983,small
Town_00762,India,29.39789,75.15627,85396,small
Town_00763,India,13.86122,94.91443,70990,small
Town_00764,India,20.65272,77.55304,34130,small
Town_00765,India,26.15077,68.45538,72671,small
Town_00766,India,26.54084,78.34519,494256,medium
Town_00767,India,19.273,95.11433,49370,small
Town_00768,India,8.84443,68.61257,51697,small
Town_00769,India,14.36297,73.99456,56527,small
Town_00770,India,16.20766,97.33219,697188,medium
Town_00771,India,29.74781,82.08245,55032,small
Town_00772,India,34.2423,72.02748,192728,medium
Town_00773,India,17.11703,82.32377,41180,small
Town_00774,India,16.79363,86.00254,47796,small
Town_00775,India,23.92867,94.04431,871235,medium
Town_00776,India,17.91002,91.00454,43894,small
Town_00777,India,19.95723,72.12406,23201,small
Town_00778,India,30.13806,72.48187,37482,small
Town_00779,India,33.0692,72.44867,32785,small
Town_00780,India,28.66086,81.70213,534321,medium
Town_00781,India,17.33734,95.09584,63996,small
Town_00782,India,34.94038,68.97099,930588,medium
Town_00783,India,25.25201,68.453,724091,medium
Town_00784,India,14.36979,80.69964,120903,medium
Town_00785,India,9.32876,94.37322,4702659,large
Town_00786,India,11.31275,82.37697,549288,medium
Town_00787,India,8.07069,74.60541,91502,small
Town_00788,India,21.77004,71.31471,620373,medium
Town_00789,India,34.32409,70.28116,49354,small
Town_00790,India,28.11345,76.0527,377503,medium
Town_00791,India,15.3976,96.50661,150181,medium
Town_00792,India,19.22337,84.42028,111104,medium
Town_00793,India,16.95708,69.22153,56980,small
Town_00794,India,23.09228,88.3635,55204,small
Town_00795,India,18.98029,77.38883,39822,small
Town_00796,India,18.64463,79.36974,38750,small
Town_00797,India,32.69767,86.73191,625390,medium
Town_00798,India,33.4728,75.51263,69409,small
Town_00799,India,35.25284,92.35389,31378,small
Town_00800,India,31.18408,91.12704,26489,small
Town_00801,India,19.16003,84.47632,77989,small
Town_00802,India,23.09608,77.31068,20122,small
Town_00803,India,21.02043,87.09618,64873,small
Town_00804,India,24.28808,97.34509,760092,medium
Town_00805,India,29.76268,93.64833,167232,medium
Town_00806,India,18.82191,83.52464,62223,small
Town_00807,India,9.97987,91.52085,54724,small
Town_00808,India,15.21264,92.81015,65583,small
Town_00809,India,22.35619,82.06024,248991,medium
Town_00810,India,9.81088,90.33907,314791,medium
Town_00811,India,22.50554,91.99391,280724,medium
Town_00812,India,12.19257,87.52356,967637,medium
Town_00813,India,31.53437,87.23669,62200,small
Town_00814,India,18.48471,92.54757,36126,small
Town_00815,India,19.27572,88.72734,482493,medium
Town_00816,India,17.80778,91.69478,79350,small
Town_00817,India,26.21154,76.1129,567876,medium
Town_00818,India,27.11293,81.25478,42873,small
Town_00819,India,28.86708,72.42148,68093,small
Town_00820,India,21.44135,87.47781,88601,small
Town_00821,India,17.3526,79.24343,7739503,large
Town_00822,India,8.02222,75.66018,60178,small
Town_00823,India,27.74996,76.10056,353578,medium
Town_00824,India,15.29861,80.923,84669,small
Town_00825,India,31.6195,73.94965,58070,small
Town_00826,India,24.99119,78.96276,15848843,large
Town_00827,India,18.33248,69.2317,73467,small
Town_00828,India,19.85159,85.91947,350217,medium
Town_00829,India,18.59732,85.07168,45114,small
Town_00830,India,34.88645,93.1255,28304,small
Town_00831,India,26.30404,77.71879,15949110,large
Town_00832,India,18.43358,83.51154,23354,small
Town_00833,India,10.96474,84.62294,77163,small
Town_00834,India,19.40955,81.97127,77650,small
Town_00835,India,18.9344,71.9908,21246,small
Town_00836,India,26.43546,89.84322,25319,small
Town_00837,India,33.45891,76.67245,506312,medium
Town_00838,India,29.17165,71.48452,180883,medium
Town_00839,India,23.7032,68.45645,48263,small
Town_00840,India,23.52138,69.62264,63986,small
Town_00841,India,21.27677,69.61596,74778,small
Town_00842,India,31.19946,72.13649,26566,small
Town_00843,India,31.97815,72.29297,643392,medium
Town_00844,India,35.01132,73.49131,88158,small
Town_00845,India,15.21444,77.2347,413289,medium
Town_00846,India,23.28158,83.07394,26704,small
Town_00847,India,16.43829,75.33141,557288,medium
Town_00848,India,31.55763,75.584,154638,medium
Town_00849,India,13.70642,87.24146,84092,small
Town_00850,India,27.52155,72.16785,64794,small
Town_00851,India,13.50732,95.12167,26705,small
Town_00852,India,28.05464,68.25104,11856669,large
Town_00853,India,8.97114,74.48092,46286,small
Town_00854,India,27.54029,91.67262,79587,small
Town_00855,India,19.16513,89.47032,313084,medium
Town_00856,India,9.5872,80.79476,26417,small
Town_00857,India,11.76744,93.95811,85162,small
Town_00858,India,12.95455,95.21075,41512,small
Town_00859,India,21.70097,87.87863,58652,small
Town_00860,India,30.05304,83.76622,915315,medium
Town_00861,India,33.2411,74.10377,199861,medium
Town_00862,India,13.54475,70.70019,8508452,large
Town_00863,India,26.11921,75.5989,75650,small
Town_00864,India,12.25801,69.67161,25473,small
Town_00865,India,12.40396,81.16622,96291,small
Town_00866,India,29.92314,88.85478,60575,small
Town_00867,India,33.07735,77.56957,39909,small
Town_00868,India,34.00281,87.62879,134542,medium
Town_00869,India,17.00943,72.60152,786637,medium
Town_00870,India,23.00729,70.76092,44110,small
Town_00871,India,19.82111,88.02775,968739,medium
Town_00872,India,17.67496,87.39608,787997,medium
Town_00873,India,33.83431,83.5269,464850,medium
Town_00874,India,8.48873,91.05302,32188,small
Town_00875,India,13.51402,76.25997,712273,medium
Town_00876,India,22.8697,70.6088,384346,medium
Town_00877,India,29.11378,90.56974,95862,small
Town_00878,India,33.42669,68.95592,20172,small
Town_00879,India,17.46821,95.85983,26560,small
Town_00880,India,12.72945,78.33178,63195,small
Town_00881,India,28.41468,73.27629,59089,small
Town_00882,India,30.24777,89.34853,92295,small
Town_00883,India,11.10621,72.76044,137642,medium
Town_00884,India,8.9275,83.14426,5428156,large
Town_00885,India,19.42147,92.69711,6499046,large
Town_00886,India,17.88452,87.551,1166151,large
Town_00887,India,31.16314,93.7663,39534,small
Town_00888,India,15.18523,71.1428,260511,medium
Town_00889,India,21.64354,83.8116,590538,medium
Town_00890,India,14.76418,84.76704,9597553,large
Town_00891,India,18.08973,73.83254,46667,small
Town_00892,India,35.17106,94.79786,90096,small
Town_00893,India,21.7994,94.27297,2800675,large
Town_00894,India,21.43103,91.33594,50049,small
Town_00895,India,10.39361,73.05269,24052,small
Town_00896,India,19.66008,86.41512,697491,medium
Town_00897,India,32.48889,70.48762,50660,small
Town_00898,India,14.69789,90.86103,28144,small
Town_00899,India,30.58757,70.15507,202839,medium
Town_00900,India,9.13362,86.23832,59794,small
Town_00901,India,17.40698,91.91125,43960,small
Town_00902,India,8.29606,95.73909,73360,small
Town_00903,India,8.88658,91.26409,636240,medium
Town_00904,India,26.66716,72.46142,247189,medium
Town_00905,India,13.60281,95.28451,28767,small
Town_00906,India,35.42558,91.35187,85185,small
Town_00907,India,22.4527,77.73505,3101903,large
Town_00908,India,13.47357,86.44209,73916,small
Town_00909,India,10.54063,89.16461,270107,medium
Town_00910,India,30.09196,82.53051,85041,small
Town_00911,India,11.71089,92.43866,26917,small
Town_00912,India,28.48647,92.55747,97382,small
Town_00913,India,12.52992,79.38183,87233,small
Town_00914,India,16.22171,96.34765,35183,small
Town_00915,India,9.87088,91.10308,50420,small
Town_00916,India,14.60292,85.33496,84568,small
Town_00917,India,23.81261,95.53097,26580,small
Town_00918,India,18.78036,91.12333,64911,small
Town_00919,India,30.70866,79.98411,12394798,large
Town_00920,India,26.24019,94.67195,59945,small
Town_00921,India,8.12362,82.42706,4711024,large
Town_00922,India,32.15058,82.02382,59250,small
Town_00923,India,20.58081,77.89481,470896,medium
Town_00924,India,18.83145,81.7452,12268357,large
Town_00925,India,10.41935,75.99479,77937,small
Town_00926,India,19.20472,83.87623,326830,medium
Town_00927,India,26.78116,69.22489,44131,small
Town_00928,India,18.71592,77.8135,275548,medium
Town_00929,India,14.16551,94.25076,71688,small
Town_00930,India,16.48563,77.39555,99506,small
Town_00931,India,13.20981,92.50349,652802,medium
Town_00932,India,8.24911,93.17801,357817,medium
Town_00933,India,20.5007,91.87714,469417,medium
Town_00934,India,26.59665,97.04335,87353,small
Town_00935,India,26.318,71.98346,53205,small
Town_00936,India,26.32348,70.23913,78208,small
Town_00937,India,15.32447,76.72711,843738,medium
Town_00938,India,25.37791,79.08796,27823,small
Town_00939,India,32.94762,82.69444,118867,medium
Town_00940,India,9.56694,92.62701,93061,small
Town_00941,India,18.37228,77.17885,39961,small
Town_00942,India,28.04369,90.11961,11911755,large
Town_00943,India,21.26797,68.20857,55580,small
Town_00944,India,11.97447,85.33267,26117,small
Town_00945,India,35.4369,73.12069,56814,small
Town_00946,India,25.25063,75.13129,23382,small
Town_00947,India,19.56932,96.85545,69871,small
Town_00948,India,21.5573,96.75025,390959,medium
Town_00949,India,16.91556,92.58818,26333,small
Town_00950,India,29.82567,78.24373,641057,medium
Town_00951,India,30.2046,69.81857,645797,medium
Town_00952,India,12.69363,77.20317,10986881,large
Town_00953,India,34.71567,90.92381,827214,medium
Town_00954,India,13.14651,77.1274,45867,small
Town_00955,India,25.06968,95.3774,54106,small
Town_00956,India,17.94926,77.42897,81938,small
Town_00957,India,15.33834,74.01725,79013,small
Town_00958,India,21.78453,80.04355,430045,medium
Town_00959,India,9.20854,76.22767,93235,small
Town_00960,India,31.32273,80.14584,14141322,large
Town_00961,India,17.97539,95.06595,57797,small
Town_00962,India,31.41385,71.57233,21539,small
Town_00963,India,9.13658,92.38606,66354,small
Town_00964,India,24.55901,78.61417,29157,small
Town_00965,India,32.079,70.84392,74097,small
Town_00966,India,30.946,88.99777,41747,small
Town_00967,India,25.73124,96.53519,35444,small
Town_00968,India,29.30177,79.63768,64793,small
Town_00969,India,18.99938,82.74443,294757,medium
Town_00970,India,27.58445,72.23087,74216,small
Town_00971,India,26.40879,94.59464,455183,medium
Town_00972,India,26.7524,95.27418,1104281,large
Town_00973,India,31.4282,87.70046,72911,small
Town_00974,India,13.88327,89.49826,37361,small
Town_00975,India,12.15679,87.81073,85610,small
Town_00976,India,11.4359,76.33685,13782371,large
Town_00977,India,32.16336,71.87272,70375,small
Town_00978,India,24.83969,76.11478,10161306,large
Town_00979,India,24.71119,94.66471,477216,medium
Town_00980,India,26.59025,96.75733,67148,small
Town_00981,India,8.6412,83.25945,440936,medium
Town_00982,India,14.00579,81.50325,78572,small
Town_00983,India,15.56417,69.74346,92733,small
Town_00984,India,24.38093,68.95182,81287,small
Town_00985,India,11.04001,74.62189,64577,small
Town_00986,India,34.52976,83.65543,683638,medium
Town_00987,India,29.82038,74.165,95698,small
Town_00988,India,22.76941,68.89947,23718,small
Town_00989,India,30.29634,75.90771,760613,medium
Town_00990,India,15.52767,70.64083,509266,medium
Town_00991,India,22.08238,85.36826,157383,medium
Town_00992,India,30.11468,96.35955,363983,medium
Town_00993,India,9.963,82.09737,576021,medium
Town_00994,India,34.65253,93.97146,45000,small
Town_00995,India,17.39619,73.60246,57038,small
Town_00996,India,28.88779,70.25528,22166,small
Town_00997,India,20.06188,73.83227,45786,small
Town_00998,India,29.2662,73.93462,58827,small
Town_00999,India,28.56042,95.975,22067,small
Town_01000,India,9.72506,74.06641,9851368,large
Town_01001,India,23.33822,86.51349,61376,small
Town_01002,India,35.26538,77.01955,6877819,large
Town_01003,India,27.01132,80.42006,16269152,large
Town_01004,India,29.24969,78.11666,67694,small
Town_01005,India,29.38044,81.90224,64254,small
Town_01006,India,29.85562,82.04915,36818,small
Town_01007,India,31.37414,83.58489,507798,medium
Town_01008,India,13.75545,75.43224,7478867,large
Town_01009,India,27.53091,95.88672,77245,small
Town_01010,India,29.29641,89.40907,982243,medium
Town_01011,India,20.00868,72.08038,863240,medium
Town_01012,India,24.09703,79.17776,3887193,large
Town_01013,India,20.75208,69.27589,90016,small
Town_01014,India,33.13167,93.32628,686766,medium
Town_01015,India,32.34613,82.29358,46964,small
Town_01016,India,8.20176,74.03109,209070,medium
Town_01017,India,10.69663,93.88923,77676,small
Town_01018,India,20.5512,85.27334,77623,small
Town_01019,India,28.9465,84.81973,81690,small
Town_01020,India,12.64678,87.23113,51429,small
Town_01021,India,27.71278,81.85218,99415,small
Town_01022,India,11.89884,94.81629,28223,small
Town_01023,India,27.24272,91.59938,20642,small
Town_01024,India,18.78837,91.24757,25018,small
Town_01025,India,14.67211,94.78581,100991,medium
Town_01026,India,9.0468,69.43608,330256,medium
Town_01027,India,29.32181,69.3047,95767,small
Town_01028,India,33.28019,75.75717,119107,medium
Town_01029,India,21.16829,96.21602,32658,small
Town_01030,India,13.14078,91.80839,637003,medium
Town_01031,India,16.89001,83.03938,70019,small
Town_01032,India,33.19963,68.06674,92862,small
Town_01033,India,25.82702,70.52575,97930,small
Town_01034,India,29.77503,83.85612,91495,small
Town_01035,India,24.91481,81.48391,93387,small
Town_01036,India,28.4874,68.71012,80029,small
Town_01037,India,13.74085,88.88983,76236,small
Town_01038,India,35.04091,86.07407,12828873,large
Town_01039,India,26.63542,70.59133,989531,medium
Town_01040,India,35.05067,70.6486,424230,medium
Town_01041,India,28.96657,72.36078,63889,small
Town_01042,India,29.14173,68.20484,4814116,large
Town_01043,India,26.77911,90.63727,504094,medium
Town_01044,India,20.52964,80.0181,47633,small
Town_01045,India,33.20111,89.6143,22826,small
Town_01046,India,31.02268,89.14179,5531162,large
Town_01047,India,31.37439,80.70782,43568,small
Town_01048,India,25.01481,76.6543,240655,medium
Town_01049,India,14.94777,76.8658,440173,medium
Town_01050,India,18.51303,72.78298,785787,medium
Town_01051,India,26.03709,81.96276,62724,small
Town_01052,India,15.54039,75.36755,22742,small
Town_01053,India,17.3696,84.04718,955709,medium
Town_01054,India,17.03947,90.72731,64908,small
Town_01055,India,29.85148,83.69449,965538,medium
Town_01056,India,31.41345,80.53753,167377,medium
Town_01057,India,22.77521,96.4865,656708,medium
Town_01058,India,9.46859,87.57291,527298,medium
Town_01059,India,33.61337,83.30545,31749,small
Town_01060,India,25.81433,74.43277,21786,small
Town_01061,India,27.64312,80.72595,284841,medium
Town_01062,India,24.79155,86.12095,882264,medium
Town_01063,India,15.81842,79.53204,129020,medium
Town_01064,India,10.52348,93.55414,97480,small
Town_01065,India,11.90559,70.04754,14124165,large
Town_01066,India,16.35726,69.88627,1487791,large
Town_01067,India,10.01985,70.19726,84709,small
Town_01068,India,25.831,83.0531,78986,small
Town_01069,India,12.89202,70.95262,528807,medium
Town_01070,India,27.16121,73.10994,32431,small
Town_01071,India,31.68596,81.58865,316060,medium
Town_01072,India,8.84417,92.44848,996545,medium
Town_01073,India,13.74397,78.34721,755242,medium
Town_01074,India,8.26965,73.60347,40714,small
Town_01075,India,29.5171,87.51878,375825,medium
Town_01076,India,12.96671,72.23795,2920568,large
Town_01077,India,18.53282,87.24072,49262,small
Town_01078,India,9.7065,76.72861,236388,medium
Town_01079,India,33.74149,78.4834,43111,small
Town_01080,India,11.8049,91.24539,484020,medium
Town_01081,India,12.57134,87.56392,41734,small
Town_01082,India,15.84519,79.2328,49357,small
Town_01083,India,25.83685,94.15535,67887,small
Town_01084,India,14.62407,94.33971,107905,medium
Town_01085,India,9.39069,87.57726,50777,small
Town_01086,India,15.75063,81.94136,34402,small
Town_01087,India,20.64871,88.98992,4951669,large
Town_01088,India,21.33646,95.23099,75814,small
Town_01089,India,20.10731,71.49016,13117894,large
Town_01090,India,20.20774,75.05286,160072,medium
Town_01091,India,9.96671,74.56094,93776,small
Town_01092,India,24.80641,97.49701,69311,small
Town_01093,India,11.02631,95.83896,51422,small
Town_01094,India,22.34245,83.05927,206430,medium
Town_01095,India,10.2847,75.82645,80415,small
Town_01096,India,29.58916,71.88613,61657,small
Town_01097,India,10.69311,76.27855,28932,small
Town_01098,India,11.29196,97.03338,43589,small
Town_01099,India,22.01226,86.51266,23207,small
Town_01100,India,25.69799,88.26399,8854666,large
Town_01101,India,29.2455,87.60132,482193,medium
Town_01102,India,11.98849,91.70724,25472,small
Town_01103,India,31.57621,78.84795,43819,small
Town_01104,India,27.24357,68.46178,30743,small
Town_01105,India,20.35797,93.07768,247308,medium
Town_01106,India,31.0798,76.98109,309040,medium
Town_01107,India,33.83465,79.85876,21652,small
Town_01108,India,17.8978,82.28419,13539707,large
Town_01109,India,22.07045,95.97522,47822,small
Town_01110,India,25.08356,74.38323,46464,small
Town_01111,India,16.52195,91.13811,892505,medium
Town_01112,India,16.84905,80.00589,801149,medium
Town_01113,India,27.49559,84.7733,51251,small
Town_01114,India,30.77076,68.00466,53796,small
Town_01115,India,24.68287,82.01442,70665,small
Town_01116,India,11.78644,75.09298,536235,medium
Town_01117,India,12.1016,72.04391,96206,small
Town_01118,India,16.83351,90.22179,543384,medium
Town_01119,India,12.60629,85.27487,73599,small
Town_01120,India,14.96238,84.82001,258086,medium
Town_01121,India,34.31564,75.93357,73444,small
Town_01122,India,10.60818,80.84959,22294,small
Town_01123,India,32.85903,70.08077,42960,small
Town_01124,India,31.93742,80.39256,59357,small
Town_01125,India,30.1938,87.27569,35282,small
Town_01126,India,20.27257,82.73801,68439,small
Town_01127,India,32.71618,96.39007,179714,medium
Town_01128,India,24.28513,75.47377,825719,medium
Town_01129,India,34.30613,86.98253,88663,small
Town_01130,India,15.07953,92.25083,27481,small
Town_01131,India,25.16689,81.91461,21259,small
Town_01132,India,20.23467,78.0309,43625,small
Town_01133,India,20.80138,77.56581,76444,small
Town_01134,India,10.44614,96.64345,72566,small
Town_01135,India,34.44375,94.55268,870983,medium
Town_01136,India,27.47601,79.2126,67829,small
Town_01137,India,11.50801,74.5658,378950,medium
Town_01138,India,11.11017,83.04158,75153,small
Town_01139,India,25.77512,81.85238,63520,small
Town_01140,India,23.86638,78.49259,77307,small
Town_01141,India,16.64861,91.93537,41094,small
Town_01142,India,18.83579,71.4557,58297,small
Town_01143,India,30.97735,86.94156,97617,small
Town_01144,India,34.57386,73.79094,59432,small
Town_01145,India,25.8399,72.82053,16264677,large
Town_01146,India,31.36547,93.81632,45993,small
Town_01147,India,32.66982,85.56768,93486,small
Town_01148,India,15.49205,70.06651,6812213,large
Town_01149,India,10.35896,75.34316,283013,medium
Town_01150,India,15.29118,88.97744,22531,small
Town_01151,India,8.6584,70.43295,7655185,large
Town_01152,India,12.08695,77.89303,61963,small
Town_01153,India,16.02366,90.0519,63648,small
Town_01154,India,9.51196,70.47586,195835,medium
Town_01155,India,9.74357,69.54368,37270,small
Town_01156,India,29.77284,89.49876,615680,medium
Town_01157,India,11.87929,85.85269,26717,small
Town_01158,India,28.65997,92.74858,58685,small
Town_01159,India,27.71779,74.7677,81925,small
Town_01160,India,10.59076,85.29338,842142,medium
Town_01161,India,20.43448,81.81886,32231,small
Town_01162,India,30.6835,81.92079,21723,small
Town_01163,India,13.29988,85.18359,764755,medium
Town_01164,India,20.57615,90.14983,88399,small
Town_01165,India,22.66168,89.37064,1788757,large
Town_01166,India,14.07693,76.57877,79538,small
Town_01167,India,24.9048,94.60381,426250,medium
Town_01168,India,35.37187,94.50773,165033,medium
Town_01169,India,14.22356,90.75405,60590,small
Town_01170,India,18.90425,83.42582,912256,medium
Town_01171,India,24.75334,70.62954,8930423,large
Town_01172,India,12.15944,95.48414,80523,small
Town_01173,India,8.83125,77.45711,88327,small
Town_01174,India,31.92248,88.23021,60733,small
Town_01175,India,29.32427,71.13337,13986476,large
Town_01176,India,20.02579,69.96795,87312,small
Town_01177,India,14.10171,77.3881,74840,small
Town_01178,India,29.18382,78.96426,61245,small
Town_01179,India,25.01548,71.09599,56515,small
Town_01180,India,11.65888,93.31704,93078,small
Town_01181,India,11.54618,81.74311,59318,small
Town_01182,India,26.08473,93.14645,64669,small
Town_01183,India,20.02722,70.52817,198609,medium
Town_01184,India,27.68651,89.71179,5531233,large
Town_01185,India,22.57574,88.65464,958295,medium
Town_01186,India,22.62603,92.57621,282120,medium
Town_01187,India,18.63901,91.8039,67504,small
Town_01188,India,11.38991,75.16337,35332,small
Town_01189,India,10.52136,95.81717,70687,small
Town_01190,India,21.00114,96.21373,57841,small
Town_01191,India,28.86595,79.59945,925641,medium
Town_01192,India,11.56497,73.71292,34024,small
Town_01193,India,31.85411,83.13482,23625,small
Town_01194,India,15.01683,81.84184,39467,small
Town_01195,India,34.84637,86.15314,864813,medium
Town_01196,India,28.48045,78.07719,538744,medium
Town_01197,India,9.5505,68.00349,460507,medium
Town_01198,India,8.28642,90.52107,24918,small
Town_01199,India,34.18055,77.6483,54862,small
Town_01200,India,34.11424,76.89627,71696,small
Town_01201,India,18.40168,71.25214,808615,medium
Town_01202,India,19.29073,86.75643,52030,small
Town_01203,India,30.46642,87.00422,6752031,large
Town_01204,India,28.7581,91.98394,787794,medium
Town_01205,India,16.96253,80.8913,351449,medium
Town_01206,India,22.82589,77.92406,65256,small
Town_01207,India,32.63687,73.09342,912003,medium
Town_01208,India,11.82492,95.6784,91119,small
Town_01209,India,25.9426,69.41603,91797,small
Town_01210,India,34.92751,95.91189,80527,small
Town_01211,India,29.5115,93.66051,456976,medium
Town_01212,India,17.92481,69.88852,127251,medium
Town_01213,India,32.83362,68.75442,744936,medium
Town_01214,India,9.86069,89.86263,584513,medium
Town_01215,India,25.60205,77.17867,69559,small
Town_01216,India,16.52175,86.65289,81665,small
Town_01217,India,16.75944,78.17637,66172,small
Town_01218,India,23.76487,71.12357,87965,small
Town_01219,India,9.88219,81.16102,8619922,large
Town_01220,India,13.71818,78.68969,790793,medium
Town_01221,India,27.13738,71.6833,24572,small
Town_01222,India,20.69212,84.79239,5395307,large
Town_01223,India,19.80622,70.72389,87527,small
Town_01224,India,29.6939,78.5201,880995,medium
Town_01225,India,24.60407,69.70456,873387,medium
Town_01226,India,19.92037,79.22746,74632,small
Town_01227,India,13.54741,76.90203,867771,medium
Town_01228,India,34.74352,82.49255,21420,small
Town_01229,India,26.38219,72.22601,93544,small
Town_01230,India,32.75057,72.83994,4785012,large
Town_01231,India,31.88293,78.67051,47183,small
Town_01232,India,21.88502,94.59012,48194,small
Town_01233,India,22.04694,95.51248,38832,small
Town_01234,India,12.21321,80.92882,5571828,large
Town_01235,India,24.55809,75.64471,540685,medium
Town_01236,India,13.95193,86.54011,1190300,large
Town_01237,India,30.07385,94.64544,920810,medium
Town_01238,India,14.51897,75.54085,42997,small
Town_01239,India,14.38431,73.15908,96744,small
Town_01240,India,27.84217,71.23928,97879,small
Town_01241,India,27.54082,76.03988,86961,small
Town_01242,India,9.44531,95.85175,31316,small
Town_01243,India,31.88524,94.48166,74400,small
Town_01244,India,11.90795,81.56914,91174,small
Town_01245,India,17.24129,90.61423,308532,medium
Town_01246,India,14.26112,93.6437,557159,medium
Town_01247,India,16.33767,72.77687,189112,medium
Town_01248,India,11.92009,85.39709,410518,medium
Town_01249,India,13.04897,82.15152,97601,small
Town_01250,India,21.37183,95.87211,45946,small
Town_01251,India,20.9753,83.01519,50528,small
Town_01252,India,10.01544,88.68954,72873,small
Town_01253,India,10.7621,89.65451,839205,medium
Town_01254,India,26.99429,79.56152,975150,medium
Town_01255,India,23.74573,68.18915,82495,small
Town_01256,India,17.74799,86.58362,72644,small
Town_01257,India,34.18192,86.28273,784086,medium
Town_01258,India,26.22527,89.684,39046,small
Town_01259,India,25.22976,87.99663,442486,medium
Town_01260,India,24.22569,87.97881,264001,medium
Town_01261,India,23.10822,79.87448,221024,medium
Town_01262,India,11.73956,94.68052,62364,small
Town_01263,India,30.18022,81.00399,646799,medium
Town_01264,India,32.61659,78.32026,62611,small
Town_01265,India,25.57716,82.06896,505924,medium
Town_01266,India,24.76721,84.67635,22196,small
Town_01267,India,18.18833,79.43737,758851,medium
Town_01268,India,22.82092,76.13667,961350,medium
Town_01269,India,21.61342,95.70907,179400,medium
Town_01270,India,13.31157,69.75457,39253,small
Town_01271,India,16.55592,74.46858,35990,small
Town_01272,India,28.16903,89.24405,38863,small
Town_01273,India,23.14959,95.1975,5985012,large
Town_01274,India,19.93593,73.69153,70562,small
Town_01275,India,19.61117,86.57222,43524,small
Town_01276,India,24.41728,96.81534,2877231,large
Town_01277,India,12.41237,69.15086,828172,medium
Town_01278,India,25.3278,71.31391,289712,medium
Town_01279,India,13.42991,78.55859,45956,small
Town_01280,India,17.91764,96.88076,71235,small
Town_01281,India,19.24796,81.16161,23207,small
Town_01282,India,35.35957,88.82321,288637,medium
Town_01283,India,32.55252,91.41406,27724,small
Town_01284,India,20.25209,86.35506,77616,small
Town_01285,India,23.05153,94.08995,15730150,large
Town_01286,India,32.23781,85.7298,515163,medium
Town_01287,India,22.06226,72.35024,5780503,large
Town_01288,India,21.66086,88.30651,777523,medium
Town_01289,India,8.12654,91.66079,87480,small
Town_01290,India,33.81439,92.91178,839842,medium
Town_01291,India,26.40621,84.81148,73580,small
Town_01292,India,17.17836,82.147,41137,small
Town_01293,India,16.6995,79.10967,321206,medium
Town_01294,India,29.78568,91.24991,96007,small
Town_01295,India,26.92026,77.38906,54378,small
Town_01296,India,30.02921,77.93614,91568,small
Town_01297,India,21.44041,76.11579,30875,small
Town_01298,India,21.53111,92.44499,15364312,large
Town_01299,India,28.92891,84.91316,96876,small
Town_01300,India,21.95902,88.79794,5482933,large
Town_01301,India,10.82979,76.16076,556515,medium
Town_01302,India,20.14944,89.4281,865801,medium
Town_01303,India,20.34492,78.86641,11043173,large
Town_01304,India,13.89882,87.30234,488510,medium
Town_01305,India,13.65655,82.98341,89078,small
Town_01306,India,19.73584,84.86683,56389,small
Town_01307,India,20.54594,93.47578,81967,small
Town_01308,India,34.35328,69.36675,58688,small
Town_01309,India,9.472,97.15442,37190,small
Town_01310,India,17.66964,93.11409,54041,small
Town_01311,India,30.41057,68.98118,31388,small
Town_01312,India,10.24919,91.33692,48234,small
Town_01313,India,20.77532,81.83635,58141,small
Town_01314,India,17.43871,95.51714,243263,medium
Town_01315,India,25.74328,90.35566,85555,small
Town_01316,India,15.15762,72.8452,49245,small
Town_01317,India,21.03204,91.18289,163888,medium
Town_01318,India,14.08179,94.73988,28268,small
Town_01319,India,25.34746,83.72227,78136,small
Town_01320,India,13.83666,80.28163,60993,small
Town_01321,India,26.75487,89.96942,585830,medium
Town_01322,India,21.22396,83.63566,371371,medium
Town_01323,India,12.41369,88.17425,73102,small
Town_01324,India,32.45956,94.99054,81547,small
Town_01325,India,21.56192,75.90144,680947,medium
Town_01326,India,21.68082,96.73629,459456,medium
Town_01327,India,32.36715,78.8465,38394,small
Town_01328,India,21.71345,76.33707,705816,medium
Town_01329,India,23.05574,77.25873,7864332,large
Town_01330,India,20.60329,96.22468,68427,small
Town_01331,India,23.48311,95.97277,67490,small
Town_01332,India,21.2196,95.42195,797197,medium
Town_01333,India,26.42191,78.63019,59358,small
Town_01334,India,16.05956,88.93799,96881,small
Town_01335,India,9.77041,68.29031,46970,small
Town_01336,India,22.16022,87.54615,51097,small
Town_01337,India,26.39925,88.18496,45318,small
Town_01338,India,26.65087,89.03923,2652244,large
Town_01339,India,34.81029,70.58275,696088,medium
Town_01340,India,27.06118,83.19765,844617,medium
Town_01341,India,24.21139,92.3181,7802461,large
Town_01342,India,35.17492,94.73174,320799,medium
Town_01343,India,33.63198,75.88984,87575,small
Town_01344,India,34.30086,87.90725,831306,medium
Town_01345,India,8.73942,85.59856,75634,small
Town_01346,India,11.03881,90.01435,255107,medium
Town_01347,India,19.7649,93.68909,1914378,large
Town_01348,India,35.33333,97.31065,70489,small
Town_01349,India,12.43094,89.41898,67054,small
Town_01350,India,33.2756,78.91696,41308,small
Town_01351,India,12.34955,72.40629,36356,small
Town_01352,India,12.40098,82.83268,93461,small
Town_01353,India,21.65589,81.66819,27614,small
Town_01354,India,14.49489,72.14405,20753,small
Town_01355,India,14.65259,92.30723,197080,medium
Town_01356,India,30.95788,85.37478,82438,small
Town_01357,India,29.04057,74.55843,26415,small
Town_01358,India,20.44721,82.8412,99172,small
Town_01359,India,33.4409,73.84734,911577,medium
Town_01360,India,17.11998,70.62102,75520,small
Town_01361,India,28.74882,70.18856,78576,small
Town_01362,India,14.72055,72.56359,440044,medium
Town_01363,India,33.61666,71.13182,41753,small
Town_01364,India,24.14395,82.684,40523,small
Town_01365,India,30.51541,91.31038,141550,medium
Town_01366,India,17.22198,71.02254,45068,small
Town_01367,India,22.04258,72.95878,76793,small
Town_01368,India,15.12138,81.38903,589769,medium
Town_01369,India,8.09816,74.57039,308021,medium
Town_01370,India,19.21868,83.81699,482024,medium
Town_01371,India,17.21164,75.85333,49175,small
Town_01372,India,9.04229,80.28905,29057,small
Town_01373,India,12.28261,70.07846,54489,small
Town_01374,India,33.2986,70.94646,84021,small
Town_01375,India,14.95729,70.92632,93756,small
Town_01376,India,30.24125,76.6123,82064,small
Town_01377,India,11.49025,69.97981,23296,small
Town_01378,India,27.18035,85.05517,25927,small
Town_01379,India,29.70955,91.31719,11805865,large
Town_01380,India,14.60067,74.51941,55160,small
Town_01381,India,17.5693,88.5165,846812,medium
Town_01382,India,30.7561,72.77311,43547,small
Town_01383,India,8.09898,70.69822,50827,small
Town_01384,India,25.51013,72.58361,35333,small
Town_01385,India,11.16813,79.22736,20474,small
Town_01386,India,12.20762,93.78609,11268784,large
Town_01387,India,35.39969,77.39024,93274,small
Town_01388,India,31.79054,85.35269,94167,small
Town_01389,India,22.66253,77.17918,862779,medium
Town_01390,India,17.2782,79.02416,97076,small
Town_01391,India,35.21934,86.27608,36867,small
Town_01392,India,21.85697,80.35404,44305,small
Town_01393,India,9.19922,76.64811,758904,medium
Town_01394,India,27.3512,91.04034,52632,small
Town_01395,India,27.37021,93.7143,91308,small
Town_01396,India,15.98591,79.85981,53658,small
Town_01397,India,21.27083,89.56783,573988,medium
Town_01398,India,31.70896,88.9229,31298,small
Town_01399,India,28.7546,89.63434,345162,medium
Town_01400,India,35.04148,80.74912,53529,small
Town_01401,India,25.469,88.45825,163827,medium
Town_01402,India,17.39855,80.08406,99736,small
Town_01403,India,22.43129,87.77102,50055,small
Town_01404,India,17.36097,81.93079,44382,small
Town_01405,India,21.41072,78.89326,610869,medium
Town_01406,India,9.18876,71.86863,540535,medium
Town_01407,India,31.86063,80.95791,61162,small
Town_01408,India,12.23263,86.9209,66166,small
Town_01409,India,15.72564,95.20119,63450,small
Town_01410,India,9.00927,73.1054,15228208,large
Town_01411,India,13.2883,90.7957,225134,medium
Town_01412,India,11.06257,76.01259,98023,small
Town_01413,India,35.18029,97.11064,294877,medium
Town_01414,India,18.43028,68.32681,898226,medium
Town_01415,India,16.8293,71.73882,7322350,large
Town_01416,India,13.68851,85.09256,50373,small
Town_01417,India,16.07933,73.90561,51549,small
Town_01418,India,14.41686,85.28686,62205,small
Town_01419,India,11.33528,84.86303,98899,small
Town_01420,India,10.47519,81.57646,561906,medium
Town_01421,India,16.56149,80.2851,339330,medium
Town_01422,India,11.19009,97.09848,998190,medium
Town_01423,India,19.61547,77.83866,764460,medium
Town_01424,India,9.04398,91.49379,55282,small
Town_01425,India,20.90809,89.06358,21784,small
Town_01426,India,9.49542,79.21935,755295,medium
Town_01427,India,12.81772,85.67622,70755,small
Town_01428,India,12.39461,96.20712,77727,small
Town_01429,India,33.81803,93.90022,322830,medium
Town_01430,India,27.06182,69.99058,44093,small
Town_01431,India,18.14555,80.76137,57917,small
Town_01432,India,33.27571,78.26148,847721,medium
Town_01433,India,12.65373,83.06273,68734,small
Town_01434,India,15.98176,83.96138,506360,medium
Town_01435,India,17.8388,77.89663,93839,small
Town_01436,India,15.53403,90.46326,68415,small
Town_01437,India,31.19236,78.79809,62934,small
Town_01438,India,11.78279,87.88286,269237,medium
Town_01439,India,19.47878,96.22841,521554,medium
Town_01440,India,8.10081,97.45449,657349,medium
Town_01441,India,20.27414,79.97394,928336,medium
Town_01442,India,27.37363,72.8556,27634,small
Town_01443,India,8.79088,74.48147,72623,small
Town_01444,India,26.58171,82.66209,45890,small
Town_01445,India,22.89331,69.99037,295279,medium
Town_01446,India,15.11467,87.01463,742828,medium
Town_01447,India,29.18632,87.4304,58064,small
Town_01448,India,23.14287,71.95335,34584,small
Town_01449,India,11.70575,77.1059,91589,small
Town_01450,India,34.77241,91.23128,49122,small
Town_01451,India,26.47643,89.91802,232409,medium
Town_01452,India,28.71088,78.73845,41514,small
Town_01453,India,30.60928,87.25829,741578,medium
Town_01454,India,25.17861,85.46211,87131,small
Town_01455,India,28.02251,75.89343,43225,small
Town_01456,India,32.90707,96.0112,8709772,large
Town_01457,India,20.10076,92.49076,89826,small
Town_01458,India,14.56303,73.38294,765122,medium
Town_01459,India,17.31764,68.76803,169298,medium
Town_01460,India,33.01389,68.66281,26631,small
Town_01461,India,12.39126,76.63118,870163,medium
Town_01462,India,32.89802,93.66696,77696,small
Town_01463,India,24.58013,96.63667,20721,small
Town_01464,India,30.29407,89.59884,195931,medium
Town_01465,India,34.09673,87.50692,98730,small
Town_01466,India,31.70444,72.2334,80817,small
Town_01467,India,18.35907,91.7879,48895,small
Town_01468,India,15.73204,89.97316,52477,small
Town_01469,India,11.66313,77.01565,4186799,large
Town_01470,India,13.97494,96.14459,634614,medium
Town_01471,India,17.56841,82.29917,66784,small
Town_01472,India,19.03315,72.71852,73221,small
Town_01473,India,12.29841,90.54906,44191,small
Town_01474,India,20.97549,82.95086,45933,small
Town_01475,India,25.97638,75.3377,32366,small
Town_01476,India,15.25136,78.28366,395593,medium
Town_01477,India,18.36421,85.07007,558619,medium
Town_01478,India,30.20579,93.73353,931648,medium
Town_01479,India,30.84462,84.28828,36442,small
Town_01480,India,27.26889,73.01281,32535,small
Town_01481,India,29.62503,88.00554,77236,small
Town_01482,India,30.94696,89.0462,33201,small
Town_01483,India,12.29364,73.08293,61649,small
Town_01484,India,14.08272,93.56346,256146,medium
Town_01485,India,10.74338,89.29651,41135,small
Town_01486,India,21.06373,83.86267,86021,small
Town_01487,India,21.36892,70.9242,46114,small
Town_01488,India,20.21843,94.24127,33358,small
Town_01489,India,22.79238,74.41983,60160,small
Town_01490,India,25.33655,85.53749,42538,small
Town_01491,India,25.82608,78.96364,28550,small
Town_01492,India,34.97497,72.64996,364732,medium
Town_01493,India,23.14379,89.62548,979670,medium
Town_01494,India,23.745,94.47978,315824,medium
Town_01495,India,10.31177,75.45398,17420089,large
Town_01496,India,13.01573,68.00536,49252,small
Town_01497,India,18.21752,91.26044,34952,small
Town_01498,India,28.7448,93.46906,886100,medium
Town_01499,India,10.97385,88.56625,49553,small
Town_01500,India,13.74785,69.08169,73968,small
Town_01501,India,25.91288,83.73833,538219,medium
Town_01502,India,9.99888,95.96297,77762,small
Town_01503,India,26.61151,85.25384,82388,small
Town_01504,India,15.54901,92.42477,73438,small
Town_01505,India,13.80516,69.44853,702745,medium
Town_01506,India,32.81674,97.3601,35518,small
Town_01507,India,10.19593,78.88386,21166,small
Town_01508,India,8.36531,86.49766,45248,small
Town_01509,India,20.92467,71.86363,847322,medium
Town_01510,India,25.47754,95.53678,512178,medium
Town_01511,India,26.0606,87.4051,15818445,large
Town_01512,India,27.80471,83.33569,171184,medium
Town_01513,India,11.52468,87.77529,929070,medium
Town_01514,India,16.12092,91.46733,41283,small
Town_01515,India,11.17831,89.56843,11032930,large
Town_01516,India,8.69181,89.35932,288412,medium
Town_01517,India,24.94464,86.78215,36037,small
Town_01518,India,11.23927,81.68728,78186,small
Town_01519,India,18.53509,80.84197,309579,medium
Town_01520,India,16.84872,87.06447,71535,small
Town_01521,India,22.27485,84.40714,96846,small
Town_01522,India,9.16033,81.24434,46611,small
Town_01523,India,12.21913,79.49787,67369,small
Town_01524,India,12.19779,83.31787,55756,small
Town_01525,India,32.67793,75.02259,74556,small
Town_01526,India,10.24767,86.10977,59686,small
Town_01527,India,33.05026,80.97531,33413,small
Town_01528,India,33.41366,71.22093,850631,medium
Town_01529,India,30.49059,91.91305,937243,medium
Town_01530,India,21.01759,68.46621,333258,medium
Town_01531,India,25.55359,92.0457,99215,small
Town_01532,India,22.23565,72.04001,74639,small
Town_01533,India,20.13021,85.28623,149187,medium
Town_01534,India,23.49033,96.80531,73506,small
Town_01535,India,16.3961,69.72284,548670,medium
Town_01536,India,9.76028,88.46004,56413,small
Town_01537,India,26.63477,76.53736,22803,small
Town_01538,India,15.74504,85.27751,388164,medium
Town_01539,India,25.5574,83.01978,17634772,large
Town_01540,India,17.36152,78.87798,972955,medium
Town_01541,India,21.85674,89.22544,532266,medium
Town_01542,India,33.12837,83.13544,98422,small
Town_01543,India,32.54519,97.21142,53709,small
Town_01544,India,34.01865,93.26428,37683,small
Town_01545,India,35.43166,87.10645,93142,small
Town_01546,India,8.41877,75.59181,67233,small
Town_01547,India,15.12561,86.17818,585022,medium
Town_01548,India,12.78489,87.19464,939981,medium
Town_01549,India,10.87346,82.03139,74999,small
Town_01550,India,9.18595,73.63752,71254,small
Town_01551,India,26.84179,73.77289,93631,small
Town_01552,India,28.36193,87.18133,94650,small
Town_01553,India,18.99506,79.67374,247709,medium
Town_01554,India,34.53383,90.93389,81024,small
Town_01555,India,9.00736,70.40704,29974,small
Town_01556,India,27.66173,95.68803,55083,small
Town_01557,India,32.53305,81.54663,730579,medium
Town_01558,India,18.1324,91.56715,91551,small
Town_01559,India,26.41032,73.02385,695583,medium
Town_01560,India,22.57752,82.11314,88762,small
Town_01561,India,12.25641,89.15276,989092,medium
Town_01562,India,30.33823,96.62426,186129,medium
Town_01563,India,15.35623,79.64728,15614374,large
Town_01564,India,14.04793,81.75702,69173,small
Town_01565,India,29.62488,70.77076,72843,small
Town_01566,India,14.95723,68.71661,15076470,large
Town_01567,India,24.00503,82.86925,400665,medium
Town_01568,India,13.85562,69.72544,24175,small
Town_01569,India,32.38394,71.67591,22756,small
Town_01570,India,25.28841,85.30569,83591,small
Town_01571,India,23.11913,91.97926,666011,medium
Town_01572,India,20.72819,78.19877,194359,medium
Town_01573,India,27.47827,84.90691,64021,small
Town_01574,India,24.47763,95.19627,94285,small
Town_01575,India,26.77946,69.39854,86432,small
Town_01576,India,10.80822,77.83193,54105,small
Town_01577,India,26.21899,95.65096,78385,small
Town_01578,India,20.36057,81.77924,34391,small
Town_01579,India,26.93844,73.17021,878990,medium
Town_01580,India,26.80136,94.33047,242335,medium
Town_01581,India,13.74997,87.6899,449499,medium
Town_01582,India,35.40949,81.14592,42732,small
Town_01583,India,30.37348,69.70696,28816,small
Town_01584,India,20.44509,68.52605,74009,small
Town_01585,India,21.8651,70.54213,244982,medium
Town_01586,India,29.44368,85.29547,419647,medium
Town_01587,India,25.33603,80.26438,17957177,large
Town_01588,India,8.25669,69.10025,76513,small
Town_01589,India,13.5706,77.90185,4146504,large
Town_01590,India,31.16264,93.17037,84209,small
Town_01591,India,27.18713,96.49999,96791,small
Town_01592,India,18.40919,77.31056,54295,small
Town_01593,India,19.25757,96.28282,89074,small
Town_01594,India,18.32812,82.51346,33392,small
Town_01595,India,21.69598,80.75128,23261,small
Town_01596,India,11.18439,85.67482,59866,small
Town_01597,India,9.25855,93.91553,56248,small
Town_01598,India,26.38047,68.08249,52441,small
Town_01599,India,17.66263,81.8217,759186,medium
Town_01600,India,28.93416,86.18725,669402,medium
Town_01601,India,14.45846,92.3614,693532,medium
Town_01602,India,29.97173,87.46594,92386,small
Town_01603,India,25.44863,85.11854,869307,medium
Town_01604,India,21.14531,86.7105,57947,small
Town_01605,India,34.04107,68.41068,835257,medium
Town_01606,India,9.64044,91.3135,6527186,large
Town_01607,India,30.00879,75.02368,337412,medium
Town_01608,India,28.50502,89.18084,62662,small
Town_01609,India,24.89993,72.18373,33236,small
Town_01610,India,14.79806,83.22282,462880,medium
Town_01611,India,12.22248,81.22501,57866,small
Town_01612,India,33.72626,68.54915,617008,medium
Town_01613,India,9.44145,71.60433,20124,small
Town_01614,India,18.92261,84.16061,28421,small
Town_01615,India,16.97632,70.09767,418351,medium
Town_01616,India,22.89913,69.19256,80235,small
Town_01617,India,21.95072,72.22337,35825,small
Town_01618,India,13.96108,95.71738,50030,small
Town_01619,India,32.81543,69.60021,53854,small
Town_01620,India,10.68369,90.60992,88375,small
Town_01621,India,30.89398,97.05161,974433,medium
Town_01622,India,11.55826,73.46165,71456,small
Town_01623,India,26.82005,93.04064,56128,small
Town_01624,India,30.1599,85.84307,744510,medium
Town_01625,India,31.6374,94.23159,831102,medium
Town_01626,India,8.5594,93.75649,421143,medium
Town_01627,India,29.07399,77.03691,10456596,large
Town_01628,India,33.30087,88.01122,90829,small
Town_01629,India,12.38912,71.14215,288597,medium
Town_01630,India,12.45129,70.1657,31969,small
Town_01631,India,32.99429,79.83634,575760,medium
Town_01632,India,26.24886,93.77054,78928,small
Town_01633,India,11.20955,79.70804,716267,medium
Town_01634,India,29.68884,89.06996,89694,small
Town_01635,India,17.95859,93.09316,28782,small
Town_01636,India,16.0559,76.3247,48069,small
Town_01637,India,20.01049,81.10802,769502,medium
Town_01638,India,29.87448,76.95869,31742,small
Town_01639,India,33.83335,81.26465,76044,small
Town_01640,India,15.05108,75.62969,626366,medium
Town_01641,India,27.27512,86.91062,45010,small
Town_01642,India,35.24263,82.19499,980214,medium
Town_01643,India,34.51758,78.11729,93019,small
Town_01644,India,25.50523,89.84205,40448,small
Town_01645,India,16.462,83.19139,567669,medium
Town_01646,India,30.83752,76.48827,97268,small
Town_01647,India,21.14572,96.4492,366303,medium
Town_01648,India,25.60752,93.73855,23278,small
Town_01649,India,15.55243,83.81937,48002,small
Town_01650,India,19.74399,68.59531,45764,small
Town_01651,India,27.19311,88.1299,8425027,large
Town_01652,India,16.52963,73.98229,794153,medium
Town_01653,India,32.48253,95.88176,67916,small
Town_01654,India,18.70154,74.66084,220446,medium
Town_01655,India,24.03862,81.19311,74214,small
Town_01656,India,26.18178,84.82618,51438,small
Town_01657,India,33.82636,85.43376,75814,small
Town_01658,India,17.06131,79.37265,78494,small
Town_01659,India,9.02215,82.73744,27037,small
Town_01660,India,30.3633,69.66111,182505,medium
Town_01661,India,32.45368,74.97341,77885,small
Town_01662,India,32.75639,80.07545,3221143,large
Town_01663,India,12.75223,74.11013,6127627,large
Town_01664,India,33.27388,92.18868,170184,medium
Town_01665,India,11.89468,77.57877,36295,small
Town_01666,India,9.20577,82.36922,14523120,large
Town_01667,India,25.20186,76.23576,50530,small
Town_01668,India,15.34233,81.79814,899651,medium
Town_01669,India,20.46581,89.10701,946032,medium
Town_01670,India,11.69001,89.08616,93636,small
Town_01671,India,9.79148,76.95835,386754,medium
Town_01672,India,22.643,86.84258,450688,medium
Town_01673,India,18.55627,86.27385,109968,medium
Town_01674,India,20.22756,93.62314,68730,small
Town_01675,India,16.2917,74.85291,59145,small
Town_01676,India,13.73209,86.69113,82608,small
Town_01677,India,23.75827,92.05525,69623,small
Town_01678,India,10.28175,93.52955,23903,small
Town_01679,India,24.20293,88.42911,61292,small
Town_01680,India,21.69157,80.84085,98388,small
Town_01681,India,28.78027,82.4353,8318646,large
Town_01682,India,16.97009,90.93516,58289,small
Town_01683,India,26.30465,90.5432,78094,small
Town_01684,India,30.04579,86.4124,57363,small
Town_01685,India,22.71628,85.63691,45917,small
Town_01686,India,35.16698,79.74571,10958614,large
Town_01687,India,17.58315,89.52176,42669,small
Town_01688,India,19.38315,76.41951,717557,medium
Town_01689,India,12.06229,70.84477,640010,medium
Town_01690,India,19.37068,86.95083,57142,small
Town_01691,India,29.03404,88.01998,65037,small
Town_01692,India,15.01038,96.01215,21721,small
Town_01693,India,14.11201,74.76811,76395,small
Town_01694,India,15.23144,78.0951,60495,small
Town_01695,India,15.75296,83.12992,38001,small
Town_01696,India,13.83299,71.44252,225364,medium
Town_01697,India,21.97438,80.60278,15971371,large
Town_01698,India,21.71753,78.79982,25569,small
Town_01699,India,17.44686,95.08079,93631,small
Town_01700,India,12.99374,82.71568,52013,small
Town_01701,India,32.35253,85.9458,9312256,large
Town_01702,India,32.3949,68.9912,51221,small
Town_01703,India,11.59541,88.08144,85316,small
Town_01704,India,18.27037,69.70579,50228,small
Town_01705,India,19.69368,96.98417,845573,medium
Town_01706,India,17.45064,70.52267,608983,medium
Town_01707,India,12.09507,83.58325,933381,medium
Town_01708,India,25.36256,83.24833,494282,medium
Town_01709,India,11.48065,74.41522,81634,small
Town_01710,India,10.17258,82.12012,47157,small
Town_01711,India,34.33246,78.14404,84007,small
Town_01712,India,13.50793,84.10092,35384,small
Town_01713,India,26.95196,81.58318,49387,small
Town_01714,India,24.52153,70.94928,33416,small
Town_01715,India,13.23727,84.48195,67410,small
Town_01716,India,26.82833,80.11238,25682,small
Town_01717,India,16.16942,86.4481,80671,small
Town_01718,India,20.9684,91.96442,671600,medium
Town_01719,India,30.84571,73.53279,314171,medium
Town_01720,India,31.62854,87.98049,28325,small
Town_01721,India,34.30997,70.43226,25745,small
Town_01722,India,24.66301,68.46591,77480,small
Town_01723,India,33.8819,87.48945,130640,medium
Town_01724,India,19.28856,84.68509,55501,small
Town_01725,India,11.75877,97.34716,47511,small
Town_01726,India,14.68572,68.82287,96418,small
Town_01727,India,15.41506,82.3583,103438,medium
Town_01728,India,19.95551,88.57311,33681,small
Town_01729,India,21.70597,85.2425,25539,small
Town_01730,India,19.14305,72.01295,42931,small
Town_01731,India,11.99304,83.111,37230,small
Town_01732,India,21.8482,95.46894,189133,medium
Town_01733,India,14.57806,81.5633,94692,small
Town_01734,India,10.6938,93.1016,44003,small
Town_01735,India,35.19495,74.34838,12022339,large
Town_01736,India,14.36156,74.74116,7083063,large
Town_01737,India,8.95252,95.16436,47649,small
Town_01738,India,28.86024,76.89784,47008,small
Town_01739,India,11.93908,88.09939,81634,small
Town_01740,India,12.61344,78.15049,63795,small
Town_01741,India,34.893,71.4903,211807,medium
Town_01742,India,11.22596,90.05693,645354,medium
Town_01743,India,29.43706,83.22056,26238,small
Town_01744,India,26.03998,85.36911,75189,small
Town_01745,India,23.74603,71.80495,75224,small
Town_01746,India,9.84086,75.08467,87805,small
Town_01747,India,18.75613,80.5919,738709,medium
Town_01748,India,10.48421,68.49943,71801,small
Town_01749,India,21.63289,73.16237,138697,medium
Town_01750,India,14.57751,68.45294,57475,small
Town_01751,India,31.92991,87.87029,50827,small
Town_01752,India,31.00275,75.11136,832100,medium
Town_01753,India,32.05881,94.64423,35297,small
Town_01754,India,14.42206,91.54879,67897,small
Town_01755,India,11.14514,85.51544,80192,small
Town_01756,India,33.16107,96.55939,48276,small
Town_01757,India,9.88652,91.86397,82060,small
Town_01758,India,29.67523,95.63082,37086,small
Town_01759,India,10.74134,85.36289,52712,small
Town_01760,India,21.84263,89.18413,97009,small
Town_01761,India,14.29572,78.1072,62564,small
Town_01762,India,10.48296,86.05226,87883,small
Town_01763,India,17.09271,95.86451,62920,small
Town_01764,India,31.98163,68.55833,753567,medium
Town_01765,India,12.81774,82.75676,78711,small
Town_01766,India,11.41609,84.53419,420968,medium
Town_01767,India,22.73467,72.3908,55056,small
Town_01768,India,15.00324,85.28381,920302,medium
Town_01769,India,27.95862,76.64886,47878,small
Town_01770,India,32.97403,72.87974,238092,medium
Town_01771,India,32.10132,89.39265,958395,medium
Town_01772,India,28.89036,79.91193,71961,small
Town_01773,India,12.25614,78.77071,9410347,large
Town_01774,India,12.84842,95.03223,316923,medium
Town_01775,India,18.48645,76.01068,477037,medium
Town_01776,India,35.45995,92.15808,98283,small
Town_01777,India,13.68893,73.22392,814614,medium
Town_01778,India,29.17125,75.82289,76771,small
Town_01779,India,13.12746,96.37802,4660120,large
Town_01780,India,30.6286,84.22557,360648,medium
Town_01781,India,35.10773,92.33024,27132,small
Town_01782,India,27.19806,94.10529,34879,small
Town_01783,India,23.74799,68.67404,89247,small
Town_01784,India,10.14868,86.55976,45257,small
Town_01785,India,14.6589,96.96066,64726,small
Town_01786,India,20.49561,93.03315,988851,medium
Town_01787,India,29.09297,79.73009,92485,small
Town_01788,India,16.16968,70.97287,944842,medium
Town_01789,India,31.43556,85.85798,62461,small
Town_01790,India,15.75773,76.03796,2456007,large
Town_01791,India,10.334,79.26506,77148,small
Town_01792,India,17.34194,75.93896,87653,small
Town_01793,India,22.04283,73.29893,34528,small
Town_01794,India,23.20196,68.90502,639079,medium
Town_01795,India,21.09982,84.3316,96051,small
Town_01796,India,20.87881,69.2374,22419,small
Town_01797,India,25.8816,92.68211,3013663,large
Town_01798,India,29.50252,71.80032,992427,medium
Town_01799,India,31.8465,96.48155,40697,small
Town_01800,India,29.8361,80.05241,791012,medium
Town_01801,India,16.11879,73.18205,78370,small
Town_01802,India,19.06857,71.74358,678201,medium
Town_01803,India,16.91178,75.08362,926952,medium
Town_01804,India,10.41562,77.72899,32408,small
Town_01805,India,29.04501,83.80455,95041,small
Town_01806,India,31.86302,84.73857,39916,small
Town_01807,India,32.06597,77.4999,90544,small
Town_01808,India,10.69215,73.3131,75246,small
Town_01809,India,29.89321,93.99065,252517,medium
Town_01810,India,28.57745,76.0666,464307,medium
Town_01811,India,17.44087,72.53307,80376,small
Town_01812,India,25.94577,69.2894,843439,medium
Town_01813,India,22.11428,89.99488,66300,small
Town_01814,India,27.55873,83.65365,66673,small
Town_01815,India,28.90232,84.38073,387053,medium
Town_01816,India,11.79423,70.07438,31102,small
Town_01817,India,27.07935,87.37792,25274,small
Town_01818,India,30.27472,83.60331,90715,small
Town_01819,India,12.96628,94.94904,37476,small
Town_01820,India,33.29547,71.03576,805181,medium
Town_01821,India,20.15757,86.38374,20155,small
Town_01822,India,33.59362,69.52526,8949229,large
Town_01823,India,28.73723,95.38639,907774,medium
Town_01824,India,12.10249,93.1324,95518,small
Town_01825,India,18.94422,82.12834,977246,medium
Town_01826,India,29.52183,88.07201,867376,medium
Town_01827,India,29.54828,95.26422,15635580,large
Town_01828,India,32.24304,88.19713,93758,small
Town_01829,India,24.48682,87.50246,782750,medium
Town_01830,India,8.19835,94.46909,84146,small
Town_01831,India,23.17716,84.23283,17041829,large
Town_01832,India,27.63251,92.2898,128842,medium
Town_01833,India,25.83719,69.33634,180050,medium
Town_01834,India,10.43246,79.8067,786711,medium
Town_01835,India,20.30945,70.30595,93223,small
Town_01836,India,33.62365,85.11154,90698,small
Town_01837,India,17.53701,96.77688,48487,small
Town_01838,India,30.71457,70.22058,462360,medium
Town_01839,India,27.58742,83.99661,47339,small
Town_01840,India,34.36496,74.53811,124534,medium
Town_01841,India,19.03609,76.4494,15043233,large
Town_01842,India,16.26615,87.87613,98296,small
Town_01843,India,28.00722,90.43312,42266,small
Town_01844,India,20.95543,81.68425,142037,medium
Town_01845,India,10.68219,95.94505,767227,medium
Town_01846,India,31.65058,93.9307,84010,small
Town_01847,India,31.86477,74.814,740849,medium
Town_01848,India,35.07692,71.2819,12854438,large
Town_01849,India,33.16256,79.42718,64309,small
Town_01850,India,17.08222,89.16855,38635,small
Town_01851,India,12.83557,96.48792,28263,small
Town_01852,India,20.69738,96.99907,330400,medium
Town_01853,India,33.75676,71.06464,528987,medium
Town_01854,India,22.70899,96.22995,126788,medium
Town_01855,India,10.06346,83.73317,67264,small
Town_01856,India,10.00441,84.39558,70132,small
Town_01857,India,32.11862,75.57371,22409,small
Town_01858,India,17.52313,68.72332,117077,medium
Town_01859,India,18.09837,85.16305,842809,medium
Town_01860,India,22.55043,81.52931,64341,small
Town_01861,India,9.96633,88.5478,250552,medium
Town_01862,India,34.34682,89.8929,80138,small
Town_01863,India,20.35724,74.96518,850185,medium
Town_01864,India,22.6445,76.10999,82166,small
Town_01865,India,26.41871,92.86622,93257,small
Town_01866,India,23.78523,92.16223,1825660,large
Town_01867,India,22.92078,93.28345,15742688,large
Town_01868,India,17.44892,80.04443,58784,small
Town_01869,India,19.79835,68.08606,5424424,large
Town_01870,India,11.52024,81.06505,42871,small
Town_01871,India,27.65053,97.04284,13230859,large
Town_01872,India,16.79956,69.7777,353387,medium
Town_01873,India,24.16909,96.92927,178687,medium
Town_01874,India,25.5845,74.77154,203602,medium
Town_01875,India,20.07783,97.08917,431201,medium
Town_01876,India,35.35985,95.56798,81733,small
Town_01877,India,27.2579,77.55869,44165,small
Town_01878,India,22.72043,88.0453,17577192,large
Town_01879,India,10.89114,90.01406,68544,small
Town_01880,India,31.45404,70.47677,74034,small
Town_01881,India,20.99746,81.93887,99872,small
Town_01882,India,31.78492,82.63502,57725,small
Town_01883,India,23.12012,94.44606,92978,small
Town_01884,India,12.39346,78.98762,51038,small
Town_01885,India,14.81428,88.36553,71315,small
Town_01886,India,21.84796,82.59004,38751,small
Town_01887,India,13.59225,78.19294,28552,small
Town_01888,India,9.95457,71.4762,584755,medium
Town_01889,India,25.34064,95.42975,20197,small
Town_01890,India,19.08785,85.09965,44631,small
Town_01891,India,8.74338,83.51645,46513,small
Town_01892,India,28.78104,78.15131,319647,medium
Town_01893,India,17.83965,86.28884,54472,small
Town_01894,India,13.55116,94.6281,62037,small
Town_01895,India,28.46656,92.94059,11034243,large
Town_01896,India,8.37788,88.86448,23216,small
Town_01897,India,29.43039,79.5214,75199,small
Town_01898,India,28.5179,78.50922,22168,small
Town_01899,India,33.24313,89.70426,38552,small
Town_01900,India,24.16649,72.65193,80870,small
Town_01901,India,16.59997,75.87944,89737,small
Town_01902,India,20.87706,76.47924,22363,small
Town_01903,India,9.85929,96.85273,20555,small
Town_01904,India,22.41727,93.2765,82857,small
Town_01905,India,30.25884,91.28647,35837,small
Town_01906,India,15.39435,79.48903,89647,small
Town_01907,India,30.8033,83.22615,998592,medium
Town_01908,India,14.09442,88.24514,88031,small
Town_01909,India,19.41267,90.74857,96153,small
Town_01910,India,12.5472,83.619,21043,small
Town_01911,India,10.25746,90.14283,440371,medium
Town_01912,India,35.44011,79.54674,65323,small
Town_01913,India,19.95989,71.77872,85028,small
Town_01914,India,13.4777,76.96929,7794742,large
Town_01915,India,17.25556,80.19636,50443,small
Town_01916,India,16.50491,93.02351,95136,small
Town_01917,India,14.31497,95.49684,195708,medium
Town_01918,India,10.67042,77.18415,151099,medium
Town_01919,India,31.75756,70.5827,24202,small
Town_01920,India,13.6628,89.29925,89371,small
Town_01921,India,14.25437,84.65607,382040,medium
Town_01922,India,17.49916,86.93913,579469,medium
Town_01923,India,33.64837,73.07593,634072,medium
Town_01924,India,20.82572,93.25612,338475,medium
Town_01925,India,21.24909,94.83339,96006,small
Town_01926,India,24.09167,91.16763,100643,medium
Town_01927,India,28.17961,83.99423,29635,small
Town_01928,India,11.0766,74.55729,37175,small
Town_01929,India,31.2458,72.74928,668543,medium
Town_01930,India,15.12025,79.2743,102590,medium
Town_01931,India,30.3967,88.22647,37673,small
Town_01932,India,19.39851,78.61606,120084,medium
Town_01933,India,21.89397,77.10456,20371,small
Town_01934,India,25.88519,70.36719,46912,small
Town_01935,India,30.89784,82.28288,625402,medium
Town_01936,India,20.47155,97.15776,7181146,large
Town_01937,India,25.00163,87.86892,69538,small
Town_01938,India,22.58789,87.40794,701806,medium
Town_01939,India,31.78284,94.69997,4876221,large
Town_01940,India,12.72529,78.21452,958847,medium
Town_01941,India,33.65683,96.84592,306861,medium
Town_01942,India,15.15213,84.938,50627,small
Town_01943,India,14.95988,80.1224,89500,small
Town_01944,India,13.06853,72.01212,771345,medium
Town_01945,India,26.20289,72.19131,47493,small
Town_01946,India,21.57428,96.10626,293844,medium
Town_01947,India,12.04131,70.27142,434813,medium
Town_01948,India,26.04378,70.58766,720309,medium
Town_01949,India,33.55343,68.52579,95309,small
Town_01950,India,23.56421,85.73494,13412898,large
Town_01951,India,14.60967,85.38287,64572,small
Town_01952,India,18.28943,89.54804,93449,small
Town_01953,India,22.85649,92.76968,90603,small
Town_01954,India,33.01843,91.62967,25876,small
Town_01955,India,34.69216,90.41991,696113,medium
Town_01956,India,18.95255,94.80035,81520,small
Town_01957,India,14.08152,88.93687,75954,small
Town_01958,India,19.35617,75.91611,558314,medium
Town_01959,India,29.99841,75.78441,84948,small
Town_01960,India,27.14214,69.27046,85602,small
Town_01961,India,8.71187,81.86922,60406,small
Town_01962,India,16.21473,82.43819,6760753,large
Town_01963,India,20.08189,96.62476,56315,small
Town_01964,India,22.57811,79.46044,119301,medium
Town_01965,India,25.21483,70.5382,257590,medium
Town_01966,India,17.67334,77.42278,84647,small
Town_01967,India,24.63513,92.20394,316165,medium
Town_01968,India,32.90251,74.63383,237052,medium
Town_01969,India,34.55642,80.95701,25355,small
Town_01970,India,25.65239,85.54306,63831,small
Town_01971,India,26.97696,89.2504,710391,medium
Town_01972,India,23.52608,94.5517,536726,medium
Town_01973,India,25.68202,76.36717,68342,small
Town_01974,India,13.55322,83.23652,608030,medium
Town_01975,India,15.45062,82.36465,35148,small
Town_01976,India,34.05,81.83936,74307,small
Town_01977,India,21.902,88.35557,174285,medium
Town_01978,India,11.22472,94.25118,953740,medium
Town_01979,India,14.17082,70.31433,68297,small
Town_01980,India,15.0897,72.44487,26528,small
Town_01981,India,30.83444,88.59755,621506,medium
Town_01982,India,31.73652,72.44994,81418,small
Town_01983,India,8.16758,79.72926,50733,small
Town_01984,India,21.99657,85.98014,58194,small
Town_01985,India,24.35172,69.48517,41585,small
Town_01986,India,33.08268,87.01156,96358,small
Town_01987,India,34.22804,71.9438,8028904,large
Town_01988,India,27.74661,83.8563,974093,medium
Town_01989,India,33.59248,69.52103,586366,medium
Town_01990,India,9.89559,79.46355,53636,small
Town_01991,India,29.43739,93.76839,358663,medium
Town_01992,India,21.91948,96.5407,79088,small
Town_01993,India,12.59285,77.26315,497216,medium
Town_01994,India,29.60676,73.48821,522639,medium
Town_01995,India,8.32247,86.02482,3786825,large
Town_01996,India,19.64758,95.29989,209599,medium
Town_01997,India,14.25803,69.4065,3554066,large
Town_01998,India,29.24117,96.46324,32828,small
Town_01999,India,27.71074,69.01067,90698,small
Town_02000,India,21.98497,81.97637,62916,small
Town_02001,India,10.57795,77.66412,14434248,large
Town_02002,India,10.91846,69.54535,767494,medium
Town_02003,India,23.29177,69.38386,470472,medium
Town_02004,India,11.42074,91.36126,81957,small
Town_02005,India,34.30111,75.17842,48096,small
Town_02006,India,13.93727,71.82533,21344,small
Town_02007,India,34.34662,70.28022,701669,medium
Town_02008,India,15.26576,93.56805,931400,medium
Town_02009,India,17.24845,75.05177,20771,small
Town_02010,India,12.9884,73.76694,86461,small
Town_02011,India,22.22354,71.36058,784799,medium
Town_02012,India,9.36439,89.84397,867723,medium
Town_02013,India,29.89978,84.1215,134053,medium
Town_02014,India,23.97745,75.0395,27583,small
Town_02015,India,18.13418,80.81872,98969,small
Town_02016,India,25.56022,73.34455,62115,small
Town_02017,India,24.02426,68.3702,632261,medium
Town_02018,India,15.17927,83.74553,81245,small
Town_02019,India,33.07953,70.73443,237111,medium
Town_02020,India,22.02638,83.7097,902243,medium
Town_02021,India,30.36563,75.06988,243166,medium
Town_02022,India,31.01292,94.61047,52505,small
Town_02023,India,16.50728,85.30447,23418,small
Town_02024,India,31.54812,88.03225,562871,medium
Town_02025,India,15.23748,76.79374,340753,medium
Town_02026,India,29.63766,88.08113,33531,small
Town_02027,India,11.21874,83.22548,59658,small
Town_02028,India,25.59862,84.89656,92667,small
Town_02029,India,27.2885,80.41939,12804654,large
Town_02030,India,15.73597,81.69634,83927,small
Town_02031,India,18.81113,77.49022,31321,small
Town_02032,India,25.1478,83.02201,52736,small
Town_02033,India,28.96724,70.57492,13783308,large
Town_02034,India,24.41114,87.2467,24692,small
Town_02035,India,18.53246,83.35381,5924395,large
Town_02036,India,9.21511,71.67101,91426,small
Town_02037,India,29.32773,73.67892,31478,small
Town_02038,India,15.38803,96.33038,38857,small
Town_02039,India,13.01627,85.11917,224364,medium
Town_02040,India,9.74925,84.43857,77730,small
Town_02041,India,32.09394,71.10257,43814,small
Town_02042,India,28.71079,94.9504,26055,small
Town_02043,India,32.64447,93.07018,249353,medium
Town_02044,India,29.12241,70.22859,91162,small
Town_02045,India,18.41231,78.62383,62103,small
Town_02046,India,27.36238,73.10995,90678,small
Town_02047,India,28.08606,72.22083,53499,small
Town_02048,India,26.21246,88.93912,56118,small
Town_02049,India,33.26323,77.06032,41008,small
Town_02050,India,12.34085,82.27756,28738,small
Town_02051,India,28.97129,82.11504,11256060,large
Town_02052,India,10.92182,70.8014,914925,medium
Town_02053,India,16.81979,97.48152,76156,small
Town_02054,India,21.26388,87.60952,43987,small
Town_02055,India,10.01909,81.89251,58367,small
Town_02056,India,31.41864,84.76204,80970,small
Town_02057,India,21.54294,79.32874,22921,small
Town_02058,India,26.58112,79.28819,633564,medium
Town_02059,India,32.96698,87.28693,996690,medium
Town_02060,India,14.66006,80.94102,266007,medium
Town_02061,India,24.6362,89.87216,974765,medium
Town_02062,India,30.34483,92.60471,49232,small
Town_02063,India,14.99984,80.11522,180752,medium
Town_02064,India,29.00195,84.85911,556569,medium
Town_02065,India,22.99569,93.95339,13007459,large
Town_02066,India,9.99192,72.31473,9681426,large
Town_02067,India,31.12405,91.68358,1759412,large
Town_02068,India,33.78064,94.60619,56251,small
Town_02069,India,24.60384,73.98129,10751995,large
Town_02070,India,10.04988,82.79703,51807,small
Town_02071,India,18.00526,76.14784,26903,small
Town_02072,India,27.80226,85.73054,814708,medium
Town_02073,India,34.1542,87.06108,545913,medium
Town_02074,India,16.53518,78.90675,67825,small
Town_02075,India,32.61819,77.63402,3492929,large
Town_02076,India,21.53517,73.55845,85586,small
Town_02077,India,21.0004,96.71297,765977,medium
Town_02078,India,13.70941,77.39514,87951,small
Town_02079,India,12.32944,90.41315,37722,small
Town_02080,India,34.0521,89.14263,93103,small
Town_02081,India,12.90596,77.98188,878865,medium
Town_02082,India,29.49053,76.57503,27750,small
Town_02083,India,9.44565,81.65737,95821,small
Town_02084,India,34.1249,78.58117,996433,medium
Town_02085,India,9.90235,74.21342,91707,small
Town_02086,India,20.65456,96.23613,650939,medium
Town_02087,India,26.98755,97.48899,655302,medium
Town_02088,India,21.9339,91.56121,27743,small
Town_02089,India,19.2172,94.71659,25922,small
Town_02090,India,34.87474,84.2221,85859,small
Town_02091,India,19.59211,90.28464,74826,small
Town_02092,India,16.98782,91.64495,28024,small
Town_02093,India,34.20997,73.61653,675213,medium
Town_02094,India,33.3811,73.70426,463804,medium
Town_02095,India,26.60674,78.74821,59337,small
Town_02096,India,33.26035,74.33652,35783,small
Town_02097,India,15.72569,87.75446,63287,small
Town_02098,India,16.01647,81.46893,76240,small
Town_02099,India,19.60087,76.72593,65785,small
Town_02100,India,13.05548,73.41041,64676,small
Town_02101,India,14.43013,92.8296,43976,small
Town_02102,India,20.73773,88.66901,52939,small
Town_02103,India,10.30552,70.16007,99666,small
Town_02104,India,29.05148,84.0456,67779,small
Town_02105,India,21.07945,95.52625,177812,medium
Town_02106,India,10.43028,90.83293,68905,small
Town_02107,India,16.55259,97.29307,22731,small
Town_02108,India,13.77153,71.79312,86762,small
Town_02109,India,14.53905,79.05278,79746,small
Town_02110,India,33.97493,92.72621,5349168,large
Town_02111,India,13.27865,79.05531,382059,medium
Town_02112,India,25.03945,80.8714,39102,small
Town_02113,India,26.36006,82.55175,394710,medium
Town_02114,India,31.93515,84.95342,58530,small
Town_02115,India,30.75221,87.22674,3493783,large
Town_02116,India,13.74772,87.1071,62681,small
Town_02117,India,9.55982,72.60234,46627,small
Town_02118,India,18.35296,83.11827,150932,medium
Town_02119,India,14.38438,86.70173,3756538,large
Town_02120,India,34.96458,84.01023,639274,medium
Town_02121,India,21.00674,95.74516,684131,medium
Town_02122,India,9.02672,88.41542,70635,small
Town_02123,India,32.28015,85.09835,398213,medium
Town_02124,India,33.84744,90.79604,69601,small
Town_02125,India,33.57795,69.59263,90804,small
Town_02126,India,8.91328,89.69323,692442,medium
Town_02127,India,21.89426,79.46922,49182,small
Town_02128,India,25.97373,86.07669,77143,small
Town_02129,India,22.35845,68.38819,84069,small
Town_02130,India,31.91623,96.9686,599046,medium
Town_02131,India,10.27755,71.59979,96850,small
Town_02132,India,23.97469,74.46225,42766,small
Town_02133,India,18.73403,82.20707,15320418,large
Town_02134,India,34.13792,76.71312,72068,small
Town_02135,India,18.1503,82.7633,92764,small
Town_02136,India,24.4994,75.71527,35371,small
Town_02137,India,34.12284,77.97695,83670,small
Town_02138,India,31.09348,91.66246,71798,small
Town_02139,India,16.01884,80.75118,48373,small
Town_02140,India,8.87462,68.39508,32756,small
Town_02141,India,22.58074,71.7623,8550641,large
Town_02142,India,10.54024,79.03473,73790,small
Town_02143,India,29.71608,68.75974,869318,medium
Town_02144,India,21.95789,83.91918,73977,small
Town_02145,India,13.05839,88.99835,78041,small
Town_02146,India,33.53659,90.45351,66326,small
Town_02147,India,18.24362,86.00412,98736,small
Town_02148,India,13.04228,90.10137,82907,small
Town_02149,India,11.98026,81.84479,740361,medium
Town_02150,India,22.14046,89.43829,59604,small
Town_02151,India,30.79469,82.68412,14394181,large
Town_02152,India,14.14955,82.24907,67413,small
Town_02153,India,31.58309,90.10117,48037,small
Town_02154,India,34.46432,76.49803,41757,small
Town_02155,India,13.68438,69.88611,260387,medium
Town_02156,India,33.46209,70.66616,797961,medium
Town_02157,India,15.46944,83.07734,421262,medium
Town_02158,India,13.17299,97.45249,98326,small
Town_02159,India,11.04114,87.49741,3976985,large
Town_02160,India,30.11675,81.13787,43752,small
Town_02161,India,33.01051,85.91314,294527,medium
Town_02162,India,10.34297,89.93731,655461,medium
Town_02163,India,19.46491,76.3441,86975,small
Town_02164,India,23.39175,89.95399,56394,small
Town_02165,India,9.88226,91.80761,178822,medium
Town_02166,India,22.58884,87.67759,979072,medium
Town_02167,India,30.00929,68.33101,68070,small
Town_02168,India,33.1023,84.527,36900,small
Town_02169,India,13.52697,69.03092,41155,small
Town_02170,India,13.32289,75.78239,47869,small
Town_02171,India,17.83237,70.49075,65361,small
Town_02172,India,20.19918,71.28812,86998,small
Town_02173,India,31.19687,73.04911,50789,small
Town_02174,India,23.53704,83.543,436563,medium
Town_02175,India,11.39325,89.26712,125405,medium
Town_02176,India,16.92267,90.6456,67454,small
Town_02177,India,10.4047,92.99119,51252,small
Town_02178,India,33.40552,95.75318,96570,small
Town_02179,India,15.20319,74.63495,22092,small
Town_02180,India,12.10702,92.04279,186384,medium
Town_02181,India,17.04641,82.07072,29561,small
Town_02182,India,35.36074,72.58515,54006,small
Town_02183,India,21.42408,72.7642,67654,small
Town_02184,India,28.55151,68.10839,54947,small
Town_02185,India,23.23517,68.25732,34754,small
Town_02186,India,27.33689,96.3437,57926,small
Town_02187,India,21.97411,84.39654,42303,small
Town_02188,India,30.5155,94.09496,845949,medium
Town_02189,India,11.05568,79.77439,9576755,large
Town_02190,India,14.82853,91.65484,81034,small
Town_02191,India,18.84912,95.88192,62449,small
Town_02192,India,23.76437,89.68025,72459,small
Town_02193,India,24.99265,83.27531,54218,small
Town_02194,India,21.62627,72.66901,389237,medium
Town_02195,India,26.93527,83.04703,87962,small
Town_02196,India,8.2016,81.08831,46961,small
Town_02197,India,17.62682,69.80598,576694,medium
Town_02198,India,30.66254,68.96628,73910,small
Town_02199,India,31.87316,75.58515,68724,small
Town_02200,India,22.57375,87.61757,65325,small
Town_02201,India,26.72424,71.25649,9878368,large
Town_02202,India,19.36795,70.30344,93319,small
Town_02203,India,34.3335,88.01097,845257,medium
Town_02204,India,27.5616,92.61754,25452,small
Town_02205,India,29.6487,85.13603,64551,small
Town_02206,India,14.26761,93.49118,77479,small
Town_02207,India,23.485,71.97292,598111,medium
Town_02208,India,10.20189,84.42783,799570,medium
Town_02209,India,11.68135,94.22252,885685,medium
Town_02210,India,28.40562,93.21067,95459,small
Town_02211,India,35.28226,86.20498,731709,medium
Town_02212,India,15.14087,96.18238,541979,medium
Town_02213,India,31.46285,96.67339,35731,small
Town_02214,India,13.00521,97.21413,86355,small
Town_02215,India,34.43522,93.21371,486996,medium
Town_02216,India,29.61128,90.90916,28202,small
Town_02217,India,10.91483,93.96733,72023,small
Town_02218,India,16.96937,71.8749,78241,small
Town_02219,India,15.75903,76.10772,217984,medium
Town_02220,India,22.83137,68.82153,838628,medium
Town_02221,India,17.90729,94.67357,61931,small
Town_02222,India,35.29436,76.95903,9376802,large
Town_02223,India,13.96534,97.13184,81986,small
Town_02224,India,23.51995,90.49142,86659,small
Town_02225,India,17.08236,70.68074,208163,medium
Town_02226,India,31.96303,94.24672,98327,small
Town_02227,India,30.12178,92.88474,59301,small
Town_02228,India,11.03333,79.83024,35850,small
Town_02229,India,34.25388,74.52906,26139,small
Town_02230,India,24.08736,80.51052,58735,small
Town_02231,India,26.4914,74.82798,47782,small
Town_02232,India,18.62821,97.22013,42586,small
Town_02233,India,9.67464,94.13989,87498,small
Town_02234,India,13.71531,85.58516,92304,small
Town_02235,India,22.66037,76.19268,48006,small
Town_02236,India,20.58809,79.5463,39711,small
Town_02237,India,13.75174,82.99455,95941,small
Town_02238,India,9.69157,94.69609,79933,small
Town_02239,India,32.23172,83.21242,76191,small
Town_02240,India,11.28829,75.64241,471355,medium
Town_02241,India,13.91535,96.33018,52112,small
Town_02242,India,28.18716,78.94995,61533,small
Town_02243,India,12.38946,86.56109,69198,small
Town_02244,India,22.36582,71.2407,38921,small
Town_02245,India,21.02777,85.71183,67475,small
Town_02246,India,20.75452,89.48169,85895,small
Town_02247,India,29.07515,73.18588,107242,medium
Town_02248,India,9.54902,77.3397,82413,small
Town_02249,India,21.55781,89.03335,49561,small
Town_02250,India,14.79134,88.23325,125026,medium
Town_02251,India,30.87015,74.17881,58513,small
Town_02252,India,32.73823,75.37056,20217,small
Town_02253,India,34.58099,87.27186,26760,small
Town_02254,India,10.23191,93.54044,38984,small
Town_02255,India,25.005,87.01132,49887,small
Town_02256,India,28.54765,91.9665,43556,small
Town_02257,India,14.86493,70.18582,30633,small
Town_02258,India,13.83631,93.13426,3938671,large
Town_02259,India,15.85783,96.64048,247341,medium
Town_02260,India,10.3808,86.33529,986559,medium
Town_02261,India,29.69313,84.05026,64109,small
Town_02262,India,28.59268,69.11506,36525,small
Town_02263,India,21.94299,90.53155,392851,medium
Town_02264,India,26.94464,91.67812,34981,small
Town_02265,India,12.2587,89.40584,16651881,large
Town_02266,India,28.07299,72.68102,23143,small
Town_02267,India,13.42532,69.26505,79378,small
Town_02268,India,8.25519,92.73382,67357,small
Town_02269,India,32.18951,71.81078,87590,small
Town_02270,India,20.58763,97.27797,44656,small
Town_02271,India,23.05062,80.20947,513316,medium
Town_02272,India,8.80834,93.31623,48248,small
Town_02273,India,32.35097,81.46471,36448,small
Town_02274,India,10.35944,74.38843,13993633,large
Town_02275,India,20.44282,95.05305,85231,small
Town_02276,India,25.96162,78.20641,698102,medium
Town_02277,India,13.02599,92.95372,253061,medium
Town_02278,India,28.77876,84.80669,37552,small
Town_02279,India,30.30952,72.27202,37382,small
Town_02280,India,13.2163,70.68784,98509,small
Town_02281,India,15.00565,82.36197,72522,small
Town_02282,India,33.01487,70.63346,21736,small
Town_02283,India,34.36018,77.35057,56959,small
Town_02284,India,19.52065,87.70576,30110,small
Town_02285,India,32.70441,85.46088,91431,small
Town_02286,India,17.41902,74.16146,330234,medium
Town_02287,India,32.01601,72.21399,685631,medium
Town_02288,India,12.98635,79.25635,20019,small
Town_02289,India,10.1738,69.79673,948018,medium
Town_02290,India,13.13543,97.25309,62436,small
Town_02291,India,22.44571,68.89877,809517,medium
Town_02292,India,13.32105,69.20804,68816,small
Town_02293,India,29.92057,91.42685,30278,small
Town_02294,India,10.05427,84.26209,71480,small
Town_02295,India,11.0814,83.91762,364195,medium
Town_02296,India,27.44327,85.82192,557862,medium
Town_02297,India,16.23453,84.2953,14217227,large
Town_02298,India,10.4771,80.40971,72317,small
Town_02299,India,30.50469,84.97802,516560,medium
Town_02300,India,28.25128,79.2467,46164,small
Town_02301,India,14.70611,74.81336,42945,small
Town_02302,India,16.5032,95.40866,196155,medium
Town_02303,India,10.73891,78.33949,28818,small
Town_02304,India,33.8747,81.21226,24565,small
Town_02305,India,13.18959,87.1961,434979,medium
Town_02306,India,12.10527,70.45785,99481,small
Town_02307,India,22.41796,80.33043,65722,small
Town_02308,India,34.64229,75.46509,77710,small
Town_02309,India,34.0378,96.00981,50717,small
Town_02310,India,10.05242,76.25179,601038,medium
Town_02311,India,17.95991,93.82585,78778,small
Town_02312,India,21.54676,68.14703,46927,small
Town_02313,India,30.78209,69.26043,64440,small
Town_02314,India,15.20124,89.69769,652844,medium
Town_02315,India,17.82352,96.24224,88959,small
Town_02316,India,31.08614,78.58301,83628,small
Town_02317,India,17.20033,90.26324,64517,small
Town_02318,India,27.11374,84.19099,581417,medium
Town_02319,India,26.29291,70.67852,69839,small
Town_02320,India,27.65283,93.17831,960129,medium
Town_02321,India,24.69376,74.73529,767861,medium
Town_02322,India,16.93098,91.42296,96288,small
Town_02323,India,10.88326,90.38537,832678,medium
Town_02324,India,17.67341,83.43829,456677,medium
Town_02325,India,27.02461,73.34573,435971,medium
Town_02326,India,21.52773,82.7325,35411,small
Town_02327,India,19.51065,92.2258,35229,small
Town_02328,India,20.46792,96.19387,73204,small
Town_02329,India,23.29435,70.12433,66809,small
Town_02330,India,22.27532,72.95019,25581,small
Town_02331,India,19.99006,76.05689,285115,medium
Town_02332,India,11.81316,75.86235,64067,small
Town_02333,India,24.47549,77.70361,31522,small
Town_02334,India,16.51984,93.02017,806648,medium
Town_02335,India,23.72817,90.64791,940890,medium
Town_02336,India,9.3911,82.25144,227851,medium
Town_02337,India,20.19783,80.3736,96439,small
Town_02338,India,11.58686,76.42659,16849296,large
Town_02339,India,8.67727,72.48406,53334,small
Town_02340,India,34.8816,76.94254,87940,small
Town_02341,India,31.4078,73.84555,1157311,large
Town_02342,India,9.37165,82.34158,883417,medium
Town_02343,India,12.87816,68.71246,9460215,large
Town_02344,India,34.37808,85.09923,64288,small
Town_02345,India,17.50321,76.09617,663594,medium
Town_02346,India,33.39122,95.53439,87116,small
Town_02347,India,24.69975,90.00218,49151,small
Town_02348,India,12.17221,84.69731,592051,medium
Town_02349,India,11.42928,84.49218,375070,medium
Town_02350,India,17.36454,78.55735,92050,small
Town_02351,India,20.00906,81.31311,66850,small
Town_02352,India,17.24153,69.82269,905005,medium
Town_02353,India,27.56132,74.35298,10243790,large
Town_02354,India,29.34853,77.72988,62076,small
Town_02355,India,25.8491,89.29321,84172,small
Town_02356,India,33.07493,80.81406,496067,medium
Town_02357,India,26.07366,72.45815,33325,small
Town_02358,India,9.65344,86.611,32186,small
Town_02359,India,18.90428,93.30313,5337362,large
Town_02360,India,33.9659,75.37143,277575,medium
Town_02361,India,14.25792,83.50282,2213643,large
Town_02362,India,21.37143,85.95167,72426,small
Town_02363,India,26.03375,82.9913,38806,small
Town_02364,India,26.74692,94.99852,962250,medium
Town_02365,India,11.25803,75.90526,71229,small
Town_02366,India,9.5148,74.54265,62078,small
Town_02367,India,22.8286,84.75941,64837,small
Town_02368,India,23.72902,88.81935,414597,medium
Town_02369,India,26.74526,94.65225,651714,medium
Town_02370,India,25.55115,79.25784,57500,small
Town_02371,India,18.8459,86.2031,64969,small
Town_02372,India,34.90825,82.83913,74050,small
Town_02373,India,33.85649,75.87867,31845,small
Town_02374,India,16.003,74.05858,61583,small
Town_02375,India,8.79179,75.27246,781117,medium
Town_02376,India,12.07476,74.71994,692193,medium
Town_02377,India,16.8667,77.41709,390097,medium
Town_02378,India,25.1256,70.46683,83414,small
Town_02379,India,22.78409,77.15864,773805,medium
Town_02380,India,31.37583,74.7841,20722,small
Town_02381,India,21.64188,72.85363,85226,small
Town_02382,India,35.30187,71.26513,47975,small
Town_02383,India,25.24525,69.60648,750387,medium
Town_02384,India,15.779,76.65705,68848,small
Town_02385,India,24.2043,72.64816,483282,medium
Town_02386,India,14.18537,73.0442,57211,small
Town_02387,India,24.07512,83.57865,23430,small
Town_02388,India,8.52503,80.86115,38607,small
Town_02389,India,19.87492,78.72426,29270,small
Town_02390,India,19.56457,86.97425,740146,medium
Town_02391,India,12.16689,68.61725,274143,medium
Town_02392,India,12.16925,97.44419,3258549,large
Town_02393,India,28.35022,76.70593,414765,medium
Town_02394,India,29.85278,77.49928,4145564,large
Town_02395,India,35.45465,86.30595,444954,medium
Town_02396,India,14.11694,91.85587,929723,medium
Town_02397,India,14.07715,97.39542,77984,small
Town_02398,India,20.93852,91.8118,980474,medium
Town_02399,India,20.90333,93.22345,75322,small
Town_02400,India,27.7946,92.71158,491996,medium
Town_02401,India,27.38047,92.40363,89677,small
Town_02402,India,34.36688,73.32294,425122,medium
Town_02403,India,17.77038,68.01029,60299,small
Town_02404,India,20.57116,76.55268,21145,small
Town_02405,India,26.51034,87.85024,31969,small
Town_02406,India,12.27617,84.7448,93665,small
Town_02407,India,12.41099,80.51791,697403,medium
Town_02408,India,21.32494,89.7158,63882,small
Town_02409,India,24.07243,74.20688,69467,small
Town_02410,India,8.15798,88.50994,34040,small
Town_02411,India,18.48284,78.3635,99254,small
Town_02412,India,23.68982,90.29089,643089,medium
Town_02413,India,9.76475,94.2925,67395,small
Town_02414,India,27.88089,89.20536,75203,small
Town_02415,India,25.0139,73.74453,40427,small
Town_02416,India,27.83593,74.41919,87436,small
Town_02417,India,34.80551,91.23529,76212,small
Town_02418,India,34.96526,86.49413,43255,small
Town_02419,India,14.55289,69.2226,93801,small
Town_02420,India,25.87942,77.63999,45564,small
Town_02421,India,18.16461,91.08088,33759,small
Town_02422,India,15.70736,68.14101,88796,small
Town_02423,India,10.0892,74.58712,70586,small
Town_02424,India,21.40748,79.50692,52085,small
Town_02425,India,17.97625,80.38573,458719,medium
Town_02426,India,12.22918,74.03583,43947,small
Town_02427,India,35.20575,91.32261,92821,small
Town_02428,India,16.23883,90.55693,70058,small
Town_02429,India,32.83994,91.23789,36297,small
Town_02430,India,31.4316,86.94466,44276,small
Town_02431,India,34.88966,90.34216,56827,small
Town_02432,India,13.07771,83.98266,375287,medium
Town_02433,India,24.54853,97.11695,44916,small
Town_02434,India,28.61104,79.07887,3560551,large
Town_02435,India,23.16703,85.11149,91913,small
Town_02436,India,26.55677,80.50235,74994,small
Town_02437,India,24.94848,80.01603,73520,small
Town_02438,India,24.40098,68.28353,74023,small
Town_02439,India,35.36774,91.25822,82945,small
Town_02440,India,31.22134,77.1622,139142,medium
Town_02441,India,29.84962,76.94253,820686,medium
Town_02442,India,12.72834,76.52632,771116,medium
Town_02443,India,16.70559,91.22175,58175,small
Town_02444,India,9.20448,85.10165,37546,small
Town_02445,India,31.25796,77.44479,387503,medium
Town_02446,India,33.45601,88.37327,529408,medium
Town_02447,India,27.60928,95.49983,24535,small
Town_02448,India,33.01472,90.2192,96571,small
Town_02449,India,16.6794,82.89465,72125,small
Town_02450,India,33.53858,91.38241,93821,small
Town_02451,India,26.67982,96.43719,554187,medium
Town_02452,India,31.92469,94.59234,7302501,large
Town_02453,India,25.85535,74.50836,725092,medium
Town_02454,India,29.2651,71.40866,44579,small
Town_02455,India,14.58431,86.69976,83356,small
Town_02456,India,14.34087,76.94108,987412,medium
Town_02457,India,32.03516,91.34747,579430,medium
Town_02458,India,27.83888,89.47018,84224,small
Town_02459,India,10.51063,79.63325,986041,medium
Town_02460,India,27.12399,83.46557,44729,small
Town_02461,India,26.99133,83.16315,85390,small
Town_02462,India,28.46484,75.7516,726786,medium
Town_02463,India,28.24753,96.61893,52710,small
Town_02464,India,21.57044,78.65985,3452855,large
Town_02465,India,11.23215,70.92244,81593,small
Town_02466,India,28.6688,81.45564,33336,small
Town_02467,India,31.99715,77.47973,96923,small
Town_02468,India,10.419,93.7209,33320,small
Town_02469,India,30.51031,75.46027,91238,small
Town_02470,India,26.43948,93.12421,298010,medium
Town_02471,India,20.32143,72.68939,92936,small
Town_02472,India,24.53795,71.40149,850875,medium
Town_02473,India,33.13899,69.64906,271713,medium
Town_02474,India,26.87401,79.28324,33142,small
Town_02475,India,11.74785,73.14501,79683,small
Town_02476,India,17.35945,82.9365,53227,small
Town_02477,India,18.04802,92.24371,14449729,large
Town_02478,India,34.18062,97.46548,35115,small
Town_02479,India,28.2135,93.83891,175281,medium
Town_02480,India,33.42735,96.14271,977327,medium
Town_02481,India,28.80554,82.24804,39307,small
Town_02482,India,24.50264,84.33221,446753,medium
Town_02483,India,31.34964,80.87434,37390,small
Town_02484,India,18.44432,75.52946,7850158,large
Town_02485,India,22.12886,95.69087,319698,medium
Town_02486,India,17.6917,96.74916,76874,small
Town_02487,India,22.2459,89.94174,894719,medium
Town_02488,India,34.08435,80.41175,55403,small
Town_02489,India,24.39451,86.5709,820886,medium
Town_02490,India,29.67191,85.56344,974677,medium
Town_02491,India,29.18182,71.48422,395981,medium
Town_02492,India,33.9541,95.45081,824976,medium
Town_02493,India,11.20547,81.21785,72074,small
Town_02494,India,28.94734,73.71285,3262856,large
Town_02495,India,16.4126,92.78407,499776,medium
Town_02496,India,19.42055,97.36777,76136,small
Town_02497,India,8.57207,94.96103,92911,small
Town_02498,India,31.68857,94.31161,124541,medium
Town_02499,India,34.69837,76.84791,6188745,large
Town_02500,India,25.20071,92.23477,835914,medium
Town_02501,India,26.32663,70.78649,772479,medium
Town_02502,India,10.51213,94.53698,73461,small
Town_02503,India,21.36281,82.85607,59829,small
Town_02504,India,29.95784,93.51117,59126,small
Town_02505,India,32.29984,90.10859,25746,small
Town_02506,India,33.35936,68.94705,39732,small
Town_02507,India,25.68796,78.2362,962724,medium
Town_02508,India,18.96432,92.52405,17963950,large
Town_02509,India,22.74205,97.07413,99642,small
Town_02510,India,32.37951,84.66287,35359,small
Town_02511,India,27.73716,78.65899,79878,small
Town_02512,India,26.8794,72.87562,57635,small
Town_02513,India,21.01148,92.32147,30965,small
Town_02514,India,21.92777,80.06684,180727,medium
Town_02515,India,12.58056,81.45881,597470,medium
Town_02516,India,22.96145,77.84376,15646484,large
Town_02517,India,33.73367,71.16149,45671,small
Town_02518,India,13.46977,86.50098,44258,small
Town_02519,India,25.04319,79.69195,51945,small
Town_02520,India,30.27493,79.4888,97253,small
Town_02521,India,21.14698,83.14227,20347,small
Town_02522,India,33.57999,86.27563,58237,small
Town_02523,India,19.07676,82.54119,72094,small
Town_02524,India,28.89067,73.81234,180396,medium
Town_02525,India,15.13316,78.25285,88668,small
Town_02526,India,21.91212,93.00872,94369,small
Town_02527,India,29.82233,85.4047,83937,small
Town_02528,India,11.58396,94.52706,2858784,large
Town_02529,India,28.87097,76.13642,632390,medium
Town_02530,India,24.39458,71.49474,486742,medium
Town_02531,India,19.48893,77.98412,198577,medium
Town_02532,India,12.97136,81.61293,42871,small
Town_02533,India,11.99456,96.63788,23318,small
Town_02534,India,18.11313,85.31361,981266,medium
Town_02535,India,35.07212,93.73705,75184,small
Town_02536,India,28.77328,89.07677,39928,small
Town_02537,India,28.97642,94.8351,40836,small
Town_02538,India,28.50841,95.99498,823094,medium
Town_02539,India,12.12504,93.99502,61105,small
Town_02540,India,26.5372,93.31602,13435089,large
Town_02541,India,15.12976,77.72724,536548,medium
Town_02542,India,11.60775,73.37857,39014,small
Town_02543,India,35.38096,73.2029,17299290,large
Town_02544,India,18.88222,91.53167,31185,small
Town_02545,India,21.02238,95.75865,92622,small
Town_02546,India,31.37038,71.99764,69487,small
Town_02547,India,17.47992,82.28912,30703,small
Town_02548,India,34.53413,96.49201,610942,medium
Town_02549,India,28.97214,76.19968,648994,medium
Town_02550,India,22.79264,77.13087,725713,medium
Town_02551,India,26.43632,85.49405,70012,small
Town_02552,India,24.96265,96.40217,32951,small
Town_02553,India,27.62829,93.8493,1630765,large
Town_02554,India,17.26152,76.9253,167211,medium
Town_02555,India,19.13228,74.63063,15381199,large
Town_02556,India,13.93413,97.00181,702719,medium
Town_02557,India,15.90182,93.98978,53620,small
Town_02558,India,20.8529,73.09681,43720,small
Town_02559,India,15.83553,78.47625,51079,small
Town_02560,India,28.91048,75.76113,43972,small
Town_02561,India,9.53736,78.29491,50369,small
Town_02562,India,31.34945,81.83539,5006206,large
Town_02563,India,13.02787,93.81087,8858239,large
Town_02564,India,10.61245,84.34216,73671,small
Town_02565,India,30.34101,73.95243,27874,small
Town_02566,India,16.66711,70.18477,65799,small
Town_02567,India,18.70933,77.55329,94446,small
Town_02568,India,14.55289,76.96619,804360,medium
Town_02569,India,27.00951,94.75218,79409,small
Town_02570,India,11.01167,86.86914,827086,medium
Town_02571,India,9.94246,82.51982,88813,small
Town_02572,India,27.898,89.01322,74238,small
Town_02573,India,26.71812,78.11966,802526,medium
Town_02574,India,27.74328,82.42633,24026,small
Town_02575,India,33.87492,68.70642,60595,small
Town_02576,India,32.24718,91.80374,93410,small
Town_02577,India,8.06833,79.82654,27063,small
Town_02578,India,9.09356,72.5308,384257,medium
Town_02579,India,22.24756,90.02095,77711,small
Town_02580,India,12.70943,87.68157,30578,small
Town_02581,India,8.35117,80.48561,21342,small
Town_02582,India,15.73865,78.7515,65133,small
Town_02583,India,10.78144,84.93892,53759,small
Town_02584,India,22.88447,69.98363,870123,medium
Town_02585,India,29.36312,82.15388,13006196,large
Town_02586,India,14.02928,76.34786,33450,small
Town_02587,India,9.11283,87.11763,34776,small
Town_02588,India,13.79731,87.7161,143773,medium
Town_02589,India,22.57749,78.19938,71238,small
Town_02590,India,18.10855,74.92324,78086,small
Town_02591,India,17.2058,81.76342,865553,medium
Town_02592,India,18.09812,88.06147,668663,medium
Town_02593,India,20.24769,97.32583,86702,small
Town_02594,India,34.20169,84.71812,677782,medium
Town_02595,India,10.41653,92.20814,333487,medium
Town_02596,India,23.57783,86.24305,972179,medium
Town_02597,India,25.76102,87.09033,15567838,large
Town_02598,India,28.98281,83.5514,629172,medium
Town_02599,India,29.24048,88.02557,26386,small
Town_02600,India,18.57853,96.18319,76992,small
Town_02601,India,24.46076,76.81112,316232,medium
Town_02602,India,30.84721,85.54222,37480,small
Town_02603,India,8.58579,79.80735,737512,medium
Town_02604,India,24.97835,76.74794,72932,small
Town_02605,India,19.29279,71.39111,17001789,large
Town_02606,India,20.88192,81.02255,4459517,large
Town_02607,India,27.70729,82.14805,84226,small
Town_02608,India,16.84845,81.9602,49137,small
Town_02609,India,28.45223,76.79613,552510,medium
Town_02610,India,10.57424,76.72861,403702,medium
Town_02611,India,14.3999,92.55579,56797,small
Town_02612,India,15.57308,89.97236,23271,small
Town_02613,India,26.33562,69.58704,99163,small
Town_02614,India,22.21165,71.15863,3525480,large
Town_02615,India,17.67621,82.62783,44536,small
Town_02616,India,32.88219,70.46289,23910,small
Town_02617,India,8.28552,79.94827,37181,small
Town_02618,India,30.98172,81.61677,76176,small
Town_02619,India,17.08775,68.50109,41804,small
Town_02620,India,32.22253,69.25266,761241,medium
Town_02621,India,11.07894,96.72696,44189,small
Town_02622,India,31.63982,84.02415,198706,medium
Town_02623,India,27.20247,80.06031,77439,small
Town_02624,India,11.1981,71.16606,67427,small
Town_02625,India,17.13508,94.18036,229867,medium
Town_02626,India,29.49298,80.93776,215934,medium
Town_02627,India,13.50593,89.36516,28885,small
Town_02628,India,11.69279,69.39178,30673,small
Town_02629,India,11.84979,75.87764,27823,small
Town_02630,India,30.4992,87.33032,86522,small
Town_02631,India,14.70004,84.66853,87094,small
Town_02632,India,11.01445,78.16682,25887,small
Town_02633,India,11.84684,96.06194,59538,small
Town_02634,India,35.10276,80.87948,616680,medium
Town_02635,India,12.77859,91.46292,57631,small
Town_02636,India,14.87556,96.624,397679,medium
Town_02637,India,19.5519,86.4712,387138,medium
Town_02638,India,21.96511,78.56946,62237,small
Town_02639,India,30.63894,95.7546,40848,small
Town_02640,India,20.07532,87.69471,91708,small
Town_02641,India,30.26178,83.5652,373932,medium
Town_02642,India,22.83119,75.05549,74035,small
Town_02643,India,28.6586,77.32933,664919,medium
Town_02644,India,20.87446,96.2521,99267,small
Town_02645,India,19.87087,74.75833,74828,small
Town_02646,India,22.23313,90.42581,570475,medium
Town_02647,India,34.97874,71.1528,24524,small
Town_02648,India,25.83084,77.87838,75239,small
Town_02649,India,17.18347,89.25373,875711,medium
Town_02650,India,23.76158,88.56686,255003,medium
Town_02651,India,16.67817,81.18506,80143,small
Town_02652,India,29.15105,83.48048,22702,small
Town_02653,India,9.82837,71.70641,25337,small
Town_02654,India,28.11767,81.19462,61492,small
Town_02655,India,31.62543,80.03826,555052,medium
Town_02656,India,18.02089,74.39899,87770,small
Town_02657,India,35.2572,90.09078,90426,small
Town_02658,India,21.58505,85.13556,94452,small
Town_02659,India,26.05121,83.42341,51765,small
Town_02660,India,28.94931,74.90532,56976,small
Town_02661,India,15.69387,83.6152,22947,small
Town_02662,India,31.10544,83.44549,422182,medium
Town_02663,India,30.64089,73.40937,73883,small
Town_02664,India,9.92982,74.82262,72829,small
Town_02665,India,10.42761,76.70042,97275,small
Town_02666,India,13.06528,80.59198,415191,medium
Town_02667,India,14.50257,87.65999,680323,medium
Town_02668,India,23.06526,95.20283,48127,small
Town_02669,India,14.34319,74.21336,33621,small
Town_02670,India,27.05387,90.42544,48592,small
Town_02671,India,27.66054,91.2498,212131,medium
Town_02672,India,33.48563,97.30812,300457,medium
Town_02673,India,22.61121,73.32537,57694,small
Town_02674,India,14.52514,89.59917,8150047,large
Town_02675,India,19.2172,88.94668,601719,medium
Town_02676,India,21.27341,72.20708,439286,medium
Town_02677,India,18.07938,76.70744,68510,small
Town_02678,India,18.98358,74.5318,10223996,large
Town_02679,India,30.49468,94.9843,155020,medium
Town_02680,India,14.21073,79.80109,89548,small
Town_02681,India,18.15376,89.00841,737503,medium
Town_02682,India,20.38319,69.60989,42291,small
Town_02683,India,13.06927,91.60693,77269,small
Town_02684,India,33.35193,69.72236,61964,small
Town_02685,India,27.14831,78.93836,68240,small
Town_02686,India,31.42073,80.15294,538213,medium
Town_02687,India,19.90501,72.50144,40198,small
Town_02688,India,17.50715,75.25842,81250,small
Town_02689,India,29.38526,68.91449,91880,small
Town_02690,India,30.85524,80.44472,32305,small
Town_02691,India,12.65968,86.83342,390980,medium
Town_02692,India,32.77321,92.58867,38426,small
Town_02693,India,31.79178,73.2799,55043,small
Town_02694,India,14.73095,68.60626,92101,small
Town_02695,India,10.85968,80.29032,53082,small
Town_02696,India,12.75104,91.18764,75069,small
Town_02697,India,29.65829,82.43259,33762,small
Town_02698,India,10.29227,87.66989,583499,medium
Town_02699,India,14.79839,89.35387,66098,small
Town_02700,India,24.77088,87.33425,96079,small
Town_02701,India,9.09898,88.087,2458139,large
Town_02702,India,35.11116,79.20324,91601,small
Town_02703,India,21.63434,94.83353,438235,medium
Town_02704,India,24.72595,90.76038,707679,medium
Town_02705,India,33.56663,85.44457,92091,small
Town_02706,India,16.38,91.041,34371,small
Town_02707,India,27.61709,91.43256,87910,small
Town_02708,India,34.75819,78.2996,94155,small
Town_02709,India,19.71987,83.9555,50594,small
Town_02710,India,21.86742,80.73279,44019,small
Town_02711,India,23.56621,72.00691,49323,small
Town_02712,India,32.29206,80.17538,52309,small
Town_02713,India,24.34868,87.95724,46390,small
Town_02714,India,27.73548,78.16958,71931,small
Town_02715,India,24.22823,95.76721,707569,medium
Town_02716,India,27.03178,84.74084,614529,medium
Town_02717,India,15.02758,76.86737,834932,medium
Town_02718,India,33.03721,68.45212,32145,small
Town_02719,India,24.37522,77.95296,20179,small
Town_02720,India,11.10725,77.91044,629373,medium
Town_02721,India,10.40375,74.57995,29021,small
Town_02722,India,16.49678,96.21494,1210739,large
Town_02723,India,9.56531,85.75327,88879,small
Town_02724,India,33.12629,78.36587,35260,small
Town_02725,India,15.5452,90.76228,48012,small
Town_02726,India,35.23272,81.57003,64910,small
Town_02727,India,33.23788,80.78825,41941,small
Town_02728,India,18.21057,85.49705,283670,medium
Town_02729,India,32.64763,91.6863,59560,small
Town_02730,India,16.8,83.89222,78965,small
Town_02731,India,34.36199,96.39176,561670,medium
Town_02732,India,22.3252,87.93724,892179,medium
Town_02733,India,26.66072,76.43861,291790,medium
Town_02734,India,10.8,88.78161,72656,small
Town_02735,India,16.65174,74.35775,68301,small
Town_02736,India,22.92595,91.73358,23890,small
Town_02737,India,13.02777,80.37186,441823,medium
Town_02738,India,25.01795,83.92818,979280,medium
Town_02739,India,20.57484,72.82384,16790065,large
Town_02740,India,18.11415,84.03276,31027,small
Town_02741,India,12.62264,74.68056,91351,small
Town_02742,India,13.24938,93.50473,506742,medium
Town_02743,India,29.81891,88.63733,47822,small
Town_02744,India,24.48939,92.75313,736798,medium
Town_02745,India,18.38331,72.29879,74473,small
Town_02746,India,17.3067,87.18102,75943,small
Town_02747,India,26.56596,79.34881,66092,small
Town_02748,India,18.19764,83.24059,2340154,large
Town_02749,India,12.6802,76.32282,489962,medium
Town_02750,India,22.63888,90.8183,91978,small
Town_02751,India,23.50082,68.3419,88504,small
Town_02752,India,25.92021,85.88223,8146953,large
Town_02753,India,11.64976,70.02763,14946702,large
Town_02754,India,10.38389,95.21612,627015,medium
Town_02755,India,20.42315,86.39978,60003,small
Town_02756,India,26.6906,71.56547,54698,small
Town_02757,India,11.81928,79.43155,67781,small
Town_02758,India,8.92825,97.08799,363617,medium
Town_02759,India,26.30956,79.39006,59931,small
Town_02760,India,19.90337,88.0679,83337,small
Town_02761,India,16.76405,70.49245,105186,medium
Town_02762,India,22.5275,86.37159,266776,medium
Town_02763,India,10.7311,75.90793,96956,small
Town_02764,India,19.36715,84.43714,858415,medium
Town_02765,India,13.97629,86.18088,17867526,large
Town_02766,India,24.26128,85.96415,125868,medium
Town_02767,India,19.36931,85.99063,83694,small
Town_02768,India,19.93807,77.97252,80254,small
Town_02769,India,25.50924,84.30278,17084070,large
Town_02770,India,26.31303,82.23053,98597,small
Town_02771,India,14.45012,94.06045,782711,medium
Town_02772,India,34.80013,92.02842,59885,small
Town_02773,India,16.15348,87.03457,42597,small
Town_02774,India,19.89009,75.55261,95198,small
Town_02775,India,10.41811,97.35942,45599,small
Town_02776,India,29.03865,69.6908,139642,medium
Town_02777,India,26.56449,80.14718,99304,small
Town_02778,India,33.96768,72.06071,94065,small
Town_02779,India,33.42836,88.82912,54034,small
Town_02780,India,17.30643,83.51841,98251,small
Town_02781,India,18.80204,70.51695,841560,medium
Town_02782,India,19.59954,68.14827,375356,medium
Town_02783,India,18.71692,68.69576,657424,medium
Town_02784,India,27.40429,70.55525,513945,medium
Town_02785,India,32.50263,78.1294,6536668,large
Town_02786,India,22.60561,75.78639,2915985,large
Town_02787,India,12.93052,74.92046,48457,small
Town_02788,India,17.73685,72.69692,777878,medium
Town_02789,India,16.21787,81.86657,38887,small
Town_02790,India,8.29256,71.59514,34802,small
Town_02791,India,34.07161,79.2941,62136,small
Town_02792,India,18.67091,95.95452,86881,small
Town_02793,India,32.97649,82.43779,76470,small
Town_02794,India,11.40949,76.1841,86926,small
Town_02795,India,17.88775,88.37053,368383,medium
Town_02796,India,29.34709,70.04507,58520,small
Town_02797,India,35.43346,92.20192,77845,small
Town_02798,India,21.60204,83.11351,460514,medium
Town_02799,India,11.64991,93.89769,271567,medium
Town_02800,India,14.53614,93.79979,43600,small
Town_02801,India,29.42206,73.75485,34580,small
Town_02802,India,30.17412,74.73167,97221,small
Town_02803,India,32.57005,83.00382,91565,small
Town_02804,India,20.29596,84.84567,65323,small
Town_02805,India,14.08318,69.11487,59487,small
Town_02806,India,19.95943,90.70093,61866,small
Town_02807,India,30.22238,96.50887,16175659,large
Town_02808,India,33.71937,84.87094,96872,small
Town_02809,India,32.96252,90.1236,353041,medium
Town_02810,India,18.35337,76.05126,66877,small
Town_02811,India,16.20979,89.86254,940977,medium
Town_02812,India,22.64877,71.42268,395482,medium
Town_02813,India,35.10245,88.50584,97402,small
Town_02814,India,35.13375,93.4324,881665,medium
Town_02815,India,29.9684,92.12974,89501,small
Town_02816,India,21.88234,79.65121,50162,small
Town_02817,India,33.93943,90.05467,391975,medium
Town_02818,India,32.6566,94.96676,124615,medium
Town_02819,India,18.84376,69.55879,22440,small
Town_02820,India,15.62467,89.92967,69210,small
Town_02821,India,24.38861,75.35709,96615,small
Town_02822,India,22.97028,90.99561,47205,small
Town_02823,India,32.91811,86.42316,781347,medium
Town_02824,India,19.41997,71.00965,80728,small
Town_02825,India,25.95947,97.46642,51087,small
Town_02826,India,28.9991,80.32152,70396,small
Town_02827,India,24.03581,81.70145,287418,medium
Town_02828,India,16.58556,71.08266,574867,medium
Town_02829,India,14.94255,79.75972,77084,small
Town_02830,India,27.8297,81.53421,336226,medium
Town_02831,India,26.52379,81.6313,635324,medium
Town_02832,India,10.91163,82.05469,730976,medium
Town_02833,India,21.84179,75.65612,14574039,large
Town_02834,India,17.0264,86.09831,64893,small
Town_02835,India,30.18928,72.08949,77656,small
Town_02836,India,18.05673,83.90402,63149,small
Town_02837,India,26.40396,96.21292,77271,small
Town_02838,India,19.12392,81.17615,14287485,large
Town_02839,India,16.09817,72.93369,87387,small
Town_02840,India,22.46214,82.71953,75263,small
Town_02841,India,29.47062,96.57247,854653,medium
Town_02842,India,23.63459,88.51174,518481,medium
Town_02843,India,20.79739,75.23711,12438385,large
Town_02844,India,31.73995,76.23372,80249,small
Town_02845,India,8.23833,83.83813,56977,small
Town_02846,India,35.24312,94.83983,54319,small
Town_02847,India,17.45587,77.60984,6890825,large
Town_02848,India,18.81545,76.77104,32863,small
Town_02849,India,31.86698,83.20598,98714,small
Town_02850,India,14.20635,88.82625,586457,medium
Town_02851,India,22.32132,90.50739,467240,medium
Town_02852,India,15.50093,73.57239,69672,small
Town_02853,India,25.39889,69.34053,40522,small
Town_02854,India,34.32514,83.36392,78186,small
Town_02855,India,17.06196,92.49448,24095,small
Town_02856,India,8.1795,86.84615,808506,medium
Town_02857,India,34.06415,91.32347,66008,small
Town_02858,India,17.43325,94.78199,5980701,large
Town_02859,India,10.41633,82.73788,29414,small
Town_02860,India,35.21055,80.90739,26606,small
Town_02861,India,14.74369,90.73862,22419,small
Town_02862,India,27.79621,74.89191,38128,small
Town_02863,India,15.95331,81.30541,78976,small
Town_02864,India,18.58886,87.64951,3176836,large
Town_02865,India,31.62396,89.48664,25621,small
Town_02866,India,21.76314,87.55274,277711,medium
Town_02867,India,10.35609,70.33212,706966,medium
Town_02868,India,15.46665,76.57066,62405,small
Town_02869,India,17.14296,85.10515,754416,medium
Town_02870,India,33.691,91.68517,70424,small
Town_02871,India,23.24545,73.56327,54670,small
Town_02872,India,33.37469,74.79732,698862,medium
Town_02873,India,34.78905,81.43148,66061,small
Town_02874,India,22.09506,94.07447,27293,small
Town_02875,India,22.20156,79.42516,568925,medium
Town_02876,India,15.30273,89.20583,60644,small
Town_02877,India,14.63255,87.25437,31289,small
Town_02878,India,32.96369,70.43037,802114,medium
Town_02879,India,9.49002,85.56893,64652,small
Town_02880,India,34.46371,80.7937,99139,small
Town_02881,India,12.71391,94.59281,61613,small
Town_02882,India,29.71215,89.66987,36778,small
Town_02883,India,12.78697,74.85149,27362,small
Town_02884,India,29.06177,71.01318,55001,small
Town_02885,India,17.58748,87.83924,868267,medium
Town_02886,India,27.19876,89.13373,589702,medium
Town_02887,India,9.74016,79.16595,725450,medium
Town_02888,India,23.27087,88.04216,55278,small
Town_02889,India,12.46877,84.91095,68944,small
Town_02890,India,9.43016,89.23558,49627,small
Town_02891,India,14.2355,91.78305,5710166,large
Town_02892,India,31.6993,68.71992,786688,medium
Town_02893,India,30.52419,76.61117,96020,small
Town_02894,India,14.75829,74.77572,50833,small
Town_02895,India,11.90379,93.10964,51947,small
Town_02896,India,13.91761,73.12082,324748,medium
Town_02897,India,15.0825,83.53012,32452,small
Town_02898,India,24.36648,76.69333,858256,medium
Town_02899,India,35.29707,68.24748,38110,small
Town_02900,India,31.87362,85.24842,95419,small
Town_02901,India,35.32272,96.49004,822556,medium
Town_02902,India,25.66488,96.21774,5436090,large
Town_02903,India,34.94801,94.70902,43973,small
Town_02904,India,16.04533,83.93431,83743,small
Town_02905,India,22.69748,94.67404,872522,medium
Town_02906,India,20.8011,92.97722,878910,medium
Town_02907,India,20.73204,91.97768,489673,medium
Town_02908,India,22.87701,91.66629,773976,medium
Town_02909,India,8.42955,90.53258,51153,small
Town_02910,India,18.86004,74.48773,9269084,large
Town_02911,India,29.92614,96.49349,41127,small
Town_02912,India,27.2727,75.48547,64852,small
Town_02913,India,25.03822,78.70696,82693,small
Town_02914,India,9.85149,93.58094,42685,small
Town_02915,India,21.89192,86.73944,587885,medium
Town_02916,India,21.777,71.18452,630024,medium
Town_02917,India,14.00025,68.11381,497085,medium
Town_02918,India,24.22172,71.8114,30853,small
Town_02919,India,10.29656,95.13345,531444,medium
Town_02920,India,12.88383,76.22232,301602,medium
Town_02921,India,11.993,87.8948,78896,small
Town_02922,India,14.74511,69.93393,463698,medium
Town_02923,India,26.85513,70.29703,38444,small
Town_02924,India,32.46294,77.47935,88417,small
Town_02925,India,26.01752,89.63385,157337,medium
Town_02926,India,9.63095,95.94959,749528,medium
Town_02927,India,18.77236,72.52441,44716,small
Town_02928,India,34.25279,89.78844,38585,small
Town_02929,India,13.45568,87.76902,86543,small
Town_02930,India,31.70715,90.83461,279660,medium
Town_02931,India,8.01532,83.62593,86368,small
Town_02932,India,15.58141,79.83474,36503,small
Town_02933,India,24.98031,69.78523,22423,small
Town_02934,India,32.94444,86.06967,24552,small
Town_02935,India,28.51834,86.7208,1804836,large
Town_02936,India,10.48558,84.24906,25379,small
Town_02937,India,13.79191,81.01999,54791,small
Town_02938,India,11.58907,73.94791,881649,medium
Town_02939,India,20.39312,93.30136,473895,medium
Town_02940,India,13.30954,80.25392,720596,medium
Town_02941,India,8.63652,80.29255,140280,medium
Town_02942,India,32.5255,85.04695,56051,small
Town_02943,India,19.5697,93.75687,88091,small
Town_02944,India,27.97027,84.72883,21762,small
Town_02945,India,24.54149,96.70746,314543,medium
Town_02946,India,28.76446,81.05436,57519,small
Town_02947,India,21.28527,82.82668,354284,medium
Town_02948,India,12.43204,79.33318,38756,small
Town_02949,India,16.24886,87.57537,33736,small
Town_02950,India,27.20288,92.77181,92423,small
Town_02951,India,29.71545,90.46793,372063,medium
Town_02952,India,34.01779,69.24096,351087,medium
Town_02953,India,27.60963,94.34857,72372,small
Town_02954,India,13.39566,78.02731,36428,small
Town_02955,India,28.58563,94.13665,550756,medium
Town_02956,India,9.84407,87.97353,444915,medium
Town_02957,India,23.17366,90.81413,691907,medium
Town_02958,India,25.42397,94.9702,27896,small
Town_02959,India,22.16666,81.09149,23647,small
Town_02960,India,32.48973,87.58214,175398,medium
Town_02961,India,32.55808,80.26731,57175,small
Town_02962,India,9.33023,73.08016,55061,small
Town_02963,India,12.51048,75.43307,792919,medium
Town_02964,India,28.23985,86.98536,38335,small
Town_02965,India,31.53869,83.71307,98208,small
Town_02966,India,13.14858,70.53802,141353,medium
Town_02967,India,16.72266,76.27294,24536,small
Town_02968,India,27.90904,89.1966,587035,medium
Town_02969,India,8.81986,94.54579,76483,small
Town_02970,India,13.79173,96.14855,24166,small
Town_02971,India,9.37039,95.98162,63555,small
Town_02972,India,32.48899,85.61569,23650,small
Town_02973,India,27.65053,80.05898,45398,small
Town_02974,India,26.01118,71.80675,91184,small
Town_02975,India,29.57068,81.3247,92687,small
Town_02976,India,34.72257,73.65561,932504,medium
Town_02977,India,12.21762,94.22588,6978068,large
Town_02978,India,15.04075,89.32912,542611,medium
Town_02979,India,24.63218,71.09369,42689,small
Town_02980,India,33.00376,84.99768,96491,small
Town_02981,India,27.7204,91.82542,620706,medium
Town_02982,India,28.43917,89.47755,54128,small
Town_02983,India,26.54303,77.8247,59516,small
Town_02984,India,26.80938,74.54023,72469,small
Town_02985,India,30.07362,91.09185,223231,medium
Town_02986,India,30.6189,88.05401,56919,small
Town_02987,India,31.04803,85.56406,41164,small
Town_02988,India,16.92069,85.79673,93571,small
Town_02989,India,18.77267,76.62259,60251,small
Town_02990,India,15.39429,94.38433,45177,small
Town_02991,India,32.70141,68.28908,56142,small
Town_02992,India,14.05804,74.02451,1858993,large
Town_02993,India,23.98945,78.55218,29623,small
Town_02994,India,9.66849,69.13136,896282,medium
Town_02995,India,17.4937,88.67042,63167,small
Town_02996,India,9.07227,77.15865,52250,small
Town_02997,India,32.90314,69.13142,650323,medium
Town_02998,India,17.03144,69.43092,573217,medium
Town_02999,India,15.25589,71.45697,38132,small
Town_03000,India,23.05028,83.73823,65465,small
Town_03001,India,9.2298,76.37056,53280,small
Town_03002,India,16.24393,82.27214,61379,small
Town_03003,India,25.04323,84.23171,85887,small
Town_03004,India,17.71327,71.87138,355615,medium
Town_03005,India,27.74222,88.63321,417970,medium
Town_03006,India,29.94092,81.39941,49529,small
Town_03007,India,26.26521,71.65712,39412,small
Town_03008,India,28.41455,93.62137,83079,small
Town_03009,India,30.63403,84.97778,46540,small
Town_03010,India,16.28645,69.78917,46156,small
Town_03011,India,29.24663,78.29946,59696,small
Town_03012,India,11.38014,96.21046,197229,medium
Town_03013,India,27.38506,85.99135,625817,medium
Town_03014,India,8.39112,77.69024,42354,small
Town_03015,India,20.3793,72.50346,54543,small
Town_03016,India,14.97213,79.79221,53039,small
Town_03017,India,31.83521,95.43042,360995,medium
Town_03018,India,25.01809,79.96603,1464749,large
Town_03019,India,34.43195,84.95922,27530,small
Town_03020,India,17.98151,76.68445,314648,medium
Town_03021,India,27.70778,76.05099,365778,medium
Town_03022,India,15.81691,84.86107,49611,small
Town_03023,India,20.88752,73.35217,78566,small
Town_03024,India,33.22723,94.05376,23913,small
Town_03025,India,25.44214,88.28882,87276,small
Town_03026,India,10.99696,71.67104,80040,small
Town_03027,India,19.85869,72.9085,93192,small
Town_03028,India,19.1708,91.71754,728258,medium
Town_03029,India,8.10464,68.25145,24083,small
Town_03030,India,18.90058,86.98803,40317,small
Town_03031,India,8.06405,86.61474,89585,small
Town_03032,India,18.85597,75.58916,95448,small
Town_03033,India,27.86285,83.4145,52030,small
Town_03034,India,28.3692,96.58372,412380,medium
Town_03035,India,21.02174,77.5168,31025,small
Town_03036,India,19.97624,80.20171,46549,small
Town_03037,India,11.9284,75.36585,533634,medium
Town_03038,India,19.48538,79.29953,24627,small
Town_03039,India,30.61226,77.39137,562909,medium
Town_03040,India,21.2403,94.70263,82885,small
Town_03041,India,21.58246,68.62335,13217184,large
Town_03042,India,31.17314,77.78448,895866,medium
Town_03043,India,26.75216,75.42528,99507,small
Town_03044,India,23.23036,84.92424,87346,small
Town_03045,India,10.08501,92.51563,535763,medium
Town_03046,India,29.82222,94.17296,575912,medium
Town_03047,India,9.96317,81.98547,116645,medium
Town_03048,India,22.54173,84.69501,1023001,large
Town_03049,India,30.58025,95.31096,62036,small
Town_03050,India,34.9531,84.00028,70763,small
Town_03051,India,29.82575,71.44252,89496,small
Town_03052,India,26.20999,76.77133,771045,medium
Town_03053,India,17.93021,90.98502,660046,medium
Town_03054,India,13.82578,96.44448,89532,small
Town_03055,India,33.52098,73.99671,250001,medium
Town_03056,India,25.4357,75.06688,24681,small
Town_03057,India,14.53906,87.5571,379258,medium
Town_03058,India,19.84601,74.44577,437604,medium
Town_03059,India,10.48753,68.14305,26442,small
Town_03060,India,16.49224,73.88163,60135,small
Town_03061,India,29.92557,84.02183,88735,small
Town_03062,India,9.47738,72.61353,317997,medium
Town_03063,India,19.36026,79.49207,41718,small
Town_03064,India,13.49104,83.05734,85165,small
Town_03065,India,26.65194,85.23753,436706,medium
Town_03066,India,13.8385,69.25406,68186,small
Town_03067,India,27.51643,75.66586,727655,medium
Town_03068,India,32.52031,81.92589,77787,small
Town_03069,India,14.8238,74.6679,51033,small
Town_03070,India,8.93289,91.47437,55668,small
Town_03071,India,19.67993,96.24609,56754,small
Town_03072,India,14.16079,69.41758,5673807,large
Town_03073,India,34.33481,75.00061,55889,small
Town_03074,India,29.91158,85.6604,877876,medium
Town_03075,India,33.84133,78.39475,44346,small
Town_03076,India,30.11087,94.47622,343581,medium
Town_03077,India,28.45035,84.07546,581544,medium
Town_03078,India,31.97917,73.78813,49364,small
Town_03079,India,23.69568,91.4165,78025,small
Town_03080,India,27.76203,79.26611,86152,small
Town_03081,India,22.30479,91.8974,52902,small
Town_03082,India,18.10391,87.94632,51510,small
Town_03083,India,18.66573,79.10961,387890,medium
Town_03084,India,27.53368,68.1878,248509,medium
Town_03085,India,30.51316,75.66032,48697,small
Town_03086,India,10.18396,85.27166,76406,small
Town_03087,India,20.20774,94.23565,864927,medium
Town_03088,India,30.35222,79.25799,91973,small
Town_03089,India,33.78804,76.7169,21032,small
Town_03090,India,31.73648,95.06599,371796,medium
Town_03091,India,16.04876,72.28035,17396115,large
Town_03092,India,24.2478,72.29342,250595,medium
Town_03093,India,33.79331,69.07316,42553,small
Town_03094,India,26.36907,87.88747,98839,small
Town_03095,India,18.40754,95.86483,450836,medium
Town_03096,India,8.41361,87.28825,49104,small
Town_03097,India,9.32301,68.99692,44274,small
Town_03098,India,33.71529,85.43222,56540,small
Town_03099,India,15.91676,88.12667,81376,small
Town_03100,India,28.48014,84.70516,89689,small
Town_03101,India,26.89092,95.35681,52806,small
Town_03102,India,14.67145,71.469,91159,small
Town_03103,India,17.39148,95.90083,423840,medium
Town_03104,India,28.45646,73.24261,12829895,large
Town_03105,India,13.44926,95.20765,59960,small
Town_03106,India,9.73752,77.875,568468,medium
Town_03107,India,32.64776,85.19557,41818,small
Town_03108,India,17.33317,69.40031,98840,small
Town_03109,India,33.62117,70.8851,40193,small
Town_03110,India,12.80303,92.02955,92746,small
Town_03111,India,28.35402,89.0216,26624,small
Town_03112,India,16.28099,96.83119,307040,medium
Town_03113,India,10.17528,96.90673,29055,small
Town_03114,India,23.16342,85.81976,77154,small
Town_03115,India,22.16305,77.94381,500082,medium
Town_03116,India,22.91904,92.98834,12903920,large
Town_03117,India,32.07446,81.55,815726,medium
Town_03118,India,17.10552,96.59371,99389,small
Town_03119,India,23.24996,90.46833,193642,medium
Town_03120,India,28.27766,70.87194,24687,small
Town_03121,India,26.01712,93.10444,306709,medium
Town_03122,India,10.96272,92.86008,114899,medium
Town_03123,India,35.22656,68.75741,46486,small
Town_03124,India,16.55443,70.95942,81570,small
Town_03125,India,17.35433,73.81721,63665,small
Town_03126,India,13.28824,82.77965,39231,small
Town_03127,India,21.92381,70.97996,34610,small
Town_03128,India,11.3307,78.67791,45476,small
Town_03129,India,33.78761,80.67133,73848,small
Town_03130,India,31.59862,91.96416,505568,medium
Town_03131,India,15.03336,89.32527,31019,small
Town_03132,India,20.12721,80.12345,354397,medium
Town_03133,India,23.27472,93.84461,70025,small
Town_03134,India,22.71554,82.53136,538155,medium
Town_03135,India,9.13154,85.02839,73004,small
Town_03136,India,15.9256,81.43797,242780,medium
Town_03137,India,21.66319,84.60882,80286,small
Town_03138,India,31.44309,74.23472,893775,medium
Town_03139,India,21.03264,76.94985,11877496,large
Town_03140,India,10.52164,93.92126,233250,medium
Town_03141,India,14.04938,83.68633,21872,small
Town_03142,India,30.45679,78.86269,72570,small
Town_03143,India,26.98444,92.71161,49401,small
Town_03144,India,25.02657,81.75282,951698,medium
Town_03145,India,33.44744,69.4388,66844,small
Town_03146,India,26.63557,93.60015,85012,small
Town_03147,India,9.30226,86.69742,8366189,large
Town_03148,India,20.3936,85.69554,86431,small
Town_03149,India,29.56185,76.31319,36150,small
Town_03150,India,14.79172,85.39527,95156,small
Town_03151,India,31.35983,87.90054,22552,small
Town_03152,India,24.87387,74.44865,26107,small
Town_03153,India,31.305,75.26681,79857,small
Town_03154,India,29.99042,75.23917,710857,medium
Town_03155,India,32.18677,94.51198,529712,medium
Town_03156,India,16.68489,88.17219,768703,medium
Town_03157,India,25.81004,95.79385,70769,small
Town_03158,India,21.97928,85.6072,780005,medium
Town_03159,India,27.98227,78.72833,122103,medium
Town_03160,India,35.49517,70.94188,91197,small
Town_03161,India,31.81979,90.64488,526886,medium
Town_03162,India,24.99807,75.76845,441629,medium
Town_03163,India,16.80345,70.63594,823588,medium
Town_03164,India,18.73904,90.43049,316285,medium
Town_03165,India,33.15451,87.853,53261,small
Town_03166,India,13.6838,71.69177,497690,medium
Town_03167,India,18.88839,81.55803,57208,small
Town_03168,India,13.69446,69.13807,61422,small
Town_03169,India,32.49325,69.03474,95980,small
Town_03170,India,29.62935,94.11197,72352,small
Town_03171,India,14.23066,74.50004,98660,small
Town_03172,India,26.38127,73.09297,73701,small
Town_03173,India,28.99445,88.78931,54232,small
Town_03174,India,22.12378,70.22064,42276,small
Town_03175,India,23.87019,75.84472,685229,medium
Town_03176,India,19.51909,75.83388,39969,small
Town_03177,India,20.814,81.20803,295252,medium
Town_03178,India,8.34502,71.37121,37832,small
Town_03179,India,16.81521,83.54284,83260,small
Town_03180,India,23.43731,94.99421,65101,small
Town_03181,India,11.12196,74.95206,66044,small
Town_03182,India,23.73551,85.64668,26461,small
Town_03183,India,32.95214,81.17315,550043,medium
Town_03184,India,14.30448,78.15853,72016,small
Town_03185,India,19.01817,80.18999,84881,small
Town_03186,India,21.18228,68.0837,47354,small
Town_03187,India,33.9138,88.71644,54827,small
Town_03188,India,11.08009,70.14022,70283,small
Town_03189,India,11.21535,85.86298,71521,small
Town_03190,India,12.19542,74.04476,36986,small
Town_03191,India,32.26186,80.69518,9772480,large
Town_03192,India,15.83901,79.95681,16090502,large
Town_03193,India,25.86151,85.74009,91424,small
Town_03194,India,33.95744,74.7047,60704,small
Town_03195,India,28.08547,97.2646,90736,small
Town_03196,India,34.66518,74.52759,63699,small
Town_03197,India,16.22743,87.85361,407962,medium
Town_03198,India,35.32704,86.21894,425096,medium
Town_03199,India,10.90466,83.49467,397676,medium
Town_03200,India,16.68678,87.8475,53907,small
Town_03201,India,15.15952,95.67456,25151,small
Town_03202,India,8.77972,96.06957,98658,small
Town_03203,India,10.5156,94.55048,13910132,large
Town_03204,India,34.02992,91.18486,863260,medium
Town_03205,India,15.72572,72.69849,9378354,large
Town_03206,India,13.15946,83.64825,11131616,large
Town_03207,India,16.65538,68.63798,85704,small
Town_03208,India,11.67843,94.02037,311759,medium
Town_03209,India,15.76314,88.10684,1853561,large
Town_03210,India,9.01636,72.08301,464685,medium
Town_03211,India,34.93472,81.89889,21091,small
Town_03212,India,30.26284,68.31169,71029,small
Town_03213,India,22.2299,69.31251,74801,small
Town_03214,India,11.50534,82.04685,93228,small
Town_03215,India,29.95441,86.43413,21535,small
Town_03216,India,27.26746,75.87576,27097,small
Town_03217,India,8.42468,93.21834,4753921,large
Town_03218,India,30.84309,74.18447,69901,small
Town_03219,India,23.40748,83.89652,89028,small
Town_03220,India,35.33161,83.46012,15023156,large
Town_03221,India,26.00111,78.34166,96778,small
Town_03222,India,32.99037,80.53297,22515,small
Town_03223,India,21.14065,81.163,11875769,large
Town_03224,India,14.72248,85.25651,56215,small
Town_03225,India,11.18891,75.8902,85881,small
Town_03226,India,11.14602,85.34118,27027,small
Town_03227,India,17.11243,90.34253,697394,medium
Town_03228,India,15.97663,92.63726,44856,small
Town_03229,India,20.38197,91.91908,30098,small
Town_03230,India,24.95916,83.36157,79488,small
Town_03231,India,11.32612,88.50446,888279,medium
Town_03232,India,28.17948,85.26287,70366,small
Town_03233,India,32.08525,71.84118,15795800,large
Town_03234,India,32.94785,76.24504,48520,small
Town_03235,India,32.14528,73.74985,89652,small
Town_03236,India,18.29024,88.98022,21373,small
Town_03237,India,26.1677,86.5557,309149,medium
Town_03238,India,33.48584,87.39882,65939,small
Town_03239,India,8.96917,83.26773,53784,small
Town_03240,India,21.46406,81.37811,91150,small
Town_03241,India,21.98986,94.79737,74123,small
Town_03242,India,24.35675,74.67287,610138,medium
Town_03243,India,22.5506,76.64402,336469,medium
Town_03244,India,18.07481,89.79988,42198,small
Town_03245,India,28.20841,78.60896,113358,medium
Town_03246,India,32.47205,70.80147,92271,small
Town_03247,India,13.07301,75.91853,80798,small
Town_03248,India,8.2298,84.99709,334682,medium
Town_03249,India,14.55193,97.08664,739681,medium
Town_03250,India,27.63665,95.53372,67219,small
Town_03251,India,16.77692,87.71623,23214,small
Town_03252,India,16.22454,77.35423,20902,small
Town_03253,India,14.5549,91.03407,62720,small
Town_03254,India,27.06891,74.11652,42211,small
Town_03255,India,30.24498,73.92901,41456,small
Town_03256,India,12.13532,74.02346,429224,medium
Town_03257,India,23.06495,97.48314,89239,small
Town_03258,India,28.70654,70.18083,11975322,large
Town_03259,India,20.61166,83.10644,78839,small
Town_03260,India,34.88129,79.76423,80521,small
Town_03261,India,25.3538,85.3893,362526,medium
Town_03262,India,26.5843,68.43599,379606,medium
Town_03263,India,28.20478,68.9774,45201,small
Town_03264,India,34.64758,77.45004,265411,medium
Town_03265,India,8.41056,92.10786,180761,medium
Town_03266,India,11.92797,87.48406,810470,medium
Town_03267,India,31.21453,76.43988,637935,medium
Town_03268,India,30.19283,96.86758,62683,small
Town_03269,India,11.39766,79.15122,184955,medium
Town_03270,India,14.40526,95.08292,478930,medium
Town_03271,India,32.85806,89.42336,63588,small
Town_03272,India,22.71565,70.18582,78271,small
Town_03273,India,15.0146,91.635,59998,small
Town_03274,India,19.42566,78.80904,31451,small
Town_03275,India,28.18426,94.99364,59154,small
Town_03276,India,22.05077,82.60632,906752,medium
Town_03277,India,31.91957,94.71613,88130,small
Town_03278,India,16.72972,77.21649,94872,small
Town_03279,India,8.91213,69.42846,92104,small
Town_03280,India,28.67425,74.33445,43035,small
Town_03281,India,8.08097,72.51534,823378,medium
Town_03282,India,23.19269,82.31197,225277,medium
Town_03283,India,35.33152,69.71756,54634,small
Town_03284,India,21.71019,82.72661,15319756,large
Town_03285,India,21.62534,77.93731,22229,small
Town_03286,India,26.05904,69.38046,46470,small
Town_03287,India,33.60122,89.38406,357580,medium
Town_03288,India,20.69976,80.48024,515482,medium
Town_03289,India,17.58604,84.21877,437421,medium
Town_03290,India,22.90057,79.78539,38896,small
Town_03291,India,30.07756,96.34423,69530,small
Town_03292,India,13.46898,93.61498,425214,medium
Town_03293,India,31.93639,69.91165,45157,small
Town_03294,India,26.58742,82.87807,76976,small
Town_03295,India,12.18883,89.11151,41950,small
Town_03296,India,19.1439,82.92704,43086,small
Town_03297,India,27.21973,84.00011,82291,small
Town_03298,India,19.59684,86.60113,92206,small
Town_03299,India,16.07605,69.58633,991433,medium
Town_03300,India,29.3119,80.45573,21730,small
Town_03301,India,33.5252,69.54915,90014,small
Town_03302,India,30.25426,89.8067,85226,small
Town_03303,India,35.31799,84.80805,52839,small
Town_03304,India,9.49785,79.86918,48490,small
Town_03305,India,17.41708,82.45273,430526,medium
Town_03306,India,32.30706,90.08824,42005,small
Town_03307,India,10.81623,74.24013,90851,small
Town_03308,India,9.90409,70.99391,901362,medium
Town_03309,India,27.63971,78.38181,360652,medium
Town_03310,India,33.79761,72.47131,562411,medium
Town_03311,India,29.34244,85.96152,636943,medium
Town_03312,India,28.44798,77.54216,61289,small
Town_03313,India,19.39384,91.99446,986145,medium
Town_03314,India,16.98731,93.5619,50646,small
Town_03315,India,31.91916,79.58963,87406,small
Town_03316,India,33.65794,80.57295,597339,medium
Town_03317,India,12.15185,82.45971,47444,small
Town_03318,India,16.89411,89.0273,22841,small
Town_03319,India,32.2485,75.44541,661406,medium
Town_03320,India,31.40924,86.85304,25081,small
Town_03321,India,23.2733,84.12458,58550,small
Town_03322,India,21.43683,75.9671,744129,medium
Town_03323,India,14.30569,82.86583,22534,small
Town_03324,India,25.37997,74.30422,29842,small
Town_03325,India,17.34835,74.18847,94561,small
Town_03326,India,12.90496,72.43314,591844,medium
Town_03327,India,34.58511,80.85861,663883,medium
Town_03328,India,24.02742,87.13409,150049,medium
Town_03329,India,25.0468,70.41797,36863,small
Town_03330,India,35.43202,75.56842,55483,small
Town_03331,India,20.86131,72.66104,96790,small
Town_03332,India,21.42917,69.54196,72558,small
Town_03333,India,8.901,85.11296,38410,small
Town_03334,India,8.97521,77.06017,122380,medium
Town_03335,India,28.63651,82.82943,380958,medium
Town_03336,India,11.42984,86.74402,79446,small
Town_03337,India,28.51419,78.54784,96410,small
Town_03338,India,33.68234,85.49764,47497,small
Town_03339,India,31.29757,96.04799,34125,small
Town_03340,India,24.22272,75.24134,921171,medium
Town_03341,India,15.5134,82.2823,22335,small
Town_03342,India,28.59113,70.30126,743959,medium
Town_03343,India,29.59499,70.57904,794693,medium
Town_03344,India,12.55943,91.59729,30938,small
Town_03345,India,28.26466,70.8706,25471,small
Town_03346,India,27.54221,85.58662,88770,small
Town_03347,India,16.85178,77.3903,8819693,large
Town_03348,India,31.47114,83.43704,17864690,large
Town_03349,India,18.93228,90.18718,630801,medium
Town_03350,India,28.72693,72.76718,890582,medium
Town_03351,India,25.28136,73.4767,52509,small
Town_03352,India,33.10018,75.2408,26953,small
Town_03353,India,11.85945,88.00574,29015,small
Town_03354,India,28.02069,71.17994,22184,small
Town_03355,India,24.41232,85.18531,20316,small
Town_03356,India,8.35662,72.43314,14659583,large
Town_03357,India,9.43448,96.14752,736984,medium
Town_03358,India,10.87442,86.65347,785658,medium
Town_03359,India,9.52616,90.48456,90961,small
Town_03360,India,15.32898,81.30562,91981,small
Town_03361,India,26.85211,91.05806,76581,small
Town_03362,India,24.06784,79.35577,28285,small
Town_03363,India,16.17414,93.0401,872262,medium
Town_03364,India,29.43256,75.06373,724971,medium
Town_03365,India,21.57819,72.94121,80002,small
Town_03366,India,20.49561,72.13349,115862,medium
Town_03367,India,26.79097,69.74671,173440,medium
Town_03368,India,33.98278,90.65614,57305,small
Town_03369,India,10.91621,69.80579,87202,small
Town_03370,India,14.28436,80.13513,94887,small
Town_03371,India,24.25506,75.877,39702,small
Town_03372,India,24.04728,80.55623,524336,medium
Town_03373,India,23.90436,81.70639,44629,small
Town_03374,India,32.59808,68.74353,85432,small
Town_03375,India,23.77148,82.89462,960562,medium
Town_03376,India,9.66902,82.47257,7659435,large
Town_03377,India,21.65941,86.81024,44364,small
Town_03378,India,16.26441,76.97747,13385051,large
Town_03379,India,25.5067,77.34752,594094,medium
Town_03380,India,24.97371,86.9972,25702,small
Town_03381,India,20.36925,72.11166,935968,medium
Town_03382,India,25.70808,76.89937,749893,medium
Town_03383,India,26.76558,81.73787,75033,small
Town_03384,India,9.71534,72.80811,63532,small
Town_03385,India,34.78241,84.96803,753504,medium
Town_03386,India,32.48414,75.36796,54720,small
Town_03387,India,31.39537,74.67072,59161,small
Town_03388,India,27.86875,93.81627,88763,small
Town_03389,India,33.14643,82.34509,36915,small
Town_03390,India,11.6212,74.95041,78779,small
Town_03391,India,21.36272,81.71154,70672,small
Town_03392,India,13.5678,70.01246,95385,small
Town_03393,India,30.06438,83.5477,22762,small
Town_03394,India,26.39266,71.19584,26413,small
Town_03395,India,21.07452,80.60155,44998,small
Town_03396,India,24.41233,97.03024,76228,small
Town_03397,India,11.12661,87.61465,24929,small
Town_03398,India,15.32644,82.44499,81668,small
Town_03399,India,11.65015,79.01595,32043,small
Town_03400,India,35.38312,92.71787,686388,medium
Town_03401,India,15.98665,95.90871,455991,medium
Town_03402,India,18.52903,75.02184,25251,small
Town_03403,India,26.76256,87.41035,53255,small
Town_03404,India,15.39709,89.2568,20158,small
Town_03405,India,24.85866,83.24323,71613,small
Town_03406,India,8.68594,75.50647,98307,small
Town_03407,India,34.57759,68.22765,297317,medium
Town_03408,India,27.38881,79.83937,59371,small
Town_03409,India,31.14286,72.60416,600113,medium
Town_03410,India,16.22276,92.87484,45945,small
Town_03411,India,33.5489,85.11292,98565,small
Town_03412,India,11.89794,91.79859,665565,medium
Town_03413,India,8.04148,72.66866,618033,medium
Town_03414,India,22.07375,73.40485,32653,small
Town_03415,India,9.98583,92.66334,51741,small
Town_03416,India,16.28306,97.11917,44832,small
Town_03417,India,24.52836,69.94147,7179339,large
Town_03418,India,16.60184,79.8032,835094,medium
Town_03419,India,9.31766,86.72657,189673,medium
Town_03420,India,33.26223,91.06959,75312,small
Town_03421,India,30.87667,79.20206,21668,small
Town_03422,India,15.45562,72.03999,98810,small
Town_03423,India,29.60032,81.35903,96718,small
Town_03424,India,28.83257,90.24539,53749,small
Town_03425,India,21.28535,79.63418,26551,small
Town_03426,India,25.4926,72.30437,709887,medium
Town_03427,India,13.2358,84.36036,492870,medium
Town_03428,India,17.1907,77.28805,533990,medium
Town_03429,India,31.92001,83.98327,926320,medium
Town_03430,India,8.23009,89.57428,289134,medium
Town_03431,India,15.8812,68.75582,69585,small
Town_03432,India,35.33284,80.45132,77548,small
Town_03433,India,26.73469,77.6949,785247,medium
Town_03434,India,31.89485,81.59093,48721,small
Town_03435,India,19.84481,70.65296,71811,small
Town_03436,India,18.0472,70.2476,92634,small
Town_03437,India,9.84286,85.60826,99485,small
Town_03438,India,12.57703,94.72581,62874,small
Town_03439,India,23.73223,74.86775,346701,medium
Town_03440,India,21.778,91.94186,25213,small
Town_03441,India,16.8499,77.45125,20900,small
Town_03442,India,25.19066,96.91628,82348,small
Town_03443,India,16.36349,91.49667,29991,small
Town_03444,India,31.24809,81.92989,8882600,large
Town_03445,India,33.97258,69.5073,42460,small
Town_03446,India,16.77474,69.48299,997054,medium
Town_03447,India,18.51196,86.64033,1522588,large
Town_03448,India,24.33939,88.96104,610421,medium
Town_03449,India,32.49264,91.46284,778308,medium
Town_03450,India,23.8699,86.73444,132090,medium
Town_03451,India,16.73847,96.71012,24462,small
Town_03452,India,20.79286,89.00933,8848007,large
Town_03453,India,31.87102,84.68311,832951,medium
Town_03454,India,31.66062,83.72406,6557903,large
Town_03455,India,21.08432,87.17141,11100610,large
Town_03456,India,9.63748,96.00483,98037,small
Town_03457,India,11.15388,88.3853,9464590,large
Town_03458,India,14.53397,69.70812,87408,small
Town_03459,India,28.11727,79.07948,886665,medium
Town_03460,India,10.54959,86.67824,11875245,large
Town_03461,India,23.06026,88.45014,962140,medium
Town_03462,India,11.23437,91.48196,81835,small
Town_03463,India,26.79489,87.77978,386413,medium
Town_03464,India,16.8616,89.86795,10341851,large
Town_03465,India,32.29336,90.45896,98985,small
Town_03466,India,28.21102,78.17126,82861,small
Town_03467,India,29.67167,85.77702,43143,small
Town_03468,India,25.61903,92.34322,85580,small
Town_03469,India,12.35701,73.83395,82056,small
Town_03470,India,9.28412,71.72686,97922,small
Town_03471,India,30.86302,90.27381,641273,medium
Town_03472,India,10.47169,93.09813,79802,small
Town_03473,India,14.27885,93.73016,399310,medium
Town_03474,India,33.84173,82.48508,184125,medium
Town_03475,India,16.50214,78.06792,10037139,large
Town_03476,India,18.37177,76.60562,617448,medium
Town_03477,India,24.44357,76.15589,582990,medium
Town_03478,India,13.23605,83.55911,212492,medium
Town_03479,India,22.75475,89.71108,818800,medium
Town_03480,India,16.05789,69.70604,562516,medium
Town_03481,India,21.34148,72.9752,435553,medium
Town_03482,India,32.76352,86.7246,47810,small
Town_03483,India,17.85855,93.36105,83487,small
Town_03484,India,31.39607,79.03107,23367,small
Town_03485,India,10.20125,83.78795,61782,small
Town_03486,India,11.36175,94.47673,836531,medium
Town_03487,India,13.34853,94.82112,97379,small
Town_03488,India,34.08718,77.196,73381,small
Town_03489,India,27.57077,81.99135,59186,small
Town_03490,India,30.07548,72.57186,40893,small
Town_03491,India,24.2386,68.53922,711572,medium
Town_03492,India,26.25081,83.28076,539105,medium
Town_03493,India,9.95932,91.77925,42852,small
Town_03494,India,34.21424,79.2371,54892,small
Town_03495,India,30.55994,77.95236,98237,small
Town_03496,India,33.1366,92.91002,75538,small
Town_03497,India,28.89882,88.5716,263062,medium
Town_03498,India,33.24104,96.49205,67287,small
Town_03499,India,11.29982,73.70669,675157,medium
Town_03500,India,10.17712,93.31474,72156,small
Town_03501,India,10.35361,93.30071,98284,small
Town_03502,India,27.67526,71.83853,329888,medium
Town_03503,India,31.93119,68.80354,608694,medium
Town_03504,India,32.63613,73.58238,55306,small
Town_03505,India,18.59632,93.78946,60282,small
Town_03506,India,17.98296,86.56789,64507,small
Town_03507,India,16.52461,93.35723,16623665,large
Town_03508,India,29.87702,77.10449,76276,small
Town_03509,India,24.95885,75.92007,799895,medium
Town_03510,India,30.80391,95.00177,85029,small
Town_03511,India,18.62349,89.55444,23461,small
Town_03512,India,20.12355,85.69487,412679,medium
Town_03513,India,17.94013,72.4537,90097,small
Town_03514,India,13.76941,96.54087,49194,small
Town_03515,India,12.57365,91.73666,315460,medium
Town_03516,India,13.99771,92.38125,93995,small
Town_03517,India,9.40753,90.01593,15304592,large
Town_03518,India,8.36112,83.31392,38394,small
Town_03519,India,17.32095,81.7141,46425,small
Town_03520,India,19.92466,79.67714,85590,small
Town_03521,India,14.07365,95.63793,34596,small
Town_03522,India,9.76794,73.36346,363533,medium
Town_03523,India,12.93478,87.89098,16420268,large
Town_03524,India,15.85297,78.25968,38277,small
Town_03525,India,25.08116,91.33293,947541,medium
Town_03526,India,16.77121,85.18846,74386,small
Town_03527,India,33.55075,71.97061,662931,medium
Town_03528,India,19.89686,69.79636,337816,medium
Town_03529,India,11.52075,83.5604,417443,medium
Town_03530,India,27.77646,69.31807,962111,medium
Town_03531,India,34.25836,87.64788,807630,medium
Town_03532,India,27.05425,70.22096,49016,small
Town_03533,India,30.28948,91.2175,149728,medium
Town_03534,India,27.95328,95.86668,45881,small
Town_03535,India,17.81456,88.16125,580231,medium
Town_03536,India,22.81417,70.44748,75862,small
Town_03537,India,19.75529,78.023,84685,small
Town_03538,India,22.8347,82.46285,675851,medium
Town_03539,India,28.85749,94.31148,295670,medium
Town_03540,India,33.02543,95.78076,263297,medium
Town_03541,India,12.02323,77.4156,26645,small
Town_03542,India,14.99103,96.17237,170097,medium
Town_03543,India,9.27858,89.25996,58894,small
Town_03544,India,12.8786,73.66994,50864,small
Town_03545,India,31.27449,97.39289,593159,medium
Town_03546,India,19.91683,69.99847,78948,small
Town_03547,India,30.68307,79.28308,34827,small
Town_03548,India,31.11954,96.5881,1348226,large
Town_03549,India,12.76501,82.5949,52158,small
Town_03550,India,24.32749,75.69814,78984,small
Town_03551,India,30.07682,76.91596,72512,small
Town_03552,India,22.16421,85.3727,50083,small
Town_03553,India,32.13338,69.26687,11003640,large
Town_03554,India,28.61871,91.60745,443911,medium
Town_03555,India,25.60521,95.8611,27455,small
Town_03556,India,16.99025,80.7762,50108,small
Town_03557,India,18.6132,70.12489,29389,small
Town_03558,India,23.32729,77.12304,76907,small
Town_03559,India,24.30907,74.97073,352974,medium
Town_03560,India,8.54024,76.49208,56938,small
Town_03561,India,17.20692,89.62846,541786,medium
Town_03562,India,34.08709,79.95325,853017,medium
Town_03563,India,32.52617,80.31912,76266,small
Town_03564,India,17.11807,97.32546,138424,medium
Town_03565,India,22.31511,89.64248,9225381,large
Town_03566,India,15.87423,80.21452,67619,small
Town_03567,India,8.89479,88.61808,77793,small
Town_03568,India,8.74543,93.99379,598321,medium
Town_03569,India,13.80254,79.77804,539277,medium
Town_03570,India,23.98481,80.03294,31342,small
Town_03571,India,13.50312,76.40227,42746,small
Town_03572,India,31.28458,76.68511,75593,small
Town_03573,India,19.12737,79.04852,53900,small
Town_03574,India,13.53785,97.19998,81809,small
Town_03575,India,34.57514,80.77985,235759,medium
Town_03576,India,20.83081,92.42258,8382392,large
Town_03577,India,24.23081,83.55619,64480,small
Town_03578,India,34.67297,81.26803,16510364,large
Town_03579,India,12.26518,79.86561,88567,small
Town_03580,India,34.42038,72.79616,114965,medium
Town_03581,India,8.56483,70.35164,461452,medium
Town_03582,India,14.11043,80.8133,50943,small
Town_03583,India,26.91196,72.11341,212607,medium
Town_03584,India,11.81279,95.37616,70176,small
Town_03585,India,23.03348,88.68676,775067,medium
Town_03586,India,23.46887,96.8538,60692,small
Town_03587,India,10.22888,91.91218,21219,small
Town_03588,India,29.25252,71.57977,392453,medium
Town_03589,India,12.59329,96.34477,648903,medium
Town_03590,India,21.59128,93.05607,59692,small
Town_03591,India,25.0797,94.17821,153387,medium
Town_03592,India,17.00994,71.71361,31297,small
Town_03593,India,33.47068,72.23943,35876,small
Town_03594,India,13.87526,73.30166,78361,small
Town_03595,India,30.46967,80.1153,71432,small
Town_03596,India,8.32373,69.91065,42350,small
Town_03597,India,12.2184,77.7484,246021,medium
Town_03598,India,19.34009,89.07113,2389459,large
Town_03599,India,33.91632,83.74553,35953,small
Town_03600,India,26.27121,97.41632,49758,small
Town_03601,India,10.45729,79.79031,741702,medium
Town_03602,India,31.63065,76.31458,37491,small
Town_03603,India,20.78626,86.43196,81837,small
Town_03604,India,18.93901,84.2071,47169,small
Town_03605,India,19.41392,73.06897,25332,small
Town_03606,India,20.34604,80.60097,17242349,large
Town_03607,India,10.7451,83.17521,65393,small
Town_03608,India,10.03254,89.44978,503479,medium
Town_03609,India,23.97399,73.96872,4702023,large
Town_03610,India,13.57558,93.29851,96525,small
Town_03611,India,30.17383,68.00025,143774,medium
Town_03612,India,33.69642,93.23277,53891,small
Town_03613,India,18.0026,96.78553,425105,medium
Town_03614,India,25.89588,71.49977,90230,small
Town_03615,India,29.83745,78.45831,13548081,large
Town_03616,India,15.62144,86.52442,73855,small
Town_03617,India,24.00799,69.05257,29315,small
Town_03618,India,33.10367,96.14545,1204299,large
Town_03619,India,14.27795,96.97277,2668866,large
Town_03620,India,31.9223,84.10424,49895,small
Town_03621,India,28.6959,88.2439,45959,small
Town_03622,India,20.28559,68.35124,95014,small
Town_03623,India,14.2272,76.3639,786211,medium
Town_03624,India,9.81246,71.75173,66783,small
Town_03625,India,13.37759,79.20715,79934,small
Town_03626,India,18.71338,88.60323,676764,medium
Town_03627,India,18.36974,90.8945,55479,small
Town_03628,India,32.12399,71.76563,27951,small
Town_03629,India,23.49909,93.23175,10416198,large
Town_03630,India,19.28575,68.32936,97323,small
Town_03631,India,29.44472,70.60134,586223,medium
Town_03632,India,25.89254,87.5393,63110,small
Town_03633,India,27.04716,79.32165,70991,small
Town_03634,India,10.63566,95.41771,85107,small
Town_03635,India,14.72254,75.38823,52155,small
Town_03636,India,9.80576,83.3715,49190,small
Town_03637,India,11.47145,72.68765,11449090,large
Town_03638,India,16.82097,96.15466,14870885,large
Town_03639,India,12.28169,74.99123,48997,small
Town_03640,India,14.38897,97.32081,70472,small
Town_03641,India,13.86602,93.63177,763586,medium
Town_03642,India,16.96207,89.47693,8810272,large
Town_03643,India,28.50862,90.84504,10188800,large
Town_03644,India,29.79749,68.0189,865983,medium
Town_03645,India,11.30568,88.39185,97530,small
Town_03646,India,10.41215,75.66538,21684,small
Town_03647,India,14.13895,84.79196,72211,small
Town_03648,India,23.45862,83.81516,13138643,large
Town_03649,India,24.43976,88.96997,296786,medium
Town_03650,India,10.80927,80.3554,426856,medium
Town_03651,India,20.68164,81.74003,51875,small
Town_03652,India,32.73822,93.06235,241185,medium
Town_03653,India,20.44213,80.66632,72585,small
Town_03654,India,10.50599,84.97474,47522,small
Town_03655,India,29.12374,70.51293,30660,small
Town_03656,India,12.31512,82.33245,40080,small
Town_03657,India,16.8108,74.85438,7299920,large
Town_03658,India,17.0388,78.98335,1611522,large
Town_03659,India,22.75681,81.47256,83661,small
Town_03660,India,9.59818,76.57833,60587,small
Town_03661,India,28.6072,74.92084,558634,medium
Town_03662,India,27.59944,77.46782,23456,small
Town_03663,India,19.64261,87.07465,44123,small
Town_03664,India,18.4521,88.27709,218022,medium
Town_03665,India,22.60209,70.85998,653269,medium
Town_03666,India,12.98717,87.33877,45606,small
Town_03667,India,11.32136,85.23079,59831,small
Town_03668,India,27.88417,71.79328,78074,small
Town_03669,India,23.37462,96.14343,56268,small
Town_03670,India,20.68757,72.46137,98379,small
Town_03671,India,14.87155,70.96745,65375,small
Town_03672,India,24.56573,76.41198,735827,medium
Town_03673,India,14.56716,77.99218,118216,medium
Town_03674,India,16.11531,85.32945,17668229,large
Town_03675,India,15.96006,90.30086,960525,medium
Town_03676,India,13.50867,82.15422,34069,small
Town_03677,India,14.28778,92.41609,23766,small
Town_03678,India,10.08783,93.76351,363477,medium
Town_03679,India,12.92929,70.09889,86873,small
Town_03680,India,34.90385,73.80548,80487,small
Town_03681,India,19.04924,78.77889,29942,small
Town_03682,India,17.8579,76.06053,233672,medium
Town_03683,India,14.89351,95.81181,436063,medium
Town_03684,India,11.55326,89.61213,17144744,large
Town_03685,India,9.38606,72.3667,129984,medium
Town_03686,India,20.38705,90.45907,85920,small
Town_03687,India,24.4182,97.32058,378755,medium
Town_03688,India,27.46512,83.24543,63986,small
Town_03689,India,21.5384,96.50838,89437,small
Town_03690,India,31.71869,82.34728,32130,small
Town_03691,India,13.55016,85.5041,59052,small
Town_03692,India,8.19747,74.91327,52474,small
Town_03693,India,11.14936,81.17853,13328835,large
Town_03694,India,10.66674,92.30623,11029808,large
Town_03695,India,28.6065,74.60414,455570,medium
Town_03696,India,26.41113,75.1837,82618,small
Town_03697,India,9.23683,70.6677,54713,small
Town_03698,India,33.37933,96.11202,24651,small
Town_03699,India,12.37375,80.27286,97929,small
Town_03700,India,9.96068,75.18162,895390,medium
Town_03701,India,20.94404,93.20829,388196,medium
Town_03702,India,30.97597,79.18772,75283,small
Town_03703,India,19.21164,92.86004,36417,small
Town_03704,India,32.78748,77.77438,535937,medium
Town_03705,India,30.52821,97.43467,1800414,large
Town_03706,India,15.1801,80.20872,65292,small
Town_03707,India,32.6634,95.64815,85120,small
Town_03708,India,29.60915,89.43936,2875797,large
Town_03709,India,33.20935,69.53916,801285,medium
Town_03710,India,16.98021,81.41154,212441,medium
Town_03711,India,19.29116,78.90324,932302,medium
Town_03712,India,29.81307,80.30265,363493,medium
Town_03713,India,32.30591,95.89725,665220,medium
Town_03714,India,19.82833,89.0915,70587,small
Town_03715,India,29.04004,68.71599,221231,medium
Town_03716,India,22.74347,68.04586,93956,small
Town_03717,India,17.42861,72.49376,44283,small
Town_03718,India,21.26759,90.38685,87855,small
Town_03719,India,22.16863,94.49759,25251,small
Town_03720,India,25.07349,80.58139,65546,small
Town_03721,India,30.66926,68.92653,8189311,large
Town_03722,India,30.52458,88.54009,79489,small
Town_03723,India,29.52211,80.64634,60912,small
Town_03724,India,30.57348,76.23786,993824,medium
Town_03725,India,30.12541,96.99334,90069,small
Town_03726,India,15.09284,71.58765,53138,small
Town_03727,India,29.80985,89.29941,2600211,large
Town_03728,India,11.75996,83.71577,72688,small
Town_03729,India,33.36496,82.59511,31920,small
Town_03730,India,17.5972,80.58516,835751,medium
Town_03731,India,22.42332,70.80807,25458,small
Town_03732,India,25.62888,93.0208,209847,medium
Town_03733,India,10.63466,80.63943,451622,medium
Town_03734,India,29.73683,94.61328,2025583,large
Town_03735,India,31.91054,84.08411,57195,small
Town_03736,India,34.00736,77.07035,89103,small
Town_03737,India,34.48117,84.34063,702082,medium
Town_03738,India,29.91791,82.95808,986958,medium
Town_03739,India,30.92862,69.6014,882382,medium
Town_03740,India,28.73587,82.96213,97034,small
Town_03741,India,12.31387,82.01145,360692,medium
Town_03742,India,29.60489,79.69871,91103,small
Town_03743,India,13.1167,76.04374,5498939,large
Town_03744,India,25.84767,97.40673,521839,medium
Town_03745,India,14.61093,90.81598,45899,small
Town_03746,India,12.56637,89.47654,386339,medium
Town_03747,India,19.99501,70.30328,443130,medium
Town_03748,India,18.55437,88.13558,45711,small
Town_03749,India,17.33424,68.15654,302534,medium
Town_03750,India,31.66236,74.30406,22088,small
Town_03751,India,14.69568,78.43424,20863,small
Town_03752,India,21.87731,92.69014,854933,medium
Town_03753,India,33.07566,85.73062,21819,small
Town_03754,India,11.54978,81.53631,566101,medium
Town_03755,India,13.80577,75.85452,765234,medium
Town_03756,India,20.20009,85.81944,36957,small
Town_03757,India,18.32214,87.17388,765564,medium
Town_03758,India,19.82721,86.35558,863435,medium
Town_03759,India,24.70188,79.80343,28183,small
Town_03760,India,33.88307,79.94976,44340,small
Town_03761,India,10.64982,79.4222,236266,medium
Town_03762,India,19.49741,97.40721,982631,medium
Town_03763,India,26.50902,87.07289,96396,small
Town_03764,India,33.98026,72.36103,43845,small
Town_03765,India,32.06428,68.03241,24229,small
Town_03766,India,14.85122,79.34083,414838,medium
Town_03767,India,19.89968,72.02805,52435,small
Town_03768,India,14.12316,91.89588,85933,small
Town_03769,India,20.24462,90.46515,638311,medium
Town_03770,India,30.08288,77.95852,373993,medium
Town_03771,India,29.35818,84.75765,40164,small
Town_03772,India,12.47082,74.91717,742843,medium
Town_03773,India,31.78369,90.39565,62088,small
Town_03774,India,22.68149,72.10407,4029371,large
Town_03775,India,28.16978,74.94169,323689,medium
Town_03776,India,9.93863,70.09528,13197565,large
Town_03777,India,28.22845,85.10286,97476,small
Town_03778,India,15.68912,97.37414,913370,medium
Town_03779,India,14.78156,76.7233,460606,medium
Town_03780,India,20.17965,97.40302,65815,small
Town_03781,India,15.69123,68.80106,61005,small
Town_03782,India,22.4667,77.96343,98516,small
Town_03783,India,24.77267,86.19767,64260,small
Town_03784,India,27.24738,93.50833,26636,small
Town_03785,India,27.78403,92.04439,4804858,large
Town_03786,India,20.95057,95.39045,30879,small
Town_03787,India,9.65999,87.57922,6255200,large
Town_03788,India,11.56912,76.89152,14661392,large
Town_03789,India,10.52789,75.18797,58420,small
Town_03790,India,10.4966,97.39012,958688,medium
Town_03791,India,17.56481,89.96488,82898,small
Town_03792,India,35.3424,95.07148,411180,medium
Town_03793,India,10.37423,74.69947,33668,small
Town_03794,India,8.26979,92.93891,392750,medium
Town_03795,India,11.50184,82.77602,93198,small
Town_03796,India,29.27647,96.24677,670473,medium
Town_03797,India,31.44807,83.39123,936057,medium
Town_03798,India,23.05499,76.79234,861464,medium
Town_03799,India,29.01048,92.31734,21970,small
Town_03800,India,14.90305,90.28289,37459,small
Town_03801,India,35.27077,80.99784,575571,medium
Town_03802,India,14.12907,97.47662,87745,small
Town_03803,India,17.39767,68.61317,67714,small
Town_03804,India,16.11094,69.08877,485123,medium
Town_03805,India,28.03627,74.05097,890415,medium
Town_03806,India,29.38631,89.99773,26865,small
Town_03807,India,20.34265,77.35809,439117,medium
Town_03808,India,19.32705,73.89139,81763,small
Town_03809,India,33.2073,89.16109,505822,medium
Town_03810,India,28.51768,78.08644,188900,medium
Town_03811,India,23.79561,86.37299,902729,medium
Town_03812,India,16.81006,77.41421,721817,medium
Town_03813,India,30.78831,82.26135,51089,small
Town_03814,India,35.18366,88.92274,985484,medium
Town_03815,India,29.77043,78.94529,46057,small
Town_03816,India,25.31496,84.34053,78490,small
Town_03817,India,25.81939,95.63991,33708,small
Town_03818,India,11.03771,71.15997,24598,small
Town_03819,India,34.73887,75.51856,701274,medium
Town_03820,India,32.33937,91.16187,812868,medium
Town_03821,India,16.17776,81.01983,820937,medium
Town_03822,India,21.78968,96.25996,863181,medium
Town_03823,India,28.74368,91.48079,61601,small
Town_03824,India,13.37213,95.54567,167672,medium
Town_03825,India,17.86151,68.31997,35003,small
Town_03826,India,33.50573,91.6604,390164,medium
Town_03827,India,32.41809,77.71,71299,small
Town_03828,India,24.15965,82.28509,25290,small
Town_03829,India,13.22971,83.945,296244,medium
Town_03830,India,32.62155,68.84979,22789,small
Town_03831,India,19.89619,73.15349,421559,medium
Town_03832,India,24.69558,83.26847,53125,small
Town_03833,India,21.50183,86.47955,488580,medium
Town_03834,India,12.94716,86.82302,15517942,large
Town_03835,India,15.31718,70.13675,40284,small
Town_03836,India,19.81911,77.56107,177751,medium
Town_03837,India,16.75696,90.72366,48747,small
Town_03838,India,8.92919,76.09383,559527,medium
Town_03839,India,8.65157,84.02789,86370,small
Town_03840,India,8.60848,79.85796,344845,medium
Town_03841,India,12.05734,92.71997,74619,small
Town_03842,India,21.96078,85.05648,9005820,large
Town_03843,India,13.35982,74.34329,65898,small
Town_03844,India,17.8295,83.09261,77317,small
Town_03845,India,17.08966,82.50064,76869,small
Town_03846,India,14.36463,82.43008,71886,small
Town_03847,India,23.45767,69.75115,254618,medium
Town_03848,India,35.32717,92.5461,75156,small
Town_03849,India,9.73547,78.52601,29838,small
Town_03850,India,18.76929,95.81428,93735,small
Town_03851,India,24.3191,76.36615,3010541,large
Town_03852,India,32.71233,68.46349,25156,small
Town_03853,India,24.93539,79.52066,5977836,large
Town_03854,India,34.45238,70.77715,20395,small
Town_03855,India,15.18758,84.19056,37396,small
Town_03856,India,28.23064,83.01799,231345,medium
Town_03857,India,20.13574,97.16513,132943,medium
Town_03858,India,35.27234,95.41187,43524,small
Town_03859,India,11.0397,73.20221,56504,small
Town_03860,India,13.9491,90.1123,25611,small
Town_03861,India,19.76997,71.96572,4189934,large
Town_03862,India,32.77451,95.3311,637248,medium
Town_03863,India,30.12989,69.31992,26955,small
Town_03864,India,25.94724,88.98671,576903,medium
Town_03865,India,9.86983,92.76418,96860,small
Town_03866,India,23.74478,86.70049,10087460,large
Town_03867,India,23.6482,77.45327,88109,small
Town_03868,India,10.553,75.73884,74391,small
Town_03869,India,21.7044,77.56992,43917,small
Town_03870,India,21.75807,82.83788,64681,small
Town_03871,India,22.28037,90.41047,292531,medium
Town_03872,India,30.9668,72.77139,962955,medium
Town_03873,India,11.52431,73.86884,373597,medium
Town_03874,India,24.82579,76.26298,86841,small
Town_03875,India,15.20443,78.55517,402253,medium
Town_03876,India,30.19638,96.48725,13765018,large
Town_03877,India,9.13437,70.61238,91180,small
Town_03878,India,27.01021,74.55734,91616,small
Town_03879,India,22.50198,70.98451,299830,medium
Town_03880,India,8.71644,68.67829,95932,small
Town_03881,India,24.5863,83.58521,796164,medium
Town_03882,India,18.0759,83.65425,20911,small
Town_03883,India,32.57089,97.49762,478878,medium
Town_03884,India,25.13835,95.77092,172215,medium
Town_03885,India,13.75267,96.7601,188100,medium
Town_03886,India,10.59779,72.50834,79517,small
Town_03887,India,20.14068,95.88811,894554,medium
Town_03888,India,10.82207,89.45978,9782607,large
Town_03889,India,17.88127,74.82604,70254,small
Town_03890,India,18.85307,68.12998,838607,medium
Town_03891,India,33.62051,73.68305,41007,small
Town_03892,India,17.56324,71.69466,99744,small
Town_03893,India,26.45651,69.24435,574246,medium
Town_03894,India,14.27182,95.20589,88752,small
Town_03895,India,18.1273,92.3083,44537,small
Town_03896,India,19.54417,81.04741,478957,medium
Town_03897,India,29.70547,88.44813,50396,small
Town_03898,India,24.66754,89.44752,97510,small
Town_03899,India,30.63703,93.20372,67510,small
Town_03900,India,30.55201,95.78888,52922,small
Town_03901,India,16.84579,95.16395,7180690,large
Town_03902,India,13.08621,86.58425,82696,small
Town_03903,India,17.10581,69.95189,828539,medium
Town_03904,India,30.22837,80.63845,24748,small
Town_03905,India,14.11836,77.13608,514857,medium
Town_03906,India,21.37818,82.1109,64632,small
Town_03907,India,13.06674,91.46472,518595,medium
Town_03908,India,32.11101,79.60927,383692,medium
Town_03909,India,29.82723,80.48091,647942,medium
Town_03910,India,25.50789,89.68684,48956,small
Town_03911,India,21.05797,95.85579,74182,small
Town_03912,India,22.69568,89.30875,428183,medium
Town_03913,India,22.10231,88.74106,989838,medium
Town_03914,India,28.27205,90.14505,89157,small
Town_03915,India,35.20258,88.35728,93720,small
Town_03916,India,17.37139,77.14049,633314,medium
Town_03917,India,30.96068,89.68003,96446,small
Town_03918,India,23.07881,91.90289,96285,small
Town_03919,India,9.89385,93.12684,94814,small
Town_03920,India,35.00105,70.2104,82819,small
Town_03921,India,21.28359,79.33605,12251385,large
Town_03922,India,21.12012,83.24563,777497,medium
Town_03923,India,23.33214,83.68872,127629,medium
Town_03924,India,35.1073,91.91884,738724,medium
Town_03925,India,15.6797,89.87036,151095,medium
Town_03926,India,26.49032,75.71385,478671,medium
Town_03927,India,27.38387,92.5485,92966,small
Town_03928,India,15.0975,88.52087,40069,small
Town_03929,India,24.66892,73.15598,355802,medium
Town_03930,India,19.7067,71.58046,39800,small
Town_03931,India,21.85218,86.76803,66937,small
Town_03932,India,17.97499,90.86905,85991,small
Town_03933,India,21.67199,86.56381,62455,small
Town_03934,India,17.58709,74.33108,27859,small
Town_03935,India,34.56194,73.41825,68288,small
Town_03936,India,27.02521,72.88301,42808,small
Town_03937,India,30.41616,78.26969,54141,small
Town_03938,India,30.9757,82.65055,78329,small
Town_03939,India,16.37157,92.21084,89673,small
Town_03940,India,18.50927,74.82153,587600,medium
Town_03941,India,9.29635,89.30905,79858,small
Town_03942,India,21.51056,85.70877,10432264,large
Town_03943,India,13.88589,82.38163,60218,small
Town_03944,India,24.69271,75.82009,35271,small
Town_03945,India,30.67116,68.56756,59100,small
Town_03946,India,21.92429,94.26349,54005,small
Town_03947,India,32.28381,76.46872,945694,medium
Town_03948,India,26.56128,88.69565,70174,small
Town_03949,India,19.39391,78.72204,29848,small
Town_03950,India,34.9407,68.27993,74149,small
Town_03951,India,18.79329,70.14086,62329,small
Town_03952,India,28.69097,89.24053,31639,small
Town_03953,India,33.37585,70.79442,94087,small
Town_03954,India,28.06519,68.79779,24637,small
Town_03955,India,14.85127,95.4287,49074,small
Town_03956,India,14.39321,79.01965,135980,medium
Town_03957,India,16.38535,84.93321,69557,small
Town_03958,India,21.26634,71.11765,87880,small
Town_03959,India,32.57369,94.01014,66769,small
Town_03960,India,19.65496,82.83275,72316,small
Town_03961,India,24.78399,92.57861,20099,small
Town_03962,India,11.32715,76.06265,17210481,large
Town_03963,India,32.56758,91.4036,34623,small
Town_03964,India,17.2805,94.8595,940795,medium
Town_03965,India,8.04823,97.13178,97094,small
Town_03966,India,25.85998,90.52432,85998,small
Town_03967,India,8.10977,81.09856,3076969,large
Town_03968,India,17.45428,85.4055,25676,small
Town_03969,India,12.30192,76.07929,683635,medium
Town_03970,India,18.49522,89.17098,606619,medium
Town_03971,India,14.32393,86.41866,30870,small
Town_03972,India,9.88894,73.54404,27941,small
Town_03973,India,14.59111,86.86669,74645,small
Town_03974,India,23.37843,75.28138,823034,medium
Town_03975,India,14.61317,95.28216,159218,medium
Town_03976,India,12.37978,68.93341,16515027,large
Town_03977,India,32.64733,76.02948,457540,medium
Town_03978,India,29.91974,72.05709,91460,small
Town_03979,India,15.56371,71.96407,20504,small
Town_03980,India,16.40889,71.08758,60900,small
Town_03981,India,34.84521,73.98568,255175,medium
Town_03982,India,17.25049,95.52413,39651,small
Town_03983,India,26.07501,78.02192,55483,small
Town_03984,India,11.56086,70.68733,71491,small
Town_03985,India,14.7521,90.25383,32510,small
Town_03986,India,23.24971,68.21537,51022,small
Town_03987,India,29.78739,79.31752,93251,small
Town_03988,India,11.72264,82.37775,65756,small
Town_03989,India,20.09519,73.30245,97421,small
Town_03990,India,27.36776,87.24632,27819,small
Town_03991,India,30.38285,77.09031,43754,small
Town_03992,India,15.08079,92.56522,92110,small
Town_03993,India,30.78611,96.94692,49386,small
Town_03994,India,11.41255,77.99179,679384,medium
Town_03995,India,13.40412,68.78224,24511,small
Town_03996,India,12.41014,91.43503,98835,small
Town_03997,India,18.29866,86.36188,358213,medium
Town_03998,India,15.16784,71.77004,80254,small
Town_03999,India,19.45377,80.70847,883685,medium
Town_04000,India,16.59305,80.09719,15073576,large
Town_04001,India,11.04013,88.17876,288699,medium
Town_04002,India,16.96313,74.43364,340605,medium
Town_04003,India,19.46974,91.03802,545534,medium
Town_04004,India,16.77488,96.12448,42295,small
Town_04005,India,23.08125,77.5444,24083,small
Town_04006,India,28.36999,74.3011,43254,small
Town_04007,India,29.2761,91.17637,45826,small
Town_04008,India,34.30043,73.40202,29953,small
Town_04009,India,9.5607,83.51013,62996,small
Town_04010,India,34.36871,89.03083,39758,small
Town_04011,India,32.40419,76.86922,51464,small
Town_04012,India,19.86492,93.97565,10662149,large
Town_04013,India,23.25407,80.68274,11450195,large
Town_04014,India,14.30141,87.4554,94393,small
Town_04015,India,14.05252,83.98239,61845,small
Town_04016,India,17.44545,79.96161,89988,small
Town_04017,India,14.28275,85.36743,290055,medium
Town_04018,India,8.72456,84.86375,240412,medium
Town_04019,India,30.71429,69.37164,503691,medium
Town_04020,India,23.96987,81.98331,811481,medium
Town_04021,India,24.3886,81.03035,28160,small
Town_04022,India,29.34735,86.39188,24789,small
Town_04023,India,11.58359,81.63703,68017,small
Town_04024,India,10.72505,92.31021,687557,medium
Town_04025,India,24.00398,92.86401,618296,medium
Town_04026,India,15.31763,81.47926,557463,medium
Town_04027,India,20.65445,71.74527,41530,small
Town_04028,India,22.29702,84.11842,643775,medium
Town_04029,India,17.57349,88.67071,638611,medium
Town_04030,India,24.64807,94.37831,70102,small
Town_04031,India,22.26734,76.99705,6384048,large
Town_04032,India,18.3777,95.23327,64369,small
Town_04033,India,13.60224,79.59116,46608,small
Town_04034,India,20.73047,74.57269,949077,medium
Town_04035,India,21.65615,70.15042,27144,small
Town_04036,India,8.57788,69.86652,66761,small
Town_04037,India,23.23999,82.5645,22406,small
Town_04038,India,9.23325,71.37473,758612,medium
Town_04039,India,23.53552,91.19788,39238,small
Town_04040,India,25.26549,92.91593,99684,small
Town_04041,India,32.14008,75.69848,34297,small
Town_04042,India,34.27433,92.94327,521917,medium
Town_04043,India,20.6397,77.29575,550939,medium
Town_04044,India,9.11646,97.21572,88626,small
Town_04045,India,19.14974,85.5085,85269,small
Town_04046,India,8.1502,87.36561,628904,medium
Town_04047,India,24.08289,90.37124,270760,medium
Town_04048,India,11.28499,93.83754,99112,small
Town_04049,India,25.65916,74.45165,908758,medium
Town_04050,India,9.90517,91.02495,103270,medium
Town_04051,India,28.71029,96.39903,49359,small
Town_04052,India,33.55051,95.8291,463569,medium
Town_04053,India,19.45881,71.08983,62269,small
Town_04054,India,15.47235,90.78179,82313,small
Town_04055,India,8.54082,88.26741,853436,medium
Town_04056,India,13.19995,79.33887,55840,small
Town_04057,India,30.87449,71.54648,23343,small
Town_04058,India,16.47821,75.41928,68032,small
Town_04059,India,11.46896,87.45499,62442,small
Town_04060,India,32.42325,95.25601,215541,medium
Town_04061,India,21.75047,82.82333,23483,small
Town_04062,India,30.99446,95.96937,998641,medium
Town_04063,India,30.58069,87.57735,506593,medium
Town_04064,India,29.25878,77.25087,92355,small
Town_04065,India,17.91074,68.71729,50341,small
Town_04066,India,9.42128,82.68089,70757,small
Town_04067,India,10.28922,70.63785,548845,medium
Town_04068,India,16.27084,88.31861,55219,small
Town_04069,India,30.87213,68.30944,286806,medium
Town_04070,India,14.17973,90.57015,124199,medium
Town_04071,India,34.27809,73.14227,97424,small
Town_04072,India,27.22069,85.2981,431136,medium
Town_04073,India,21.23789,84.64835,23236,small
Town_04074,India,33.38195,76.31775,20938,small
Town_04075,India,33.83177,80.91604,1840300,large
Town_04076,India,25.1995,90.02965,83509,small
Town_04077,India,11.20346,74.77441,71946,small
Town_04078,India,22.03281,78.65997,85703,small
Town_04079,India,10.16217,91.82019,28888,small
Town_04080,India,10.8678,77.96464,986728,medium
Town_04081,India,23.04035,91.57252,639949,medium
Town_04082,India,20.10858,79.44892,50957,small
Town_04083,India,11.70746,85.7121,81697,small
Town_04084,India,14.90509,73.8508,16831185,large
Town_04085,India,34.94182,86.11625,303081,medium
Town_04086,India,12.48554,74.93958,41572,small
Town_04087,India,15.76087,77.62635,93210,small
Town_04088,India,25.4397,70.23845,68747,small
Town_04089,India,34.12185,79.32609,98490,small
Town_04090,India,27.04652,84.69469,80807,small
Town_04091,India,32.7537,91.16884,99854,small
Town_04092,India,31.27785,77.91046,71090,small
Town_04093,India,27.23075,85.33003,391160,medium
Town_04094,India,32.15418,69.45658,881395,medium
Town_04095,India,26.82077,88.04073,62303,small
Town_04096,India,25.76738,78.64631,52004,small
Town_04097,India,30.36274,88.71243,72016,small
Town_04098,India,28.85412,68.78843,24643,small
Town_04099,India,31.40391,95.88641,92973,small
Town_04100,India,17.96149,79.71543,60484,small
Town_04101,India,33.83715,72.46171,86220,small
Town_04102,India,33.49054,92.16228,54639,small
Town_04103,India,28.96632,88.58219,960811,medium
Town_04104,India,8.32337,80.76959,529241,medium
Town_04105,India,16.53528,85.45837,60155,small
Town_04106,India,22.9934,83.08033,34542,small
Town_04107,India,31.19457,91.39443,58445,small
Town_04108,India,21.87371,82.62226,20718,small
Town_04109,India,35.27107,72.26765,897477,medium
Town_04110,India,15.00392,75.07029,786339,medium
Town_04111,India,22.02312,71.68265,50337,small
Town_04112,India,15.19966,95.45087,24183,small
Town_04113,India,26.5538,89.51992,36851,small
Town_04114,India,21.63379,95.74971,45848,small
Town_04115,India,29.00407,71.61483,80866,small
Town_04116,India,19.61692,82.69725,537756,medium
Town_04117,India,24.17082,73.76936,156019,medium
Town_04118,India,10.82451,74.18819,56195,small
Town_04119,India,8.4806,88.76591,41904,small
Town_04120,India,31.3839,73.7883,92177,small
Town_04121,India,24.79653,89.98641,94993,small
Town_04122,India,11.43481,79.00137,82061,small
Town_04123,India,14.51342,80.12309,978653,medium
Town_04124,India,16.04709,89.99025,712142,medium
Town_04125,India,26.29725,83.85061,63654,small
Town_04126,India,28.46159,72.55002,59920,small
Town_04127,India,23.41501,94.98243,90484,small
Town_04128,India,11.24125,76.46781,291942,medium
Town_04129,India,27.90456,80.6283,767148,medium
Town_04130,India,31.45678,75.41686,3095645,large
Town_04131,India,24.97235,82.0423,1431432,large
Town_04132,India,26.38425,85.69658,11302216,large
Town_04133,India,24.61763,70.62024,70804,small
Town_04134,India,13.28409,74.57078,48399,small
Town_04135,India,9.449,90.38328,24525,small
Town_04136,India,32.34091,90.21153,45396,small
Town_04137,India,8.66067,87.67025,243513,medium
Town_04138,India,15.55979,87.06936,209025,medium
Town_04139,India,25.47537,97.14257,46177,small
Town_04140,India,29.27296,85.24744,64433,small
Town_04141,India,12.18554,85.03067,97243,small
Town_04142,India,14.05989,89.03547,95147,small
Town_04143,India,10.98578,68.30256,69858,small
Town_04144,India,13.34105,73.27856,2376029,large
Town_04145,India,16.9936,76.85098,60858,small
Town_04146,India,17.48378,93.0457,201437,medium
Town_04147,India,12.29289,68.42127,65941,small
Town_04148,India,29.87009,68.17361,245876,medium
Town_04149,India,30.3991,77.06858,15660634,large
Town_04150,India,16.84266,87.14556,25518,small
Town_04151,India,12.7751,81.5514,78065,small
Town_04152,India,11.26437,91.37047,9021237,large
Town_04153,India,23.76286,79.66013,536249,medium
Town_04154,India,22.57657,96.18881,72176,small
Town_04155,India,14.38523,95.36863,12680043,large
Town_04156,India,15.65895,82.34399,870862,medium
Town_04157,India,20.45388,83.48326,87620,small
Town_04158,India,9.21279,76.41533,32275,small
Town_04159,India,23.13477,87.67862,68560,small
Town_04160,India,35.1173,90.70052,719575,medium
Town_04161,India,15.33646,79.91527,727274,medium
Town_04162,India,34.42036,89.65973,99319,small
Town_04163,India,29.85582,91.23236,93144,small
Town_04164,India,8.70634,95.2741,48653,small
Town_04165,India,10.92395,80.20783,983378,medium
Town_04166,India,30.7904,77.87632,46935,small
Town_04167,India,8.6764,94.52182,476993,medium
Town_04168,India,34.24189,69.36534,61613,small
Town_04169,India,22.18662,84.95433,45589,small
Town_04170,India,16.04832,70.43732,874613,medium
Town_04171,India,31.25695,84.24461,35299,small
Town_04172,India,29.60208,92.50384,64921,small
Town_04173,India,24.44713,87.12217,26166,small
Town_04174,India,35.48572,93.68009,29071,small
Town_04175,India,15.08531,83.60474,15981298,large
Town_04176,India,22.86203,92.05307,66516,small
Town_04177,India,11.36204,71.09726,24543,small
Town_04178,India,9.9514,86.94138,25440,small
Town_04179,India,16.94713,94.65085,92768,small
Town_04180,India,33.60961,69.82763,940835,medium
Town_04181,India,19.47352,84.74715,17645935,large
Town_04182,India,27.02524,86.67008,93268,small
Town_04183,India,11.34953,74.23807,91217,small
Town_04184,India,12.37424,72.48444,73703,small
Town_04185,India,21.42278,83.67665,23481,small
Town_04186,India,27.69452,90.09212,97669,small
Town_04187,India,13.96803,79.48037,93298,small
Town_04188,India,11.38184,94.48731,97034,small
Town_04189,India,18.07778,71.85691,67692,small
Town_04190,India,17.37882,86.81022,50465,small
Town_04191,India,15.63447,72.12254,432819,medium
Town_04192,India,9.36482,90.65944,68882,small
Town_04193,India,8.3172,95.98608,670226,medium
Town_04194,India,35.14102,84.12286,20729,small
Town_04195,India,14.45681,81.69073,460037,medium
Town_04196,India,11.29251,75.88099,12732374,large
Town_04197,India,32.33217,82.09022,90235,small
Town_04198,India,12.14445,94.7362,41551,small
Town_04199,India,11.8331,87.5938,59133,small
Town_04200,India,29.25416,77.70788,67122,small
Town_04201,India,33.44872,70.30368,27077,small
Town_04202,India,32.58491,73.22332,65401,small
Town_04203,India,33.45797,81.5478,41687,small
Town_04204,India,12.55086,72.0031,62480,small
Town_04205,India,17.0278,82.41047,617049,medium
Town_04206,India,13.0736,83.34257,61949,small
Town_04207,India,24.76194,87.54374,24418,small
Town_04208,India,25.07512,88.52536,43435,small
Town_04209,India,16.25877,74.77296,74071,small
Town_04210,India,21.68584,68.16116,41904,small
Town_04211,India,15.78909,75.71309,63110,small
Town_04212,India,19.7352,73.99178,28453,small
Town_04213,India,8.73149,76.95952,595629,medium
Town_04214,India,29.55042,89.28166,334649,medium
Town_04215,India,10.19499,68.93238,120332,medium
Town_04216,India,25.00785,75.48319,77306,small
Town_04217,India,24.79487,78.05516,661917,medium
Town_04218,India,28.96795,84.97193,11117770,large
Town_04219,India,13.93232,95.16965,21271,small
Town_04220,India,20.92908,74.01547,82161,small
Town_04221,India,30.59584,76.96188,601223,medium
Town_04222,India,30.99533,88.12473,1174178,large
Town_04223,India,8.31841,83.07312,95113,small
Town_04224,India,32.24417,83.48239,44428,small
Town_04225,India,26.67172,70.52823,83030,small
Town_04226,India,29.24921,88.73084,62867,small
Town_04227,India,18.983,96.12088,121607,medium
Town_04228,India,8.87018,81.96791,10749877,large
Town_04229,India,32.61362,75.83775,862953,medium
Town_04230,India,24.05674,85.12568,31778,small
Town_04231,India,27.18174,91.29668,789014,medium
Town_04232,India,14.01866,83.00695,87826,small
Town_04233,India,28.03482,95.30979,124810,medium
Town_04234,India,33.83826,93.19786,825832,medium
Town_04235,India,20.58736,93.30771,88398,small
Town_04236,India,26.20557,84.83435,79433,small
Town_04237,India,12.30493,96.38194,54310,small
Town_04238,India,16.42,94.93509,48235,small
Town_04239,India,35.35139,85.30794,537957,medium
Town_04240,India,27.33045,92.45216,55027,small
Town_04241,India,10.06407,89.88278,241758,medium
Town_04242,India,31.70587,76.76012,54769,small
Town_04243,India,22.70224,95.2379,66695,small
Town_04244,India,19.57236,69.31971,70726,small
Town_04245,India,29.71569,75.88968,89633,small
Town_04246,India,24.29243,77.87088,29065,small
Town_04247,India,11.81289,68.97301,11635230,large
Town_04248,India,17.84539,77.34797,37742,small
Town_04249,India,22.64923,83.72087,89231,small
Town_04250,India,30.4834,93.97706,12715746,large
Town_04251,India,18.90086,72.01497,815425,medium
Town_04252,India,33.77283,94.91923,73703,small
Town_04253,India,23.31301,77.49634,71879,small
Town_04254,India,34.77428,81.04981,77847,small
Town_04255,India,31.52607,93.65651,51241,small
Town_04256,India,17.71719,92.3542,48213,small
Town_04257,India,25.54226,78.83755,81682,small
Town_04258,India,26.94695,70.77835,749816,medium
Town_04259,India,26.42376,92.21672,5062780,large
Town_04260,India,31.47779,72.11005,16906268,large
Town_04261,India,15.1939,83.76151,45324,small
Town_04262,India,18.61546,74.73149,17998823,large
Town_04263,India,20.00712,91.39871,946185,medium
Town_04264,India,24.48698,93.30598,8663700,large
Town_04265,India,16.19882,87.53418,84535,small
Town_04266,India,25.47686,94.02962,188893,medium
Town_04267,India,15.82726,73.92916,92557,small
Town_04268,India,9.72049,83.76253,87897,small
Town_04269,India,22.11234,75.26793,89038,small
Town_04270,India,18.64065,78.79583,13599542,large
Town_04271,India,16.33313,90.05595,69876,small
Town_04272,India,10.53022,91.22891,89887,small
Town_04273,India,33.07736,75.53505,47673,small
Town_04274,India,20.49245,87.26445,873745,medium
Town_04275,India,22.66819,84.38968,65587,small
Town_04276,India,10.77421,77.45679,45262,small
Town_04277,India,34.99342,94.0859,28646,small
Town_04278,India,31.06747,82.13334,59672,small
Town_04279,India,26.64283,74.801,24441,small
Town_04280,India,18.73588,74.38679,64416,small
Town_04281,India,12.04444,87.51592,66289,small
Town_04282,India,16.19559,77.42894,41421,small
Town_04283,India,9.62293,78.70079,719744,medium
Town_04284,India,19.88002,89.84312,48439,small
Town_04285,India,12.25548,89.6248,322585,medium
Town_04286,India,10.21962,87.13516,80288,small
Town_04287,India,21.47313,91.36384,72402,small
Town_04288,India,13.91794,69.09214,11553295,large
Town_04289,India,21.92599,94.81334,96277,small
Town_04290,India,17.23992,91.04973,16663568,large
Town_04291,India,32.47026,89.74477,412861,medium
Town_04292,India,21.60602,88.07236,93289,small
Town_04293,India,34.75779,77.90549,95745,small
Town_04294,India,16.61866,74.97498,54972,small
Town_04295,India,34.52202,79.38813,88285,small
Town_04296,India,26.55415,92.8324,387952,medium
Town_04297,India,33.46912,69.85577,634359,medium
Town_04298,India,21.5067,89.24716,74297,small
Town_04299,India,16.54716,69.68871,166472,medium
Town_04300,India,13.19853,77.95116,62233,small
Town_04301,India,27.45071,94.97742,5390205,large
Town_04302,India,14.44407,83.2538,382983,medium
Town_04303,India,14.47801,69.14014,806774,medium
Town_04304,India,25.04863,89.64264,76212,small
Town_04305,India,24.21589,84.01547,51782,small
Town_04306,India,25.5576,92.34271,313468,medium
Town_04307,India,26.23414,77.93298,51856,small
Town_04308,India,11.71447,71.661,33432,small
Town_04309,India,25.63229,78.13486,53352,small
Town_04310,India,30.15531,86.20484,645102,medium
Town_04311,India,18.38276,95.66551,99335,small
Town_04312,India,12.96322,94.11543,80249,small
Town_04313,India,20.60041,69.28147,68316,small
Town_04314,India,34.80806,69.05323,330227,medium
Town_04315,India,35.15651,72.46581,99974,small
Town_04316,India,32.85039,94.80053,78153,small
Town_04317,India,21.72636,75.26184,11196240,large
Town_04318,India,35.06036,73.84833,35512,small
Town_04319,India,13.90136,73.60393,43508,small
Town_04320,India,12.57151,84.60451,27659,small
Town_04321,India,22.45676,76.50266,83391,small
Town_04322,India,20.63618,77.88181,30357,small
Town_04323,India,10.62644,69.1979,67760,small
Town_04324,India,17.90038,86.98458,861857,medium
Town_04325,India,30.3542,73.18706,73530,small
Town_04326,India,26.17539,75.68423,13218499,large
Town_04327,India,29.01532,90.77403,78279,small
Town_04328,India,22.58485,93.99061,14457438,large
Town_04329,India,31.28642,71.7338,17655963,large
Town_04330,India,23.15374,96.12735,25491,small
Town_04331,India,34.98175,73.07203,377471,medium
Town_04332,India,32.41592,88.21336,31415,small
Town_04333,India,27.05227,91.60698,330538,medium
Town_04334,India,16.00336,68.34312,50913,small
Town_04335,India,8.13275,70.01274,635463,medium
Town_04336,India,20.20669,75.15035,64910,small
Town_04337,India,33.58569,73.59819,536094,medium
Town_04338,India,10.65849,81.66976,541192,medium
Town_04339,India,20.40291,95.45743,65490,small
Town_04340,India,34.23593,70.62019,11481651,large
Town_04341,India,18.55529,86.26,549773,medium
Town_04342,India,21.13693,87.89605,90994,small
Town_04343,India,16.89227,90.36104,24868,small
Town_04344,India,31.50165,85.22857,25287,small
Town_04345,India,31.41745,92.09784,53294,small
Town_04346,India,9.48408,75.60555,9105321,large
Town_04347,India,23.32442,84.93782,7118945,large
Town_04348,India,31.87342,77.77379,47361,small
Town_04349,India,33.0227,78.32248,95205,small
Town_04350,India,22.1813,81.87419,64443,small
Town_04351,India,8.83711,71.35903,63118,small
Town_04352,India,28.75376,91.273,87868,small
Town_04353,India,26.44911,82.11486,71709,small
Town_04354,India,24.19135,94.10232,410616,medium
Town_04355,India,20.14516,84.31188,762179,medium
Town_04356,India,20.53983,73.39531,310043,medium
Town_04357,India,32.22055,84.17943,316758,medium
Town_04358,India,23.63598,80.78554,29611,small
Town_04359,India,16.14353,86.37447,26552,small
Town_04360,India,32.74595,70.95371,8506005,large
Town_04361,India,30.60069,73.98061,354805,medium
Town_04362,India,30.83337,85.47527,85360,small
Town_04363,India,18.51207,89.9165,45103,small
Town_04364,India,26.53925,96.06736,92281,small
Town_04365,India,35.4468,73.03252,333313,medium
Town_04366,India,10.49711,70.05971,86067,small
Town_04367,India,23.01873,86.25968,506020,medium
Town_04368,India,33.14225,74.81937,331311,medium
Town_04369,India,28.51634,96.51339,826069,medium
Town_04370,India,33.54585,68.99523,80140,small
Town_04371,India,21.88753,90.68662,51481,small
Town_04372,India,22.4681,89.98323,87757,small
Town_04373,India,13.01315,74.19803,12826875,large
Town_04374,India,19.17163,81.22906,83039,small
Town_04375,India,31.91956,79.71715,66555,small
Town_04376,India,18.2934,78.32618,361558,medium
Town_04377,India,30.52888,70.58301,348457,medium
Town_04378,India,17.48954,76.74786,685320,medium
Town_04379,India,33.67035,75.08762,51405,small
Town_04380,India,19.51535,84.46751,35812,small
Town_04381,India,33.99159,89.40053,88516,small
Town_04382,India,21.73161,70.23524,42191,small
Town_04383,India,34.41592,80.3435,61247,small
Town_04384,India,34.11103,92.51883,25889,small
Town_04385,India,14.36356,69.53721,381804,medium
Town_04386,India,34.63323,88.41521,581568,medium
Town_04387,India,16.64158,72.05426,798826,medium
Town_04388,India,16.16682,90.18339,80227,small
Town_04389,India,26.51466,97.14429,969323,medium
Town_04390,India,30.46112,74.22967,151044,medium
Town_04391,India,14.01207,85.99988,16482469,large
Town_04392,India,29.07713,76.58937,22184,small
Town_04393,India,32.12292,80.08819,892179,medium
Town_04394,India,15.86092,92.00464,34546,small
Town_04395,India,26.63128,89.91621,49554,small
Town_04396,India,19.55646,71.90685,465496,medium
Town_04397,India,11.92498,73.19169,22636,small
Town_04398,India,23.28125,83.58645,26782,small
Town_04399,India,14.0151,79.95725,661703,medium
Town_04400,India,31.81567,74.8564,364074,medium
Town_04401,India,11.38949,83.0963,13939866,large
Town_04402,India,27.44772,84.56671,995937,medium
Town_04403,India,12.52554,89.26143,34944,small
Town_04404,India,13.38668,92.74673,99684,small
Town_04405,India,19.79744,83.97289,42588,small
Town_04406,India,12.23919,91.81003,87856,small
Town_04407,India,28.02778,68.89881,186091,medium
Town_04408,India,26.2837,87.04998,23957,small
Town_04409,India,27.95481,72.78664,22105,small
Town_04410,India,13.74948,73.6819,88786,small
Town_04411,India,18.73363,88.08677,61047,small
Town_04412,India,20.73506,73.67009,54880,small
Town_04413,India,27.63828,72.97523,55027,small
Town_04414,India,30.48572,73.47137,21669,small
Town_04415,India,28.18017,92.57968,309656,medium
Town_04416,India,35.00537,74.28349,57613,small
Town_04417,India,35.39935,84.09512,97375,small
Town_04418,India,16.25529,73.25468,56481,small
Town_04419,India,29.67399,93.92351,76336,small
Town_04420,India,17.7207,71.99811,81033,small
Town_04421,India,20.04023,90.49201,29018,small
Town_04422,India,25.51885,79.46301,84212,small
Town_04423,India,15.92734,68.20657,47980,small
Town_04424,India,19.67712,84.09482,2617914,large
Town_04425,India,26.86982,87.5752,30094,small
Town_04426,India,26.63329,97.21361,59512,small
Town_04427,India,8.24569,71.78932,91510,small
Town_04428,India,29.25685,96.51709,823680,medium
Town_04429,India,11.37556,95.94823,54612,small
Town_04430,India,22.92681,84.64784,44436,small
Town_04431,India,8.36312,94.37853,80084,small
Town_04432,India,23.42696,78.20748,30296,small
Town_04433,India,27.59936,89.54937,878105,medium
Town_04434,India,20.8432,79.82,50326,small
Town_04435,India,19.38143,87.36322,546853,medium
Town_04436,India,33.8413,85.80687,323332,medium
Town_04437,India,19.9643,86.84878,76299,small
Town_04438,India,14.54816,84.24635,91236,small
Town_04439,India,26.43274,68.30047,614275,medium
Town_04440,India,21.71848,81.26016,12772572,large
Town_04441,India,15.22013,81.55636,41827,small
Town_04442,India,21.30453,84.03691,11736503,large
Town_04443,India,31.15736,77.05584,48270,small
Town_04444,India,15.58409,78.82174,50628,small
Town_04445,India,18.38163,78.88288,61899,small
Town_04446,India,27.97111,87.29111,397517,medium
Town_04447,India,32.43709,71.00949,49702,small
Town_04448,India,12.16607,87.87441,693017,medium
Town_04449,India,33.31631,90.61904,180756,medium
Town_04450,India,17.34185,76.39607,67172,small
Town_04451,India,32.47991,69.30535,99760,small
Town_04452,India,31.92167,83.25801,6293045,large
Town_04453,India,17.50531,70.19999,636268,medium
Town_04454,India,20.83806,77.67896,65884,small
Town_04455,India,17.91378,72.06571,834905,medium
Town_04456,India,29.68039,77.47002,49070,small
Town_04457,India,18.71627,76.32101,61973,small
Town_04458,India,26.90503,83.55192,31056,small
Town_04459,India,32.6882,84.55813,26888,small
Town_04460,India,11.49799,72.34863,174809,medium
Town_04461,India,18.47803,69.41694,64318,small
Town_04462,India,15.19407,91.72589,27586,small
Town_04463,India,11.98471,94.55291,882975,medium
Town_04464,India,30.88884,96.2767,980649,medium
Town_04465,India,25.2587,80.65965,55076,small
Town_04466,India,15.85168,76.03578,73183,small
Town_04467,India,31.86363,75.68164,495987,medium
Town_04468,India,24.19171,79.61063,65675,small
Town_04469,India,20.65628,86.16798,78045,small
Town_04470,India,12.44463,75.80216,79381,small
Town_04471,India,19.36039,77.83172,738514,medium
Town_04472,India,29.28459,71.42513,701208,medium
Town_04473,India,19.22691,93.93637,448220,medium
Town_04474,India,24.88927,87.53141,173932,medium
Town_04475,India,11.81125,94.89974,604735,medium
Town_04476,India,13.61013,82.71569,818359,medium
Town_04477,India,23.15353,70.16534,897965,medium
Town_04478,India,13.3795,94.81337,42393,small
Town_04479,India,14.90618,68.71978,65666,small
Town_04480,India,15.83329,69.64904,23737,small
Town_04481,India,24.27494,88.97102,92946,small
Town_04482,India,8.58696,79.55528,663091,medium
Town_04483,India,32.86682,82.36945,89610,small
Town_04484,India,26.03971,91.29547,290021,medium
Town_04485,India,12.57905,93.682,45095,small
Town_04486,India,34.62473,87.4174,11441314,large
Town_04487,India,15.02711,92.39949,85168,small
Town_04488,India,16.44783,85.71813,56602,small
Town_04489,India,9.08057,96.54772,467834,medium
Town_04490,India,20.94206,91.07942,479288,medium
Town_04491,India,31.91908,79.7851,59093,small
Town_04492,India,24.41301,74.3593,321246,medium
Town_04493,India,22.83935,87.56267,95012,small
Town_04494,India,24.89813,73.76767,91324,small
Town_04495,India,20.02179,92.81495,916545,medium
Town_04496,India,25.66443,91.57548,36887,small
Town_04497,India,11.75024,91.56473,96506,small
Town_04498,India,9.21061,75.76112,4499698,large
Town_04499,India,17.91042,95.33829,574600,medium
Town_04500,India,14.92388,88.12391,87639,small
Town_04501,India,26.89028,91.81988,605502,medium
Town_04502,India,9.17112,90.38783,98564,small
Town_04503,India,26.16951,90.45765,350305,medium
Town_04504,India,24.11658,84.17023,984335,medium
Town_04505,India,20.59226,70.12686,88760,small
Town_04506,India,29.60441,97.17628,471083,medium
Town_04507,India,15.8019,80.82351,64802,small
Town_04508,India,26.40315,69.85027,72704,small
Town_04509,India,15.68067,82.07119,565948,medium
Town_04510,India,17.61339,94.97332,34402,small
Town_04511,India,33.61589,91.44247,4508857,large
Town_04512,India,15.25406,76.96896,6152287,large
Town_04513,India,22.18294,88.06767,77049,small
Town_04514,India,33.68763,92.83484,96296,small
Town_04515,India,22.50698,97.33944,156324,medium
Town_04516,India,31.02744,94.10886,66714,small
Town_04517,India,15.57461,73.56101,95328,small
Town_04518,India,18.0945,69.37783,23017,small
Town_04519,India,22.57585,81.66959,65082,small
Town_04520,India,20.27031,80.37913,44776,small
Town_04521,India,16.3651,91.12694,423059,medium
Town_04522,India,11.97093,73.15558,65209,small
Town_04523,India,8.61553,87.18393,89396,small
Town_04524,India,14.20105,86.19068,574093,medium
Town_04525,India,11.31449,70.88299,26360,small
Town_04526,India,31.52702,77.91093,85439,small
Town_04527,India,29.63301,77.09523,56052,small
Town_04528,India,27.42734,80.10526,293590,medium
Town_04529,India,14.23918,83.31661,433388,medium
Town_04530,India,33.2425,77.86882,17083365,large
Town_04531,India,17.89143,88.17624,1610617,large
Town_04532,India,25.86056,80.14476,51647,small
Town_04533,India,35.44355,88.81166,53901,small
Town_04534,India,24.84779,88.84907,775350,medium
Town_04535,India,21.75359,92.83909,27187,small
Town_04536,India,12.75525,69.3467,14580096,large
Town_04537,India,8.59942,89.25518,612737,medium
Town_04538,India,29.07373,72.10304,47829,small
Town_04539,India,32.35242,95.26261,280164,medium
Town_04540,India,17.5995,88.30564,17771122,large
Town_04541,India,18.0202,88.73285,410155,medium
Town_04542,India,34.7323,69.05453,64719,small
Town_04543,India,17.07256,92.19925,91894,small
Town_04544,India,34.67483,81.1147,83278,small
Town_04545,India,18.12531,82.71916,79055,small
Town_04546,India,28.45182,73.17937,25201,small
Town_04547,India,17.06717,73.3808,79626,small
Town_04548,India,33.25791,88.56082,99588,small
Town_04549,India,33.53147,78.85604,497666,medium
Town_04550,India,17.46338,75.07929,54216,small
Town_04551,India,34.86862,71.22063,99116,small
Town_04552,India,14.29083,86.69469,23907,small
Town_04553,India,30.96412,96.74132,127746,medium
Town_04554,India,29.61529,71.04154,617125,medium
Town_04555,India,12.93567,85.0126,81523,small
Town_04556,India,33.63363,79.04683,664642,medium
Town_04557,India,20.8126,77.06618,51500,small
Town_04558,India,20.37439,73.23593,17547401,large
Town_04559,India,31.17414,86.75967,82685,small
Town_04560,India,8.24747,69.23799,75924,small
Town_04561,India,25.81187,87.39398,50304,small
Town_04562,India,30.54168,73.12008,97339,small
Town_04563,India,13.1536,69.60506,20139,small
Town_04564,India,19.20738,84.21121,1979615,large
Town_04565,India,15.69579,83.84184,508399,medium
Town_04566,India,28.8142,75.66891,39706,small
Town_04567,India,32.46773,87.20421,35913,small
Town_04568,India,25.98244,81.1219,32120,small
Town_04569,India,13.45571,93.79994,96603,small
Town_04570,India,14.49806,77.62952,34604,small
Town_04571,India,34.77488,87.20917,35597,small
Town_04572,India,10.89553,89.31597,40769,small
Town_04573,India,27.53661,72.83686,20619,small
Town_04574,India,34.55479,69.16633,82526,small
Town_04575,India,18.72093,69.14499,90237,small
Town_04576,India,31.60837,88.65611,15611814,large
Town_04577,India,33.95158,92.97589,35600,small
Town_04578,India,12.89937,82.28327,22624,small
Town_04579,India,25.61711,71.26999,92464,small
Town_04580,India,22.91872,92.44645,366093,medium
Town_04581,India,16.30622,75.27584,42113,small
Town_04582,India,27.80894,75.50169,2110473,large
Town_04583,India,22.20628,78.85522,927942,medium
Town_04584,India,31.86868,95.02824,5010476,large
Town_04585,India,14.03603,85.98457,35914,small
Town_04586,India,27.9393,80.24551,28521,small
Town_04587,India,29.08221,78.75192,827319,medium
Town_04588,India,31.00927,70.44915,51006,small
Town_04589,India,23.22516,72.19911,77657,small
Town_04590,India,33.43435,88.17637,81834,small
Town_04591,India,22.88872,90.8006,23498,small
Town_04592,India,34.42125,91.93163,482817,medium
Town_04593,India,35.07203,92.67973,368106,medium
Town_04594,India,32.77009,85.8765,57296,small
Town_04595,India,24.781,92.85269,746970,medium
Town_04596,India,24.62762,92.70096,539882,medium
Town_04597,India,11.77936,91.02238,12481050,large
Town_04598,India,15.48581,88.54741,91757,small
Town_04599,India,29.21253,75.99798,97621,small
Town_04600,India,24.59926,97.38271,454695,medium
Town_04601,India,25.19372,70.72507,72525,small
Town_04602,India,21.85137,87.94825,24116,small
Town_04603,India,16.79847,70.09187,17876144,large
Town_04604,India,10.28481,78.67855,62794,small
Town_04605,India,19.94134,69.36184,86562,small
Town_04606,India,25.20092,88.66459,77886,small
Town_04607,India,25.15026,68.0613,71060,small
Town_04608,India,31.49316,91.5978,46136,small
Town_04609,India,11.99619,92.20296,724397,medium
Town_04610,India,19.82748,69.22542,532387,medium
Town_04611,India,25.03709,78.63288,476439,medium
Town_04612,India,19.70784,92.43169,69882,small
Town_04613,India,23.65542,88.69799,518832,medium
Town_04614,India,14.62475,68.06001,61599,small
Town_04615,India,16.46926,87.36958,53019,small
Town_04616,India,35.08977,79.39263,38756,small
Town_04617,India,33.16594,95.41032,90060,small
Town_04618,India,12.46323,85.72475,73536,small
Town_04619,India,31.48489,95.07256,77497,small
Town_04620,India,12.06897,90.03205,15471053,large
Town_04621,India,8.03592,90.53787,89801,small
Town_04622,India,29.91591,81.13975,73072,small
Town_04623,India,23.35495,83.58463,70976,small
Town_04624,India,21.38593,85.60759,66226,small
Town_04625,India,18.25957,70.19636,609003,medium
Town_04626,India,12.77852,81.14764,22766,small
Town_04627,India,26.90652,89.01886,752463,medium
Town_04628,India,12.31665,83.79372,827063,medium
Town_04629,India,34.66839,72.37318,83531,small
Town_04630,India,32.52902,93.46012,47591,small
Town_04631,India,29.17811,71.3475,54301,small
Town_04632,India,31.36892,89.80492,87747,small
Town_04633,India,21.86593,89.40987,91716,small
Town_04634,India,18.73342,71.56772,809174,medium
Town_04635,India,8.74263,93.56893,69610,small
Town_04636,India,26.87674,95.74813,87943,small
Town_04637,India,13.88793,87.05789,60874,small
Town_04638,India,22.92113,92.10564,155985,medium
Town_04639,India,25.93051,93.61282,510459,medium
Town_04640,India,33.8641,81.65898,30322,small
Town_04641,India,22.30288,86.81576,101934,medium
Town_04642,India,23.68034,83.63512,926707,medium
Town_04643,India,19.55161,92.2644,53602,small
Town_04644,India,29.24434,88.34608,37881,small
Town_04645,India,18.23541,84.29164,157157,medium
Town_04646,India,23.59842,72.86512,31992,small
Town_04647,India,19.55079,72.62552,4170120,large
Town_04648,India,20.65788,85.42515,81619,small
Town_04649,India,30.19921,91.88764,171694,medium
Town_04650,India,19.264,74.47979,52664,small
Town_04651,India,14.84629,96.36006,79500,small
Town_04652,India,15.82218,69.58319,72456,small
Town_04653,India,11.3284,69.96619,39092,small
Town_04654,India,31.58206,77.13514,372172,medium
Town_04655,India,29.45364,69.30024,473348,medium
Town_04656,India,30.72518,68.13303,84083,small
Town_04657,India,30.9836,69.15438,80413,small
Town_04658,India,27.2239,85.46162,130468,medium
Town_04659,India,31.16875,73.06094,974509,medium
Town_04660,India,11.39505,90.73642,24124,small
Town_04661,India,16.64998,96.05772,68609,small
Town_04662,India,17.90342,87.16588,773639,medium
Town_04663,India,20.22894,80.03701,8783333,large
Town_04664,India,26.04057,90.83143,69176,small
Town_04665,India,33.38058,92.4979,33517,small
Town_04666,India,17.51636,84.88786,75287,small
Town_04667,India,25.30863,71.56268,770223,medium
Town_04668,India,14.69319,89.48594,98436,small
Town_04669,India,34.67331,96.84782,483441,medium
Town_04670,India,19.74185,87.87086,80375,small
Town_04671,India,16.4178,83.17565,9984947,large
Town_04672,India,17.66013,97.34642,17534920,large
Town_04673,India,32.92714,89.65988,71201,small
Town_04674,India,27.32102,97.10635,44090,small
Town_04675,India,8.81241,76.96026,34273,small
Town_04676,India,11.11517,91.25559,8955917,large
Town_04677,India,9.58873,94.23332,85693,small
Town_04678,India,23.53162,90.87041,95164,small
Town_04679,India,32.8265,94.4137,82222,small
Town_04680,India,13.64136,81.46147,48401,small
Town_04681,India,10.81421,84.96096,90849,small
Town_04682,India,13.13619,68.99989,33326,small
Town_04683,India,19.53601,70.45536,700045,medium
Town_04684,India,13.23687,81.47702,56364,small
Town_04685,India,28.11701,81.32765,687046,medium
Town_04686,India,20.8305,91.89805,888248,medium
Town_04687,India,22.55743,76.21512,242051,medium
Town_04688,India,28.73985,73.28597,29922,small
Town_04689,India,26.65609,90.17542,52845,small
Town_04690,India,12.65281,91.43342,14743423,large
Town_04691,India,16.50435,96.46027,614825,medium
Town_04692,India,28.74074,71.46248,40353,small
Town_04693,India,33.38243,86.26168,408880,medium
Town_04694,India,14.83659,75.4979,21541,small
Town_04695,India,12.43303,89.72687,22375,small
Town_04696,India,25.83032,71.90935,236881,medium
Town_04697,India,33.86315,68.43175,67887,small
Town_04698,India,28.64033,96.56521,483295,medium
Town_04699,India,24.36366,96.46113,20820,small
Town_04700,India,14.88121,77.29391,29983,small
Town_04701,India,20.34532,79.16159,51307,small
Town_04702,India,32.02264,73.45467,47331,small
Town_04703,India,10.28343,72.05419,73837,small
Town_04704,India,13.09864,80.76994,76289,small
Town_04705,India,12.88588,89.54754,515605,medium
Town_04706,India,16.35251,74.98303,72312,small
Town_04707,India,28.60721,92.66337,972693,medium
Town_04708,India,24.15983,91.25994,57257,small
Town_04709,India,14.28941,97.30016,8409251,large
Town_04710,India,22.24962,93.84503,194486,medium
Town_04711,India,15.72115,81.13307,98519,small
Town_04712,India,17.48672,75.38841,13480309,large
Town_04713,India,9.33747,83.42607,44501,small
Town_04714,India,33.34278,80.12788,61508,small
Town_04715,India,15.03769,77.25903,41858,small
Town_04716,India,20.84007,75.5594,57340,small
Town_04717,India,12.54501,88.03824,58409,small
Town_04718,India,26.4061,95.7328,581605,medium
Town_04719,India,29.50431,88.08059,69263,small
Town_04720,India,33.99515,73.23511,3181760,large
Town_04721,India,31.24616,88.32519,60150,small
Town_04722,India,11.64388,80.66697,6831737,large
Town_04723,India,11.17181,71.25652,269257,medium
Town_04724,India,23.69286,78.84101,230663,medium
Town_04725,India,27.24677,80.75393,301656,medium
Town_04726,India,18.33344,96.10617,979802,medium
Town_04727,India,23.20311,70.08238,85396,small
Town_04728,India,33.39087,76.72171,40752,small
Town_04729,India,31.4073,89.79399,59580,small
Town_04730,India,21.50024,90.31271,38256,small
Town_04731,India,20.70606,78.60971,153110,medium
Town_04732,India,32.88512,92.69203,850362,medium
Town_04733,India,30.39408,86.83775,49563,small
Town_04734,India,29.28978,93.5358,217062,medium
Town_04735,India,15.71691,82.7638,405846,medium
Town_04736,India,34.51458,82.13284,82469,small
Town_04737,India,22.95498,85.17271,63129,small
Town_04738,India,35.06247,84.68667,39263,small
Town_04739,India,29.56245,76.57213,79311,small
Town_04740,India,11.81079,84.35488,64248,small
Town_04741,India,11.7186,90.82756,28644,small
Town_04742,India,24.78407,71.76094,78771,small
Town_04743,India,18.1023,79.52527,489358,medium
Town_04744,India,11.1483,69.56536,224979,medium
Town_04745,India,16.56001,74.68507,840612,medium
Town_04746,India,8.15877,73.50201,498687,medium
Town_04747,India,13.86196,69.19318,7758750,large
Town_04748,India,22.66519,75.6602,25905,small
Town_04749,India,29.88231,88.6119,243151,medium
Town_04750,India,21.19355,72.73943,7893584,large
Town_04751,India,24.58985,80.05505,16050924,large
Town_04752,India,10.91398,79.32239,96812,small
Town_04753,India,22.17142,69.82289,44509,small
Town_04754,India,33.73638,72.5033,69375,small
Town_04755,India,23.1303,71.57459,93075,small
Town_04756,India,27.63627,95.43835,28652,small
Town_04757,India,32.17841,74.52991,93175,small
Town_04758,India,21.47767,81.41615,485766,medium
Town_04759,India,9.13409,94.52159,40180,small
Town_04760,India,20.43629,85.03462,27958,small
Town_04761,India,21.47429,83.35138,603854,medium
Town_04762,India,16.19574,83.69394,731086,medium
Town_04763,India,12.89479,91.72916,64574,small
Town_04764,India,15.98546,95.80684,673245,medium
Town_04765,India,9.39244,77.50799,583371,medium
Town_04766,India,31.27598,91.19587,67078,small
Town_04767,India,33.70659,82.77058,37662,small
Town_04768,India,17.26269,86.78842,34318,small
Town_04769,India,14.38072,83.11182,530477,medium
Town_04770,India,22.38075,90.61464,628897,medium
Town_04771,India,19.88698,71.80523,22706,small
Town_04772,India,30.69044,72.40129,709541,medium
Town_04773,India,12.02047,96.73976,341340,medium
Town_04774,India,33.51747,72.02912,682875,medium
Town_04775,India,14.71686,79.43559,49285,small
Town_04776,India,24.04658,81.26926,34576,small
Town_04777,India,27.72778,78.53138,32537,small
Town_04778,India,17.23882,89.41882,87081,small
Town_04779,India,12.74213,94.46581,116621,medium
Town_04780,India,16.65719,73.65028,161859,medium
Town_04781,India,22.56023,70.06813,12619726,large
Town_04782,India,8.3513,68.07129,38162,small
Town_04783,India,24.5605,71.32814,97757,small
Town_04784,India,28.46127,78.55489,53958,small
Town_04785,India,12.6683,93.91033,10714201,large
Town_04786,India,9.7474,96.54492,87999,small
Town_04787,India,29.66018,83.77781,23774,small
Town_04788,India,25.84665,84.21322,169593,medium
Town_04789,India,12.3749,86.15063,64307,small
Town_04790,India,14.46778,95.18117,26427,small
Town_04791,India,10.49167,90.51637,354046,medium
Town_04792,India,18.29148,87.9125,72317,small
Town_04793,India,34.37956,89.22002,54640,small
Town_04794,India,25.02434,92.21581,4968507,large
Town_04795,India,31.44764,78.2418,65887,small
Town_04796,India,32.79422,96.72177,35727,small
Town_04797,India,30.48727,86.42676,770164,medium
Town_04798,India,23.05639,88.40383,945545,medium
Town_04799,India,27.48362,71.44204,4359156,large
Town_04800,India,23.1201,94.8633,87897,small
Town_04801,India,23.8823,86.44787,599580,medium
Town_04802,India,24.33843,91.81637,461175,medium
Town_04803,India,10.00246,83.76751,178481,medium
Town_04804,India,32.45061,96.96292,55108,small
Town_04805,India,11.99799,81.01611,482910,medium
Town_04806,India,22.29456,96.65205,38345,small
Town_04807,India,9.10455,96.98657,90119,small
Town_04808,India,23.16214,97.22766,16188608,large
Town_04809,India,30.56785,87.28158,27016,small
Town_04810,India,17.07808,94.37505,90155,small
Town_04811,India,16.97557,97.00152,101996,medium
Town_04812,India,30.48205,94.98572,361705,medium
Town_04813,India,29.6652,70.18028,13451367,large
Town_04814,India,35.25706,96.81128,69857,small
Town_04815,India,9.18004,91.74633,880886,medium
Town_04816,India,19.89405,70.51026,156417,medium
Town_04817,India,28.51476,78.59262,585644,medium
Town_04818,India,32.86823,90.52265,81650,small
Town_04819,India,15.43639,84.45716,11791044,large
Town_04820,India,16.23397,86.42919,15850096,large
Town_04821,India,24.94978,83.26056,36205,small
Town_04822,India,26.54312,94.65401,571522,medium
Town_04823,India,14.48604,93.32016,687052,medium
Town_04824,India,8.8678,78.10296,2287066,large
Town_04825,India,24.65666,75.27948,46922,small
Town_04826,India,32.06871,79.40839,13373823,large
Town_04827,India,31.00611,89.47887,79845,small
Town_04828,India,31.29536,76.23414,91048,small
Town_04829,India,8.06731,74.35468,49231,small
Town_04830,India,11.68951,89.47793,11681312,large
Town_04831,India,19.1012,85.01938,87239,small
Town_04832,India,35.12299,82.85422,54775,small
Town_04833,India,13.83411,92.68475,58719,small
Town_04834,India,16.97445,78.2549,99755,small
Town_04835,India,13.10665,82.67603,16428127,large
Town_04836,India,13.52526,86.21338,58238,small
Town_04837,India,12.81398,89.33555,200043,medium
Town_04838,India,18.92597,91.22782,54160,small
Town_04839,India,11.22059,86.69769,172296,medium
Town_04840,India,21.19377,92.5235,99352,small
Town_04841,India,15.60828,80.90899,88589,small
Town_04842,India,33.31492,70.40194,430811,medium
Town_04843,India,32.04542,94.38875,23930,small
Town_04844,India,24.1203,93.73924,975910,medium
Town_04845,India,25.34658,97.37762,90871,small
Town_04846,India,14.96344,86.03048,20496,small
Town_04847,India,10.1937,92.18687,737125,medium
Town_04848,India,29.73696,82.12341,140759,medium
Town_04849,India,31.90229,82.54552,105824,medium
Town_04850,India,28.63566,81.96885,85695,small
Town_04851,India,12.04521,87.14812,17516591,large
Town_04852,India,23.59692,82.36736,431315,medium
Town_04853,India,34.61091,70.89575,57606,small
Town_04854,India,31.18723,83.78847,90934,small
Town_04855,India,8.89585,68.49803,24709,small
Town_04856,India,14.178,74.85217,32671,small
Town_04857,India,15.50416,73.62207,2018167,large
Town_04858,India,13.10779,93.797,63101,small
Town_04859,India,34.97675,75.86721,214225,medium
Town_04860,India,24.45657,77.13113,50564,small
Town_04861,India,13.53816,96.58054,54756,small
Town_04862,India,31.76361,86.56859,37179,small
Town_04863,India,28.8964,71.78547,63924,small
Town_04864,India,35.37947,77.46589,10525445,large
Town_04865,India,11.22255,77.29592,11458670,large
Town_04866,India,29.83953,86.01022,95704,small
Town_04867,India,15.73867,73.1921,99119,small
Town_04868,India,16.7596,83.83053,406043,medium
Town_04869,India,21.52082,68.5102,73540,small
Town_04870,India,26.07861,73.22778,55877,small
Town_04871,India,20.22958,78.12449,38966,small
Town_04872,India,17.9787,82.10849,38939,small
Town_04873,India,22.90052,79.38577,77640,small
Town_04874,India,11.91269,97.22728,99410,small
Town_04875,India,27.15648,94.21247,12469064,large
Town_04876,India,24.25567,97.23177,65013,small
Town_04877,India,31.96565,85.07452,317166,medium
Town_04878,India,33.18717,94.78097,13156779,large
Town_04879,India,32.52206,81.3228,98966,small
Town_04880,India,18.6804,80.01748,25246,small
Town_04881,India,21.76055,85.4629,563589,medium
Town_04882,India,30.47172,89.70615,79322,small
Town_04883,India,8.65845,72.60953,180269,medium
Town_04884,India,27.19508,93.80046,48773,small
Town_04885,India,20.85614,84.43539,11543858,large
Town_04886,India,16.10069,72.64635,639494,medium
Town_04887,India,17.48707,90.52176,26787,small
Town_04888,India,19.11672,77.99394,97981,small
Town_04889,India,14.2678,91.71808,364443,medium
Town_04890,India,31.05084,68.7409,33014,small
Town_04891,India,35.04138,70.4025,120739,medium
Town_04892,India,12.41357,69.11007,23936,small
Town_04893,India,15.58125,70.56224,70101,small
Town_04894,India,20.56626,89.69742,11886815,large
Town_04895,India,32.09762,73.56336,300631,medium
Town_04896,India,15.80738,78.48006,83197,small
Town_04897,India,13.30285,81.03904,472505,medium
Town_04898,India,23.7138,95.76706,20536,small
Town_04899,India,29.76814,80.64041,56457,small
Town_04900,India,29.19455,90.98757,278584,medium
Town_04901,India,19.19101,68.27684,23059,small
Town_04902,India,20.52991,95.87428,69945,small
Town_04903,India,21.12303,87.77835,32298,small
Town_04904,India,15.79658,86.57818,71378,small
Town_04905,India,14.60872,96.18886,94252,small
Town_04906,India,9.4255,85.64989,576406,medium
Town_04907,India,21.41164,73.84024,856667,medium
Town_04908,India,29.1681,85.75333,60403,small
Town_04909,India,35.18941,69.8691,599885,medium
Town_04910,India,27.84145,83.3232,29151,small
Town_04911,India,17.81291,70.96984,88890,small
Town_04912,India,34.62754,70.56774,91065,small
Town_04913,India,27.34977,86.8508,52433,small
Town_04914,India,27.28896,80.37882,49154,small
Town_04915,India,35.15577,83.7043,237379,medium
Town_04916,India,12.06866,73.16094,8400378,large
Town_04917,India,8.25352,76.5378,97731,small
Town_04918,India,26.97833,96.41213,31399,small
Town_04919,India,15.9552,69.28963,68129,small
Town_04920,India,11.4526,79.51788,74308,small
Town_04921,India,15.76425,88.02737,82850,small
Town_04922,India,31.99174,95.83256,92591,small
Town_04923,India,35.095,92.32147,98396,small
Town_04924,India,22.77778,74.63658,50564,small
Town_04925,India,11.62843,92.94756,90146,small
Town_04926,India,32.91395,75.97121,74871,small
Town_04927,India,21.46457,68.67972,712765,medium
Town_04928,India,17.78121,71.25584,29584,small
Town_04929,India,10.52384,85.53893,593534,medium
Town_04930,India,18.60007,82.09385,30197,small
Town_04931,India,29.59593,69.75629,33451,small
Town_04932,India,32.04269,83.94378,68866,small
Town_04933,India,27.04605,81.54328,84814,small
Town_04934,India,26.5727,71.45684,73731,small
Town_04935,India,28.99963,84.67821,620380,medium
Town_04936,India,26.78087,91.07314,41780,small
Town_04937,India,17.14519,83.2096,67559,small
Town_04938,India,13.1547,89.92851,7160648,large
Town_04939,India,28.44155,76.3736,202179,medium
Town_04940,India,13.52905,81.9503,716533,medium
Town_04941,India,12.92301,90.69322,485433,medium
Town_04942,India,11.03803,78.05338,96331,small
Town_04943,India,18.89596,78.03472,96259,small
Town_04944,India,34.45095,72.02259,31146,small
Town_04945,India,12.96447,77.13817,428589,medium
Town_04946,India,33.13074,81.25682,159467,medium
Town_04947,India,18.89775,69.80263,32034,small
Town_04948,India,10.30097,77.98419,263676,medium
Town_04949,India,26.19243,90.02455,94985,small
Town_04950,India,31.84042,85.97042,444594,medium
Town_04951,India,25.36388,95.28255,380349,medium
Town_04952,India,34.01792,76.0595,58587,small
Town_04953,India,17.65424,70.58628,93491,small
Town_04954,India,31.59927,85.98119,77633,small
Town_04955,India,15.13181,88.49084,34210,small
Town_04956,India,11.67821,87.23336,34950,small
Town_04957,India,33.97971,87.6327,30206,small
Town_04958,India,13.06201,73.29516,34683,small
Town_04959,India,29.99354,79.39018,91441,small
Town_04960,India,34.03394,89.22932,319699,medium
Town_04961,India,11.34121,85.87872,513554,medium
Town_04962,India,9.04849,78.40837,59919,small
Town_04963,India,8.75957,90.67288,91239,small
Town_04964,India,18.02485,96.43864,80232,small
Town_04965,India,14.36951,73.2024,51935,small
Town_04966,India,18.23963,84.81588,84333,small
Town_04967,India,26.71414,82.89996,414080,medium
Town_04968,India,22.98869,91.32409,53601,small
Town_04969,India,27.35224,88.1685,57696,small
Town_04970,India,11.36003,75.75352,6413205,large
Town_04971,India,24.11315,80.69216,493036,medium
Town_04972,India,19.65452,80.95887,11734884,large
Town_04973,India,17.30861,86.18925,503745,medium
Town_04974,India,13.61013,70.25222,152315,medium
Town_04975,India,8.06259,96.59049,45772,small
Town_04976,India,35.4016,96.81692,92764,small
Town_04977,India,12.96366,92.14313,156569,medium
Town_04978,India,29.12978,88.18528,62834,small
Town_04979,India,27.74843,96.20923,50755,small
Town_04980,India,22.59714,93.81904,91906,small
Town_04981,India,22.38693,71.08802,91244,small
Town_04982,India,30.59616,97.27833,394444,medium
Town_04983,India,15.78213,85.76657,144700,medium
Town_04984,India,23.68274,86.95801,5499658,large
Town_04985,India,8.04669,72.37399,80706,small
Town_04986,India,25.52735,84.97529,58188,small
Town_04987,India,20.02332,88.94198,427204,medium
Town_04988,India,13.94554,78.41159,64850,small
Town_04989,India,19.48496,80.59534,21501,small
Town_04990,India,14.39893,94.3394,34587,small
Town_04991,India,19.91191,71.99227,44509,small
Town_04992,India,8.21506,72.81487,84210,small
Town_04993,India,18.38711,96.81198,69983,small
Town_04994,India,35.06323,95.67745,57362,small
Town_04995,India,26.51698,80.37012,265638,medium
Town_04996,India,9.03969,80.3423,865634,medium
Town_04997,India,29.48191,68.52953,1935697,large
Town_04998,India,9.82258,72.70155,347595,medium
Town_04999,India,34.38247,84.65327,94798,small
Town_05000,India,23.92537,88.31583,69752,small
Town_05001,India,22.85728,94.54853,64246,small
Town_05002,India,13.70577,84.09808,54811,small
Town_05003,India,22.3198,76.69567,740705,medium
Town_05004,India,30.66534,87.22438,986389,medium
Town_05005,India,23.72122,71.2927,33992,small
Town_05006,India,17.10909,96.71702,11860019,large
Town_05007,India,14.20252,85.31921,654965,medium
Town_05008,India,34.165,78.81913,87207,small
Town_05009,India,23.01511,84.11246,89853,small
Town_05010,India,11.37009,72.28536,53563,small
Town_05011,India,26.76308,82.64383,808879,medium
Town_05012,India,31.77384,72.04671,10412112,large
Town_05013,India,16.87196,80.5747,44194,small
Town_05014,India,22.6651,96.99678,96095,small
Town_05015,India,17.23205,96.57164,349017,medium
Town_05016,India,34.26466,91.23641,36289,small
Town_05017,India,10.71886,96.20148,70697,small
Town_05018,India,19.85696,79.01547,75570,small
Town_05019,India,17.53194,83.34356,839505,medium
Town_05020,India,23.54711,91.8175,52709,small
Town_05021,India,29.39222,93.90594,20283,small
Town_05022,India,18.16262,90.60503,11559942,large
Town_05023,India,11.75576,79.92646,755037,medium
Town_05024,India,33.63116,83.44337,55227,small
Town_05025,India,21.81398,95.12506,36023,small
Town_05026,India,31.81448,85.3287,509631,medium
Town_05027,India,24.29709,69.09337,648247,medium
Town_05028,India,19.01069,77.4635,8692178,large
Town_05029,India,23.24265,89.07609,13852409,large
Town_05030,India,26.93302,90.86812,89131,small
Town_05031,India,30.99025,68.96696,54904,small
Town_05032,India,20.97183,73.2863,50270,small
Town_05033,India,17.53751,83.66453,49776,small
Town_05034,India,33.48054,69.48963,31730,small
Town_05035,India,32.29504,73.97346,685749,medium
Town_05036,India,13.55889,96.61395,21465,small
Town_05037,India,29.66884,73.56071,30184,small
Town_05038,India,33.48579,95.83553,83259,small
Town_05039,India,15.72829,74.93438,21741,small
Town_05040,India,8.08409,80.537,788280,medium
Town_05041,India,31.57633,88.90967,49050,small
Town_05042,India,33.44589,84.16721,8717959,large
Town_05043,India,32.25807,94.88804,35966,small
Town_05044,India,9.01043,94.92023,868999,medium
Town_05045,India,12.96997,92.83176,46593,small
Town_05046,India,24.1793,93.98923,75382,small
Town_05047,India,27.5955,82.25079,14330645,large
Town_05048,India,16.83666,80.02506,97788,small
Town_05049,India,13.10592,92.85302,498181,medium
Town_05050,India,21.73275,75.23939,94418,small
Town_05051,India,27.55192,88.96398,98413,small
Town_05052,India,19.46996,88.57869,325349,medium
Town_05053,India,10.15754,87.19683,204078,medium
Town_05054,India,23.35815,79.86344,14003682,large
Town_05055,India,35.32532,90.48282,79544,small
Town_05056,India,27.3441,86.77293,14712151,large
Town_05057,India,23.79066,74.32017,81649,small
Town_05058,India,25.51452,94.81405,23321,small
Town_05059,India,15.88657,82.15294,8978825,large
Town_05060,India,20.00412,70.52618,41178,small
Town_05061,India,18.19832,71.8843,27924,small
Town_05062,India,32.13033,91.0233,17763475,large
Town_05063,India,10.03711,78.98524,5534730,large
Town_05064,India,19.99955,76.42689,60273,small
Town_05065,India,26.70301,69.31498,35400,small
Town_05066,India,23.13339,69.10905,69676,small
Town_05067,India,20.60438,79.12801,46929,small
Town_05068,India,27.62775,76.55682,80749,small
Town_05069,India,26.71622,80.76375,29248,small
Town_05070,India,15.22707,87.97506,58493,small
Town_05071,India,11.98003,89.68731,471346,medium
Town_05072,India,8.31524,71.41952,7303359,large
Town_05073,India,30.86486,93.3632,1002184,large
Town_05074,India,32.81976,77.82773,8473781,large
Town_05075,India,34.55555,94.77663,33556,small
Town_05076,India,33.57076,94.72882,813872,medium
Town_05077,India,12.88126,69.5647,50303,small
Town_05078,India,30.74147,75.2938,81603,small
Town_05079,India,19.28795,72.9406,83619,small
Town_05080,India,13.57275,77.76774,92123,small
Town_05081,India,15.02026,94.49596,84211,small
Town_05082,India,32.21983,95.17679,634415,medium
Town_05083,India,10.90765,79.87848,38103,small
Town_05084,India,31.85566,95.43444,52228,small
Town_05085,India,13.85335,86.04742,63855,small
Town_05086,India,32.53674,84.76452,99186,small
Town_05087,India,12.04206,77.66412,394004,medium
Town_05088,India,34.63706,84.76295,47212,small
Town_05089,India,29.82046,70.07169,42622,small
Town_05090,India,34.81594,88.7568,63530,small
Town_05091,India,19.27087,68.90738,20485,small
Town_05092,India,20.70328,85.99699,516087,medium
Town_05093,India,27.15274,71.41941,45370,small
Town_05094,India,32.99365,97.02573,9014235,large
Town_05095,India,12.23773,75.10262,48571,small
Town_05096,India,27.82214,85.50929,806802,medium
Town_05097,India,35.27538,91.49884,70310,small
Town_05098,India,11.60648,93.59906,44956,small
Town_05099,India,29.69009,83.53221,607298,medium
Town_05100,India,25.95381,86.44931,209778,medium
Town_05101,India,23.44914,86.97542,31286,small
Town_05102,India,23.8094,68.70015,87592,small
Town_05103,India,32.45243,78.76462,22038,small
Town_05104,India,26.65831,90.07392,78141,small
Town_05105,India,28.12378,94.33245,55213,small
Town_05106,India,29.32316,80.90095,871303,medium
Town_05107,India,13.58459,71.24068,836038,medium
Town_05108,India,17.45447,69.25179,683357,medium
Town_05109,India,34.56521,85.53346,84714,small
Town_05110,India,11.20844,69.4889,39758,small
Town_05111,India,16.6369,91.86613,63870,small
Town_05112,India,15.95125,68.80155,34510,small
Town_05113,India,22.81126,73.93949,3125173,large
Town_05114,India,20.81982,94.6344,81157,small
Town_05115,India,29.13661,78.09898,86994,small
Town_05116,India,24.1561,89.28416,583098,medium
Town_05117,India,23.48873,86.00435,697367,medium
Town_05118,India,9.01776,82.163,819157,medium
Town_05119,India,27.23501,88.93976,48060,small
Town_05120,India,22.6043,74.07336,428352,medium
Town_05121,India,28.08997,95.5169,76280,small
Town_05122,India,17.41288,73.71136,599372,medium
Town_05123,India,14.67887,70.90312,82370,small
Town_05124,India,17.72093,73.20567,26155,small
Town_05125,India,24.60432,85.27586,786463,medium
Town_05126,India,11.93192,77.04059,57459,small
Town_05127,India,33.25,83.89539,136400,medium
Town_05128,India,29.07,76.94126,40402,small
Town_05129,India,28.65545,68.07575,613922,medium
Town_05130,India,11.79186,84.52727,90666,small
Town_05131,India,12.08757,86.20564,24360,small
Town_05132,India,30.17673,83.75666,214411,medium
Town_05133,India,29.52136,90.38047,439595,medium
Town_05134,India,22.75843,72.2352,48007,small
Town_05135,India,33.05879,91.68394,31154,small
Town_05136,India,22.02148,81.5658,76378,small
Town_05137,India,12.98779,70.97567,84676,small
Town_05138,India,26.33729,72.29764,13599178,large
Town_05139,India,19.58388,93.87121,651167,medium
Town_05140,India,34.26105,72.43857,94237,small
Town_05141,India,33.77086,70.8092,756020,medium
Town_05142,India,21.83675,85.92502,455940,medium
Town_05143,India,20.31234,93.62747,981991,medium
Town_05144,India,24.86582,75.85719,1319016,large
Town_05145,India,18.2223,94.7539,97687,small
Town_05146,India,28.11303,90.60673,193206,medium
Town_05147,India,32.43667,69.41107,863037,medium
Town_05148,India,33.40846,90.75966,16513194,large
Town_05149,India,32.54211,95.74046,88445,small
Town_05150,India,26.44023,97.29638,602939,medium
Town_05151,India,25.10142,79.77705,79888,small
Town_05152,India,29.48814,83.66656,722944,medium
Town_05153,India,28.3907,96.47357,587974,medium
Town_05154,India,17.38392,68.97417,84017,small
Town_05155,India,20.69099,82.81043,72483,small
Town_05156,India,30.87062,76.92794,37581,small
Town_05157,India,29.94247,88.12869,38223,small
Town_05158,India,23.72615,87.77814,60425,small
Town_05159,India,32.01964,79.19009,98089,small
Town_05160,India,17.2987,70.48153,872824,medium
Town_05161,India,29.9469,68.78512,72158,small
Town_05162,India,18.27382,69.09086,26238,small
Town_05163,India,8.11953,82.11277,27764,small
Town_05164,India,8.24273,93.90974,85466,small
Town_05165,India,13.90427,70.90497,918267,medium
Town_05166,India,10.87945,69.13404,59085,small
Town_05167,India,15.26127,89.2623,614849,medium
Town_05168,India,16.11013,95.98381,570440,medium
Town_05169,India,8.4608,88.13661,78087,small
Town_05170,India,24.88732,72.99581,78992,small
Town_05171,India,19.66997,76.59498,82047,small
Town_05172,India,15.74787,96.25979,65618,small
Town_05173,India,14.25529,91.3121,37878,small
Town_05174,India,26.87415,83.99553,86015,small
Town_05175,India,15.59504,76.25759,42960,small
Town_05176,India,13.62206,83.4867,94552,small
Town_05177,India,18.88655,89.68294,51566,small
Town_05178,India,33.19083,82.59658,22338,small
Town_05179,India,17.79987,93.37497,71464,small
Town_05180,India,24.0296,73.18928,599420,medium
Town_05181,India,26.93997,77.33032,47873,small
Town_05182,India,29.06535,93.41311,61165,small
Town_05183,India,16.89845,77.33109,8719313,large
Town_05184,India,22.45651,95.97806,36241,small
Town_05185,India,26.7214,76.59227,35726,small
Town_05186,India,30.20991,75.48965,763680,medium
Town_05187,India,31.48505,82.76928,755510,medium
Town_05188,India,11.31003,72.59186,564420,medium
Town_05189,India,17.23577,91.87018,61968,small
Town_05190,India,31.64751,91.80829,81406,small
Town_05191,India,19.63076,94.03933,611465,medium
Town_05192,India,26.45187,68.78465,63010,small
Town_05193,India,32.19147,80.26319,9137241,large
Town_05194,India,26.1306,78.418,932868,medium
Town_05195,India,12.14187,69.28078,88980,small
Town_05196,India,32.41968,92.49109,648652,medium
Town_05197,India,31.31153,91.73359,810682,medium
Town_05198,India,34.88747,72.29557,209409,medium
Town_05199,India,10.66806,75.52453,44311,small
Town_05200,India,13.4467,80.01271,53042,small
Town_05201,India,15.60277,92.07744,64293,small
Town_05202,India,26.13396,80.60836,43050,small
Town_05203,India,22.47906,71.62074,290009,medium
Town_05204,India,28.93783,82.41414,79559,small
Town_05205,India,29.37283,68.62271,86541,small
Town_05206,India,22.4981,81.2258,223028,medium
Town_05207,India,19.30485,71.33273,36051,small
Town_05208,India,27.42882,82.10494,15152851,large
Town_05209,India,15.39588,79.36,99432,small
Town_05210,India,13.57734,92.70705,24818,small
Town_05211,India,26.98443,83.76843,812749,medium
Town_05212,India,20.84151,89.16681,71020,small
Town_05213,India,16.7578,90.49295,462822,medium
Town_05214,India,29.50941,83.8094,93964,small
Town_05215,India,30.84413,85.72012,70868,small
Town_05216,India,13.00619,89.69934,77143,small
Town_05217,India,21.34572,74.90263,9451109,large
Town_05218,India,9.98204,78.78015,50344,small
Town_05219,India,28.60845,79.68624,644716,medium
Town_05220,India,28.02176,86.68784,13875070,large
Town_05221,India,10.39427,77.38963,70574,small
Town_05222,India,16.08788,84.90867,836071,medium
Town_05223,India,26.24152,74.66006,5473901,large
Town_05224,India,12.02121,83.08183,35061,small
Town_05225,India,8.33505,79.00803,1862963,large
Town_05226,India,25.87177,76.97316,3629896,large
Town_05227,India,15.89798,80.18206,66441,small
Town_05228,India,12.72965,85.87473,85332,small
Town_05229,India,24.08827,69.52831,30088,small
Town_05230,India,24.55884,78.66091,4755222,large
Town_05231,India,12.81196,95.38928,83599,small
Town_05232,India,21.84533,69.43824,439031,medium
Town_05233,India,24.89888,88.94837,10918402,large
Town_05234,India,27.56305,95.18956,229504,medium
Town_05235,India,26.4108,69.72534,899504,medium
Town_05236,India,33.29105,89.51222,635577,medium
Town_05237,India,15.08339,90.95056,48420,small
Town_05238,India,35.03493,85.25564,78603,small
Town_05239,India,8.82073,96.95636,81983,small
Town_05240,India,12.13076,70.13566,72290,small
Town_05241,India,9.3247,77.46253,667610,medium
Town_05242,India,26.0646,94.26366,15692113,large
Town_05243,India,24.74343,94.36093,58926,small
Town_05244,India,14.00025,74.60236,2844999,large
Town_05245,India,25.72292,69.26062,588073,medium
Town_05246,India,20.11952,94.92369,252704,medium
Town_05247,India,23.17912,86.2477,69423,small
Town_05248,India,10.53213,87.50055,192288,medium
Town_05249,India,22.13269,69.56134,166225,medium
Town_05250,India,27.82815,74.85874,89475,small
Town_05251,India,28.16759,80.30868,7791637,large
Town_05252,India,23.14518,68.63722,24298,small
Town_05253,India,13.98558,96.04469,50219,small
Town_05254,India,24.71554,79.36578,666009,medium
Town_05255,India,32.87725,72.15904,86567,small
Town_05256,India,23.1795,74.73136,140653,medium
Town_05257,India,23.46428,75.4936,432625,medium
Town_05258,India,26.48411,89.11592,41181,small
Town_05259,India,14.79727,83.16709,69277,small
Town_05260,India,21.44283,75.04024,963395,medium
Town_05261,India,23.71509,76.07995,634446,medium
Town_05262,India,17.67763,87.49559,781386,medium
Town_05263,India,14.12407,90.10908,409204,medium
Town_05264,India,34.39007,87.95489,26492,small
Town_05265,India,21.54725,77.79971,405923,medium
Town_05266,India,22.55913,90.10932,52060,small
Town_05267,India,9.34464,91.02555,570299,medium
Town_05268,India,8.13809,91.92527,605204,medium
Town_05269,India,26.41154,79.34629,50252,small
Town_05270,India,18.51711,82.14185,586123,medium
Town_05271,India,25.49707,80.33785,21641,small
Town_05272,India,14.99362,74.16087,92168,small
Town_05273,India,12.15291,95.53812,75878,small
Town_05274,India,19.4641,76.72499,27634,small
Town_05275,India,31.79716,68.42428,37767,small
Town_05276,India,11.87896,86.41915,4936566,large
Town_05277,India,22.1048,85.99976,9028133,large
Town_05278,India,29.84357,68.75939,806247,medium
Town_05279,India,18.20918,68.62882,896904,medium
Town_05280,India,35.302,83.07068,76877,small
Town_05281,India,24.6071,96.01906,1466594,large
Town_05282,India,17.38255,84.06679,38223,small
Town_05283,India,23.19926,92.98174,59583,small
Town_05284,India,10.6797,95.3642,55101,small
Town_05285,India,33.96184,75.7484,27168,small
Town_05286,India,10.60507,75.70241,81858,small
Town_05287,India,22.67393,91.02406,597697,medium
Town_05288,India,30.64644,82.81206,7795505,large
Town_05289,India,23.4414,68.552,864393,medium
Town_05290,India,16.16037,79.78306,86296,small
Town_05291,India,21.64893,90.00165,53149,small
Town_05292,India,31.03741,94.98316,3575377,large
Town_05293,India,35.40744,88.53348,64681,small
Town_05294,India,17.22196,88.73117,294917,medium
Town_05295,India,29.17564,77.00202,36941,small
Town_05296,India,14.6838,76.55332,26323,small
Town_05297,India,17.90203,76.23469,177285,medium
Town_05298,India,25.66831,82.30818,83298,small
Town_05299,India,14.21168,94.54027,32064,small
Town_05300,India,20.91856,79.39471,84252,small
Town_05301,India,17.84309,72.28928,58001,small
Town_05302,India,17.47315,95.44272,860432,medium
Town_05303,India,19.22106,92.16501,35549,small
Town_05304,India,12.87601,91.47816,170793,medium
Town_05305,India,19.18501,89.59767,655000,medium
Town_05306,India,34.53033,71.58987,92261,small
Town_05307,India,16.91591,95.91655,4745501,large
Town_05308,India,10.13463,92.4755,246099,medium
Town_05309,India,12.70799,96.86459,783803,medium
Town_05310,India,32.74225,81.13461,32515,small
Town_05311,India,25.50243,85.12444,29950,small
Town_05312,India,9.29242,68.24387,437651,medium
Town_05313,India,29.14028,82.50697,56433,small
Town_05314,India,23.61329,85.06859,5638428,large
Town_05315,India,16.18084,74.58488,36633,small
Town_05316,India,9.38927,82.31384,93895,small
Town_05317,India,26.66639,94.81758,85667,small
Town_05318,India,24.84726,86.54828,15499618,large
Town_05319,India,9.65549,94.70929,770459,medium
Town_05320,India,8.28469,83.5895,603469,medium
Town_05321,India,9.68249,76.83744,97476,small
Town_05322,India,27.6408,71.58504,44033,small
Town_05323,India,22.04997,77.79114,78370,small
Town_05324,India,26.00567,87.0673,5540849,large
Town_05325,India,30.06428,90.47848,166684,medium
Town_05326,India,29.02214,78.88912,96386,small
Town_05327,India,8.49478,87.64089,311979,medium
Town_05328,India,11.65603,71.55511,97506,small
Town_05329,India,15.1519,89.91232,492807,medium
Town_05330,India,32.73835,70.43292,7256526,large
Town_05331,India,8.41066,83.36342,784481,medium
Town_05332,India,29.77907,96.08421,84617,small
Town_05333,India,33.63908,72.06577,57479,small
Town_05334,India,8.58463,71.97481,532609,medium
Town_05335,India,26.87687,87.39117,97121,small
Town_05336,India,34.48572,94.46967,4126765,large
Town_05337,India,10.19702,86.13391,86448,small
Town_05338,India,24.76877,71.44598,63762,small
Town_05339,India,16.63957,81.92673,68669,small
Town_05340,India,17.50767,88.46076,99527,small
Town_05341,India,24.0583,92.91841,40868,small
Town_05342,India,16.52627,69.93264,326724,medium
Town_05343,India,14.84229,90.49408,27688,small
Town_05344,India,24.16626,71.03455,73161,small
Town_05345,India,9.94281,82.63482,23769,small
Town_05346,India,17.19598,85.381,85961,small
Town_05347,India,14.99181,89.27578,41470,small
Town_05348,India,9.26878,93.79991,275451,medium
Town_05349,India,19.54514,78.06091,75759,small
Town_05350,India,19.39808,72.6455,24856,small
Town_05351,India,27.76529,82.62749,145318,medium
Town_05352,India,18.44851,97.02791,46144,small
Town_05353,India,9.04229,89.948,136834,medium
Town_05354,India,13.9925,75.14604,91136,small
Town_05355,India,29.13121,92.73494,540649,medium
Town_05356,India,15.80771,92.19246,7517309,large
Town_05357,India,24.40698,83.69841,25201,small
Town_05358,India,18.43839,82.52976,661172,medium
Town_05359,India,11.36177,85.67086,124361,medium
Town_05360,India,22.43109,68.52698,68921,small
Town_05361,India,30.19965,84.17931,51241,small
Town_05362,India,20.80721,74.3992,761588,medium
Town_05363,India,15.57596,75.71783,367534,medium
Town_05364,India,20.24395,87.10258,60841,small
Town_05365,India,14.89381,71.3062,788667,medium
Town_05366,India,20.39656,69.18986,7705327,large
Town_05367,India,21.61125,70.9079,694905,medium
Town_05368,India,9.27625,96.51854,71055,small
Town_05369,India,13.29759,87.71139,56600,small
Town_05370,India,30.71168,89.55069,30660,small
Town_05371,India,21.53345,76.32924,81615,small
Town_05372,India,26.80001,89.6299,87332,small
Town_05373,India,32.7746,69.82918,97123,small
Town_05374,India,8.06355,84.01693,86262,small
Town_05375,India,33.72222,88.83395,993090,medium
Town_05376,India,21.2221,76.19938,691587,medium
Town_05377,India,8.52273,94.12713,16072810,large
Town_05378,India,12.49576,70.20111,94194,small
Town_05379,India,15.11762,68.14992,70165,small
Town_05380,India,19.50742,94.88262,93086,small
Town_05381,India,30.59741,89.99198,82255,small
Town_05382,India,26.38954,68.66484,805111,medium
Town_05383,India,16.23537,92.51696,51473,small
Town_05384,India,28.73171,73.63957,65589,small
Town_05385,India,18.08257,77.86597,15365568,large
Town_05386,India,20.4661,94.83122,314742,medium
Town_05387,India,11.98084,89.21421,941576,medium
Town_05388,India,8.14757,88.43396,910745,medium
Town_05389,India,26.04143,70.08064,28565,small
Town_05390,India,26.73094,92.03228,20016,small
Town_05391,India,34.95873,79.11891,96582,small
Town_05392,India,30.62227,69.79328,41196,small
Town_05393,India,16.43093,76.2811,2049112,large
Town_05394,India,30.16984,96.96924,91280,small
Town_05395,India,16.4362,83.06376,38947,small
Town_05396,India,26.12996,82.82204,385527,medium
Town_05397,India,10.83557,84.56639,5259194,large
Town_05398,India,21.01393,81.68387,45594,small
Town_05399,India,24.79853,88.28056,85229,small
Town_05400,India,11.14627,80.06498,368527,medium
Town_05401,India,12.95949,70.94136,76983,small
Town_05402,India,13.01397,93.95931,312835,medium
Town_05403,India,28.95577,85.46471,29705,small
Town_05404,India,35.36973,89.7926,28516,small
Town_05405,India,22.48028,96.20846,87145,small
Town_05406,India,23.18689,86.79066,93352,small
Town_05407,India,26.36073,92.51921,27154,small
Town_05408,India,20.92631,82.8098,37400,small
Town_05409,India,16.20837,76.45105,2067278,large
Town_05410,India,10.28791,96.90498,48516,small
Town_05411,India,9.13262,96.00891,42714,small
Town_05412,India,17.41446,74.34934,32049,small
Town_05413,India,14.36456,74.79583,24076,small
Town_05414,India,30.02387,78.51228,4324028,large
Town_05415,India,34.86949,95.96166,934136,medium
Town_05416,India,29.77117,82.17423,534393,medium
Town_05417,India,21.63529,87.11315,119986,medium
Town_05418,India,10.42985,92.12903,78690,small
Town_05419,India,9.56314,70.83451,52712,small
Town_05420,India,30.65221,74.88863,222990,medium
Town_05421,India,31.78786,87.99289,5098593,large
Town_05422,India,34.75635,85.24369,81135,small
Town_05423,India,23.75795,85.55854,81324,small
Town_05424,India,20.73472,72.56536,43444,small
Town_05425,India,20.27504,68.31891,49720,small
Town_05426,India,32.09594,91.72895,771360,medium
Town_05427,India,18.27854,91.91183,876884,medium
Town_05428,India,24.01606,95.66935,34486,small
Town_05429,India,32.20716,72.0015,139914,medium
Town_05430,India,26.74676,82.21535,15745589,large
Town_05431,India,19.01921,79.88398,926696,medium
Town_05432,India,8.62807,71.40162,286955,medium
Town_05433,India,12.43122,68.57302,81340,small
Town_05434,India,28.38002,91.72551,32301,small
Town_05435,India,20.45715,97.44552,11582293,large
Town_05436,India,24.52592,79.93603,54159,small
Town_05437,India,17.78063,71.62297,24544,small
Town_05438,India,32.54565,78.77523,52735,small
Town_05439,India,28.5388,95.19142,464795,medium
Town_05440,India,32.83462,73.95768,89064,small
Town_05441,India,29.8606,72.6276,93375,small
Town_05442,India,9.09271,80.17569,44502,small
Town_05443,India,25.1692,87.9393,63894,small
Town_05444,India,25.63726,72.64813,947124,medium
Town_05445,India,32.55093,81.76959,812883,medium
Town_05446,India,16.27402,70.58847,98569,small
Town_05447,India,33.14824,73.58313,63786,small
Town_05448,India,26.67703,74.25429,57829,small
Town_05449,India,12.06148,76.94305,99761,small
Town_05450,India,14.73368,94.90266,503114,medium
Town_05451,India,24.93124,85.76342,698876,medium
Town_05452,India,22.10172,96.38073,66928,small
Town_05453,India,20.18492,73.61122,49942,small
Town_05454,India,9.95244,89.75171,80822,small
Town_05455,India,23.85373,79.06872,97805,small
Town_05456,India,27.86721,86.97195,61893,small
Town_05457,India,25.43135,94.82304,10040551,large
Town_05458,India,12.6017,87.99755,65131,small
Town_05459,India,12.17195,92.436,662963,medium
Town_05460,India,31.38625,91.68719,96369,small
Town_05461,India,23.75156,89.25613,138501,medium
Town_05462,India,24.33678,77.1476,579709,medium
Town_05463,India,22.41995,70.77649,89713,small
Town_05464,India,13.7917,96.49606,53921,small
Town_05465,India,28.20776,80.88839,11459717,large
Town_05466,India,26.28117,83.47587,1430779,large
Town_05467,India,33.20597,74.49637,77550,small
Town_05468,India,24.56734,97.36952,593689,medium
Town_05469,India,16.82062,86.00001,70807,small
Town_05470,India,19.52799,85.17155,643809,medium
Town_05471,India,24.21881,84.96497,381803,medium
Town_05472,India,8.18823,75.43183,673959,medium
Town_05473,India,18.35091,83.27387,43029,small
Town_05474,India,32.12711,74.9074,665623,medium
Town_05475,India,23.55844,69.91213,11898959,large
Town_05476,India,27.64473,83.17988,46585,small
Town_05477,India,12.94117,71.73941,95717,small
Town_05478,India,29.14628,86.85455,980731,medium
Town_05479,India,29.40167,89.89,22583,small
Town_05480,India,23.00765,88.93398,11703031,large
Town_05481,India,34.3086,94.33385,594158,medium
Town_05482,India,27.19478,90.05771,66206,small
Town_05483,India,9.59561,92.53606,13050940,large
Town_05484,India,25.60364,77.79911,60248,small
Town_05485,India,21.84491,90.20614,92961,small
Town_05486,India,31.43233,75.5714,578599,medium
Town_05487,India,19.90502,92.02067,12964367,large
Town_05488,India,23.38824,84.94481,75908,small
Town_05489,India,28.58481,97.24822,28630,small
Town_05490,India,33.06237,92.20152,788880,medium
Town_05491,India,17.17847,94.91559,534680,medium
Town_05492,India,17.72826,91.26696,37918,small
Town_05493,India,13.51994,91.70754,68307,small
Town_05494,India,10.48656,70.91113,728379,medium
Town_05495,India,28.41714,85.91056,6268102,large
Town_05496,India,17.35466,74.72482,66292,small
Town_05497,India,31.76002,92.89596,76357,small
Town_05498,India,16.35467,96.44139,97069,small
Town_05499,India,30.19828,74.04161,147523,medium
Town_05500,India,35.3244,85.73525,46554,small
Town_05501,India,24.09109,92.37555,62298,small
Town_05502,India,9.57477,89.58734,68131,small
Town_05503,India,16.88817,84.10677,64629,small
Town_05504,India,26.86485,82.86058,59567,small
Town_05505,India,13.35031,69.91617,45498,small
Town_05506,India,17.32957,70.20925,967640,medium
Town_05507,India,26.21549,87.90786,12027206,large
Town_05508,India,8.39294,85.76032,862271,medium
Town_05509,India,29.10593,70.95829,57088,small
Town_05510,India,20.59955,87.114,61282,small
Town_05511,India,15.69533,78.43237,76329,small
Town_05512,India,13.97109,79.08062,79917,small
Town_05513,India,15.48444,84.90613,76623,small
Town_05514,India,29.84365,97.35713,15205993,large
Town_05515,India,33.4964,77.69541,146581,medium
Town_05516,India,14.87268,71.95423,32387,small
Town_05517,India,8.62013,97.34921,90526,small
Town_05518,India,15.59994,69.3951,184074,medium
Town_05519,India,20.06611,79.02872,30179,small
Town_05520,India,16.48054,80.31407,831901,medium
Town_05521,India,26.38423,69.96267,262626,medium
Town_05522,India,20.42112,84.69311,31945,small
Town_05523,India,8.51525,90.38674,1567500,large
Town_05524,India,24.17281,73.89306,42496,small
Town_05525,India,9.40726,92.28924,983518,medium
Town_05526,India,31.17556,88.14867,61767,small
Town_05527,India,19.67989,70.68432,29099,small
Town_05528,India,9.16696,80.13478,48442,small
Town_05529,India,24.81596,76.02327,130095,medium
Town_05530,India,26.52969,70.55322,82197,small
Town_05531,India,20.7257,79.5551,749489,medium
Town_05532,India,20.77841,70.20736,374410,medium
Town_05533,India,16.64106,86.04447,35358,small
Town_05534,India,25.59342,83.62187,60412,small
Town_05535,India,9.30852,87.12509,13283595,large
Town_05536,India,23.60781,70.68636,79929,small
Town_05537,India,15.29191,73.14325,59645,small
Town_05538,India,33.16893,76.82192,156244,medium
Town_05539,India,27.25425,72.54015,42004,small
Town_05540,India,26.85722,69.03968,3949020,large
Town_05541,India,28.88708,93.91925,245323,medium
Town_05542,India,26.83581,68.25419,13515850,large
Town_05543,India,27.30077,86.31673,6419374,large
Town_05544,India,25.53407,87.25837,765673,medium
Town_05545,India,29.86053,71.7972,545746,medium
Town_05546,India,24.47902,83.10042,69491,small
Town_05547,India,30.62407,86.67335,57593,small
Town_05548,India,20.97674,85.08899,166793,medium
Town_05549,India,29.06176,89.85598,98231,small
Town_05550,India,30.19066,88.67818,68358,small
Town_05551,India,21.93533,80.10992,31028,small
Town_05552,India,22.57189,84.49823,88681,small
Town_05553,India,15.66453,76.87588,932409,medium
Town_05554,India,34.70796,91.47535,11058743,large
Town_05555,India,14.8691,91.12977,3893647,large
Town_05556,India,19.52502,94.18282,36126,small
Town_05557,India,30.50329,91.57877,46615,small
Town_05558,India,11.98782,72.10635,91957,small
Town_05559,India,18.28208,95.83113,90998,small
Town_05560,India,10.6582,88.60147,606381,medium
Town_05561,India,22.62284,79.27852,271629,medium
Town_05562,India,21.04342,90.14182,36595,small
Town_05563,India,10.84776,83.38793,50890,small
Town_05564,India,31.67513,92.50941,85198,small
Town_05565,India,20.3763,87.18267,21869,small
Town_05566,India,17.25145,86.07404,47762,small
Town_05567,India,14.04897,70.00414,47580,small
Town_05568,India,11.34729,70.27236,68623,small
Town_05569,India,30.64894,93.87368,24740,small
Town_05570,India,31.58466,93.3714,6028361,large
Town_05571,India,28.0797,72.02246,89807,small
Town_05572,India,18.65327,70.31877,42542,small
Town_05573,India,27.18268,90.93512,1724218,large
Town_05574,India,27.10775,80.44682,89973,small
Town_05575,India,28.60245,96.60199,78195,small
Town_05576,India,8.29387,89.6884,64639,small
Town_05577,India,14.90848,92.12654,43359,small
Town_05578,India,22.99851,70.84269,10415522,large
Town_05579,India,28.6019,90.6737,149788,medium
Town_05580,India,31.89781,69.93595,569560,medium
Town_05581,India,16.87347,83.78852,191792,medium
Town_05582,India,30.09534,79.56472,54463,small
Town_05583,India,24.95018,89.40785,1885060,large
Town_05584,India,17.97491,68.00534,218992,medium
Town_05585,India,12.14477,89.1334,89968,small
Town_05586,India,24.09225,71.70375,84395,small
Town_05587,India,22.22527,80.19702,86650,small
Town_05588,India,27.88867,87.43363,719702,medium
Town_05589,India,12.42993,75.08152,10298888,large
Town_05590,India,24.8361,89.64556,37585,small
Town_05591,India,26.59719,95.43132,36202,small
Town_05592,India,16.65214,75.96916,37028,small
Town_05593,India,16.65888,75.78762,315755,medium
Town_05594,India,30.72978,85.8558,57306,small
Town_05595,India,19.90146,74.22242,62996,small
Town_05596,India,19.2189,86.78029,78054,small
Town_05597,India,11.27,84.49826,55770,small
Town_05598,India,32.78037,72.21562,9472223,large
Town_05599,India,17.57227,76.2166,54504,small
Town_05600,India,31.60443,82.33141,71548,small
Town_05601,India,32.66438,92.50833,52147,small
Town_05602,India,20.52567,85.5839,681460,medium
Town_05603,India,22.19936,72.53426,41363,small
Town_05604,India,10.92312,72.50792,893352,medium
Town_05605,India,22.04754,77.05826,95338,small
Town_05606,India,10.54308,77.67898,9527537,large
Town_05607,India,20.9216,96.81888,13181895,large
Town_05608,India,14.38636,91.79021,283282,medium
Town_05609,India,10.52303,84.37754,14935524,large
Town_05610,India,28.05281,76.3681,56289,small
Town_05611,India,12.10268,95.11871,21125,small
Town_05612,India,16.91593,96.77433,77159,small
Town_05613,India,23.42693,68.58789,580739,medium
Town_05614,India,17.4412,74.3842,52108,small
Town_05615,India,18.9879,97.28312,78688,small
Town_05616,India,17.14794,94.76585,842732,medium
Town_05617,India,18.99684,81.79764,25479,small
Town_05618,India,24.08109,91.6629,60042,small
Town_05619,India,20.89397,72.66504,365569,medium
Town_05620,India,13.77707,84.09826,61609,small
Town_05621,India,22.57508,76.17681,992294,medium
Town_05622,India,9.95521,79.48626,304034,medium
Town_05623,India,13.59105,69.26095,83893,small
Town_05624,India,18.05128,95.83349,44528,small
Town_05625,India,18.58958,82.54104,20173,small
Town_05626,India,21.89672,90.79188,921864,medium
Town_05627,India,30.23487,87.15285,10875215,large
Town_05628,India,17.47106,83.34366,32252,small
Town_05629,India,16.41958,77.19203,572174,medium
Town_05630,India,23.811,84.53935,60369,small
Town_05631,India,35.09021,75.01473,95228,small
Town_05632,India,19.88776,68.09584,46561,small
Town_05633,India,31.37523,88.99251,151817,medium
Town_05634,India,10.41168,83.83302,91018,small
Town_05635,India,21.19637,95.73235,51352,small
Town_05636,India,16.43119,96.91854,89283,small
Town_05637,India,10.3972,78.86389,84715,small
Town_05638,India,34.80721,83.56743,268551,medium
Town_05639,India,26.49667,89.79608,56494,small
Town_05640,India,19.84656,97.00137,76224,small
Town_05641,India,13.2158,91.17686,63482,small
Town_05642,India,30.50238,95.25204,97209,small
Town_05643,India,24.4277,97.03007,81001,small
Town_05644,India,9.78237,87.66801,192108,medium
Town_05645,India,26.95267,68.05556,85254,small
Town_05646,India,35.06993,93.72991,86412,small
Town_05647,India,29.28691,88.53499,46226,small
Town_05648,India,15.7195,75.6043,954580,medium
Town_05649,India,25.43501,92.1063,782227,medium
Town_05650,India,11.5508,85.73244,50427,small
Town_05651,India,33.74943,76.09545,14950158,large
Town_05652,India,32.24693,93.0864,41296,small
Town_05653,India,29.55104,97.21277,17988704,large
Town_05654,India,34.41087,79.31962,826714,medium
Town_05655,India,24.15925,86.63036,59054,small
Town_05656,India,35.22322,95.57229,63278,small
Town_05657,India,9.24662,87.72104,617904,medium
Town_05658,India,17.81507,78.38776,29207,small
Town_05659,India,18.07869,87.32502,95947,small
Town_05660,India,26.84283,85.12024,92220,small
Town_05661,India,32.7118,95.65379,51718,small
Town_05662,India,10.18487,77.56353,11925692,large
Town_05663,India,13.52268,97.46088,21439,small
Town_05664,India,21.36443,69.81862,35708,small
Town_05665,India,24.67007,84.49583,22186,small
Town_05666,India,34.61755,71.36803,74711,small
Town_05667,India,18.25727,80.15872,91137,small
Town_05668,India,33.01003,90.36375,75466,small
Town_05669,India,21.23365,71.57902,358746,medium
Town_05670,India,8.41345,84.53936,725638,medium
Town_05671,India,21.7374,68.72886,95113,small
Town_05672,India,14.4944,74.10613,55813,small
Town_05673,India,34.64833,83.29249,50221,small
Town_05674,India,30.73286,97.16289,310709,medium
Town_05675,India,23.93321,78.96943,20395,small
Town_05676,India,15.07106,69.34604,673708,medium
Town_05677,India,29.15792,71.84565,54953,small
Town_05678,India,17.97063,83.18395,95284,small
Town_05679,India,28.47925,80.8792,78702,small
Town_05680,India,19.72426,78.46109,34024,small
Town_05681,India,28.15708,78.52637,35611,small
Town_05682,India,12.46503,74.74838,86075,small
Town_05683,India,15.33423,89.36475,98794,small
Town_05684,India,31.23983,78.39469,998956,medium
Town_05685,India,30.05041,77.53881,28406,small
Town_05686,India,20.59834,70.49514,41842,small
Town_05687,India,29.01987,87.13005,65753,small
Town_05688,India,17.67288,80.81054,89360,small
Town_05689,India,25.10554,72.43758,49697,small
Town_05690,India,29.53969,87.79691,69609,small
Town_05691,India,34.77064,87.2023,42611,small
Town_05692,India,19.19393,72.43468,29907,small
Town_05693,India,33.17106,77.11469,237266,medium
Town_05694,India,8.43686,68.73158,7476583,large
Town_05695,India,14.5948,89.04162,23879,small
Town_05696,India,23.31737,96.56363,48033,small
Town_05697,India,29.1932,84.60523,39240,small
Town_05698,India,30.15061,86.69252,27065,small
Town_05699,India,18.49973,69.85528,82468,small
Town_05700,India,16.10807,89.32273,37191,small
Town_05701,India,17.04809,86.50578,559054,medium
Town_05702,India,22.65453,73.54537,7508511,large
Town_05703,India,12.21166,93.32192,98799,small
Town_05704,India,33.18887,89.76489,61320,small
Town_05705,India,21.84967,72.91462,80942,small
Town_05706,India,29.44757,77.41521,44236,small
Town_05707,India,20.44933,71.09064,42790,small
Town_05708,India,17.12628,68.45515,90804,small
Town_05709,India,34.99502,79.27189,55688,small
Town_05710,India,27.1564,95.96276,594069,medium
Town_05711,India,24.09641,75.41349,52727,small
Town_05712,India,32.16566,91.16822,700132,medium
Town_05713,India,28.24612,88.34999,239225,medium
Town_05714,India,11.21273,76.27372,13444183,large
Town_05715,India,33.11193,86.83526,65069,small
Town_05716,India,13.48864,90.59234,709426,medium
Town_05717,India,8.38448,83.12759,273116,medium
Town_05718,India,35.13809,86.64099,343543,medium
Town_05719,India,22.14879,70.60151,87772,small
Town_05720,India,22.92087,89.9023,32599,small
Town_05721,India,18.40145,77.87964,14697781,large
Town_05722,India,12.21015,89.71348,93332,small
Town_05723,India,30.49603,79.16775,965136,medium
Town_05724,India,15.74823,68.63905,571161,medium
Town_05725,India,24.69998,72.02212,714312,medium
Town_05726,India,31.39838,87.30548,22975,small
Town_05727,India,9.60571,76.56909,6874871,large
Town_05728,India,14.42519,87.54569,92019,small
Town_05729,India,32.54623,74.38439,43456,small
Town_05730,India,26.34695,69.53491,22449,small
Town_05731,India,33.70283,76.25675,95820,small
Town_05732,India,13.88256,81.36963,50663,small
Town_05733,India,9.18866,94.63153,46677,small
Town_05734,India,15.50736,75.16622,335833,medium
Town_05735,India,16.55558,68.78959,57409,small
Town_05736,India,12.56327,87.50504,990052,medium
Town_05737,India,13.05155,81.59923,807834,medium
Town_05738,India,31.05918,86.51329,13371709,large
Town_05739,India,30.88833,72.90943,47271,small
Town_05740,India,24.97302,91.8457,769640,medium
Town_05741,India,34.06898,70.54402,21681,small
Town_05742,India,24.21734,69.57692,48341,small
Town_05743,India,11.85694,87.42622,31290,small
Town_05744,India,21.71781,72.58707,936634,medium
Town_05745,India,21.2133,73.04888,5194674,large
Town_05746,India,22.47302,71.555,97424,small
Town_05747,India,12.68102,96.58153,48109,small
Town_05748,India,35.05286,92.72103,61199,small
Town_05749,India,26.21239,76.36143,653235,medium
Town_05750,India,34.51354,86.31428,614562,medium
Town_05751,India,34.60502,91.58408,152476,medium
Town_05752,India,28.33521,84.9229,376730,medium
Town_05753,India,31.15143,83.70682,604138,medium
Town_05754,India,13.22749,89.26223,77408,small
Town_05755,India,34.22208,78.37722,36204,small
Town_05756,India,20.53761,68.35675,61140,small
Town_05757,India,29.61769,88.66021,613911,medium
Town_05758,India,15.53665,71.49781,21766,small
Town_05759,India,18.91067,94.16884,4481409,large
Town_05760,India,29.34567,94.15981,36718,small
Town_05761,India,35.34404,78.75705,468430,medium
Town_05762,India,28.37995,87.72453,44887,small
Town_05763,India,20.48632,84.11293,15122681,large
Town_05764,India,19.97052,87.61888,579088,medium
Town_05765,India,25.70763,81.3514,63828,small
Town_05766,India,29.22394,74.30132,41968,small
Town_05767,India,26.82934,69.8255,390515,medium
Town_05768,India,33.53371,80.3478,198176,medium
Town_05769,India,24.74851,97.47423,50515,small
Town_05770,India,15.42748,92.79785,850768,medium
Town_05771,India,23.25649,96.18897,24575,small
Town_05772,India,29.59698,86.5266,269764,medium
Town_05773,India,9.46825,84.20051,821260,medium
Town_05774,India,25.72884,94.42662,68847,small
Town_05775,India,18.17448,80.17584,60251,small
Town_05776,India,27.71952,88.42256,762245,medium
Town_05777,India,30.23994,89.14937,94206,small
Town_05778,India,14.79268,69.1629,54016,small
Town_05779,India,26.80758,75.01843,258441,medium
Town_05780,India,24.76476,82.11295,658802,medium
Town_05781,India,10.88357,96.22239,83206,small
Town_05782,India,8.32695,93.10716,14455212,large
Town_05783,India,19.93557,79.5286,4620036,large
Town_05784,India,33.31418,76.77087,69203,small
Town_05785,India,17.69484,72.2462,85632,small
Town_05786,India,22.82595,76.73017,135283,medium
Town_05787,India,19.82612,76.64729,777998,medium
Town_05788,India,11.39097,81.28128,28749,small
Town_05789,India,14.95442,94.21161,58572,small
Town_05790,India,29.81178,82.68612,533140,medium
Town_05791,India,31.26872,74.63924,35410,small
Town_05792,India,11.82122,84.76318,670646,medium
Town_05793,India,16.08113,92.69864,2698101,large
Town_05794,India,18.34507,73.95157,67952,small
Town_05795,India,15.05649,90.03716,218058,medium
Town_05796,India,9.71841,85.75239,454718,medium
Town_05797,India,12.47429,91.75412,9699093,large
Town_05798,India,18.73661,90.58054,800550,medium
Town_05799,India,19.25164,70.22612,77263,small
Town_05800,India,35.46867,68.78692,380802,medium
Town_05801,India,15.04991,77.3359,88313,small
Town_05802,India,28.76426,83.85615,966739,medium
Town_05803,India,19.49005,68.19335,59195,small
Town_05804,India,17.35166,76.11844,8461415,large
Town_05805,India,32.0214,76.35885,41340,small
Town_05806,India,15.69954,76.74492,715599,medium
Town_05807,India,20.25752,81.52022,165543,medium
Town_05808,India,8.30686,87.94581,83068,small
Town_05809,India,20.11151,89.17198,410449,medium
Town_05810,India,35.36294,90.08473,45921,small
Town_05811,India,22.93307,76.90716,543890,medium
Town_05812,India,13.24972,91.54508,761367,medium
Town_05813,India,25.50272,73.10324,50722,small
Town_05814,India,15.50867,69.13764,25987,small
Town_05815,India,9.97763,71.49968,1313973,large
Town_05816,India,26.87715,80.50378,537511,medium
Town_05817,India,19.29818,75.13001,74268,small
Town_05818,India,11.81796,84.26806,671723,medium
Town_05819,India,14.29836,97.18923,62817,small
Town_05820,India,21.43715,78.22523,24978,small
Town_05821,India,26.50226,77.03527,40603,small
Town_05822,India,15.25958,76.62767,44743,small
Town_05823,India,27.37679,93.36189,911797,medium
Town_05824,India,10.30498,72.64355,42166,small
Town_05825,India,26.5543,77.38636,75555,small
Town_05826,India,32.70753,71.61547,746917,medium
Town_05827,India,24.77542,71.86839,6524754,large
Town_05828,India,17.75041,94.91345,66757,small
Town_05829,India,17.19382,85.09837,69093,small
Town_05830,India,16.41972,81.63065,67764,small
Town_05831,India,16.80366,74.42704,73455,small
Town_05832,India,21.38058,70.75748,127765,medium
Town_05833,India,23.46312,70.08709,27037,small
Town_05834,India,31.37479,84.92182,5359124,large
Town_05835,India,17.92791,91.62085,28141,small
Town_05836,India,30.61002,77.74857,463367,medium
Town_05837,India,23.24138,72.50474,90206,small
Town_05838,India,10.26606,88.42431,182624,medium
Town_05839,India,17.15321,81.44338,99824,small
Town_05840,India,27.2951,74.811,23455,small
Town_05841,India,18.32436,92.11415,430389,medium
Town_05842,India,21.13753,85.02849,29561,small
Town_05843,India,26.00226,78.7195,91320,small
Town_05844,India,25.64598,69.58765,842207,medium
Town_05845,India,27.20952,96.8149,213821,medium
Town_05846,India,34.90577,96.75036,848756,medium
Town_05847,India,33.53695,90.47128,750834,medium
Town_05848,India,13.81959,91.45195,63667,small
Town_05849,India,12.513,77.88876,776885,medium
Town_05850,India,12.53683,94.5367,97093,small
Town_05851,India,22.85445,84.65053,56962,small
Town_05852,India,8.60168,85.57167,97149,small
Town_05853,India,14.05242,73.38556,37425,small
Town_05854,India,11.47236,73.80643,98153,small
Town_05855,India,12.61036,71.02848,545026,medium
Town_05856,India,30.50882,72.20169,74734,small
Town_05857,India,17.17259,72.63418,73777,small
Town_05858,India,19.32524,76.24284,31821,small
Town_05859,India,30.47152,91.2662,29467,small
Town_05860,India,19.86298,82.70136,321907,medium
Town_05861,India,8.15948,68.75204,93355,small
Town_05862,India,35.47134,96.5009,47310,small
Town_05863,India,18.66535,94.81109,96897,small
Town_05864,India,29.02561,86.78291,57535,small
Town_05865,India,19.98274,89.34047,58050,small
Town_05866,India,34.4171,89.18578,30401,small
Town_05867,India,28.14806,68.3315,418223,medium
Town_05868,India,14.6111,79.66506,1574197,large
Town_05869,India,26.95394,97.40967,56414,small
Town_05870,India,30.92187,88.33904,8906777,large
Town_05871,India,20.83163,70.89615,23307,small
Town_05872,India,29.36318,72.66679,23282,small
Town_05873,India,17.21832,73.50161,41735,small
Town_05874,India,18.43427,80.91895,28109,small
Town_05875,India,30.564,83.54597,11378378,large
Town_05876,India,28.96969,88.54734,30390,small
Town_05877,India,15.20991,73.50044,66822,small
Town_05878,India,13.65371,85.50041,71580,small
Town_05879,India,21.55723,78.18,80891,small
Town_05880,India,16.41592,79.67281,61885,small
Town_05881,India,30.1501,77.85146,89344,small
Town_05882,India,30.84744,78.08268,23278,small
Town_05883,India,27.8018,72.53116,468623,medium
Town_05884,India,16.43742,78.94879,356925,medium
Town_05885,India,14.84033,74.24533,725886,medium
Town_05886,India,29.8128,91.63939,20010,small
Town_05887,India,10.64616,93.63063,882325,medium
Town_05888,India,10.73823,71.14929,30788,small
Town_05889,India,14.3337,71.32313,816423,medium
Town_05890,India,20.09986,91.22619,425409,medium
Town_05891,India,20.03399,92.91757,549579,medium
Town_05892,India,24.47717,96.09493,93270,small
Town_05893,India,28.8367,93.72931,596476,medium
Town_05894,India,18.28405,80.2169,609391,medium
Town_05895,India,31.34327,93.5819,64397,small
Town_05896,India,11.06975,69.56085,688578,medium
Town_05897,India,24.45464,89.36056,2958294,large
Town_05898,India,8.23964,80.41403,577295,medium
Town_05899,India,10.21137,91.25962,90359,small
Town_05900,India,34.47911,82.41436,31871,small
Town_05901,India,16.85061,92.88428,672805,medium
Town_05902,India,19.72506,87.1382,24527,small
Town_05903,India,33.22269,72.26823,44965,small
Town_05904,India,35.12972,72.16906,26169,small
Town_05905,India,32.15246,70.09876,722108,medium
Town_05906,India,32.05862,84.60308,80402,small
Town_05907,India,24.73041,73.64323,87935,small
Town_05908,India,11.70184,94.48512,698529,medium
Town_05909,India,32.56211,73.51533,12018501,large
Town_05910,India,29.86796,89.51464,32480,small
Town_05911,India,8.73381,95.50574,73830,small
Town_05912,India,33.27769,82.06343,781231,medium
Town_05913,India,13.64842,88.68411,99816,small
Town_05914,India,30.34062,82.69478,91489,small
Town_05915,India,25.77868,75.69338,97552,small
Town_05916,India,27.885,91.08157,620278,medium
Town_05917,India,34.99513,69.49764,1074409,large
Town_05918,India,9.42067,83.83474,50379,small
Town_05919,India,14.82695,91.41385,36020,small
Town_05920,India,30.65813,91.64929,95020,small
Town_05921,India,9.62917,94.25654,57758,small
Town_05922,India,34.55667,87.08447,75825,small
Town_05923,India,17.44245,91.28874,38186,small
Town_05924,India,34.03829,69.78528,243314,medium
Town_05925,India,12.33892,84.84551,901166,medium
Town_05926,India,12.31295,83.1663,665050,medium
Town_05927,India,27.07102,78.51717,251326,medium
Town_05928,India,28.8224,95.3247,56669,small
Town_05929,India,17.07307,76.08533,23227,small
Town_05930,India,22.19205,72.50047,33000,small
Town_05931,India,11.75549,74.60847,34140,small
Town_05932,India,12.58908,82.53167,25985,small
Town_05933,India,14.03755,76.14277,52338,small
Town_05934,India,8.44465,78.21351,84565,small
Town_05935,India,27.96235,82.53996,68147,small
Town_05936,India,30.5927,89.14922,68600,small
Town_05937,India,33.03662,87.3568,432003,medium
Town_05938,India,22.47443,72.60569,78142,small
Town_05939,India,33.4188,85.71918,608282,medium
Town_05940,India,34.087,68.98677,43952,small
Town_05941,India,21.62991,80.31823,68741,small
Town_05942,India,28.70047,96.68139,62481,small
Town_05943,India,32.28082,75.04233,3772492,large
Town_05944,India,34.47587,77.45637,624447,medium
Town_05945,India,35.4808,68.6443,17708113,large
Town_05946,India,8.12377,79.99278,37603,small
Town_05947,India,9.88998,96.61289,196204,medium
Town_05948,India,11.77758,90.80571,1936904,large
Town_05949,India,24.40417,72.01249,9594829,large
Town_05950,India,30.47406,74.37201,965496,medium
Town_05951,India,28.96641,82.17179,17645332,large
Town_05952,India,9.51108,93.02971,568750,medium
Town_05953,India,9.57735,68.86676,29227,small
Town_05954,India,34.81966,93.10161,26492,small
Town_05955,India,23.27618,96.23794,34998,small
Town_05956,India,18.13059,78.97378,518958,medium
Town_05957,India,33.45625,90.79085,56657,small
Town_05958,India,17.3191,70.46491,239973,medium
Town_05959,India,13.82452,91.74962,51729,small
Town_05960,India,20.06993,82.80142,321298,medium
Town_05961,India,21.03624,72.00942,468995,medium
Town_05962,India,29.31961,86.90785,35322,small
Town_05963,India,18.66703,73.99717,29264,small
Town_05964,India,35.03326,93.92616,26125,small
Town_05965,India,33.95075,90.851,83007,small
Town_05966,India,25.89775,87.88017,92972,small
Town_05967,India,29.92886,77.92177,12358864,large
Town_05968,India,18.87648,78.35252,26416,small
Town_05969,India,11.06168,82.12465,92653,small
Town_05970,India,15.51021,89.4385,54882,small
Town_05971,India,28.2743,84.3892,780014,medium
Town_05972,India,29.93428,71.25433,78364,small
Town_05973,India,33.93944,68.62126,60481,small
Town_05974,India,12.96043,74.65271,675231,medium
Town_05975,India,16.99666,76.41338,22377,small
Town_05976,India,33.25003,84.00149,20748,small
Town_05977,India,31.41189,92.77106,44487,small
Town_05978,India,23.39293,69.22717,233258,medium
Town_05979,India,18.89302,83.66453,17241392,large
Town_05980,India,8.26332,92.22864,2171046,large
Town_05981,India,25.86439,79.78909,391543,medium
Town_05982,India,19.54328,88.98678,84258,small
Town_05983,India,14.63988,92.39066,25124,small
Town_05984,India,25.19023,93.70674,531155,medium
Town_05985,India,16.94273,70.27917,81544,small
Town_05986,India,25.02623,82.13248,625351,medium
Town_05987,India,24.13544,77.08878,706136,medium
Town_05988,India,32.60049,94.86153,35362,small
Town_05989,India,22.85342,97.28937,50078,small
Town_05990,India,26.31391,76.95626,446218,medium
Town_05991,India,10.75066,73.42052,96633,small
Town_05992,India,18.96656,84.98676,78165,small
Town_05993,India,16.80969,73.973,13393240,large
Town_05994,India,21.40497,77.20677,91685,small
Town_05995,India,8.98653,91.1109,689248,medium
Town_05996,India,17.47457,96.65793,54385,small
Town_05997,India,14.82721,85.93719,8454127,large
Town_05998,India,34.29357,77.07791,44566,small
Town_05999,India,21.06218,69.74398,344397,medium
Town_06000,India,17.02369,92.88808,22071,small
Town_06001,India,21.61309,84.76519,362054,medium
Town_06002,India,18.49742,78.62021,390683,medium
Town_06003,India,34.14515,72.51468,4835871,large
Town_06004,India,19.23707,79.89821,17500269,large
Town_06005,India,31.3513,83.1516,745723,medium
Town_06006,India,24.01154,81.33011,339839,medium
Town_06007,India,23.28655,71.99757,51312,small
Town_06008,India,13.01448,88.06165,208090,medium
Town_06009,India,31.4827,75.47073,1120487,large
Town_06010,India,23.44139,70.50967,79879,small
Town_06011,India,11.13024,81.19335,32149,small
Town_06012,India,14.39158,88.215,34310,small
Town_06013,India,33.1446,97.25456,748252,medium
Town_06014,India,25.07275,69.60323,448619,medium
Town_06015,India,22.67482,76.56799,806854,medium
Town_06016,India,15.19144,73.15474,290273,medium
Town_06017,India,9.0452,69.35666,59266,small
Town_06018,India,34.47459,96.85298,48616,small
Town_06019,India,11.06194,80.63429,20135,small
Town_06020,India,17.07668,75.41093,43834,small
Town_06021,India,29.82337,68.72231,800790,medium
Town_06022,India,9.29257,80.94149,94431,small
Town_06023,India,32.79633,84.77624,54193,small
Town_06024,India,25.80095,73.34738,65195,small
Town_06025,India,24.54819,92.99884,23053,small
Town_06026,India,29.00685,72.90062,8687276,large
Town_06027,India,30.7501,88.40674,501827,medium
Town_06028,India,21.93927,74.92281,64852,small
Town_06029,India,21.53125,69.64541,98310,small
Town_06030,India,9.89649,87.13294,231062,medium
Town_06031,India,12.65984,92.52487,462035,medium
Town_06032,India,10.71715,93.68475,681485,medium
Town_06033,India,30.31723,89.15019,292281,medium
Town_06034,India,8.71691,80.9348,57802,small
Town_06035,India,14.5154,84.65995,62972,small
Town_06036,India,23.20091,70.51199,93974,small
Town_06037,India,10.2939,83.7142,21992,small
Town_06038,India,8.83837,70.02472,93060,small
Town_06039,India,33.35067,93.17396,90252,small
Town_06040,India,17.92356,77.04122,303965,medium
Town_06041,India,22.75983,82.14622,33168,small
Town_06042,India,33.3735,94.34211,39212,small
Town_06043,India,19.2568,86.69621,20132,small
Town_06044,India,32.70972,76.43308,42293,small
Town_06045,India,33.32596,77.46517,99358,small
Town_06046,India,29.23346,72.63602,461892,medium
Town_06047,India,23.66637,94.02382,7156812,large
Town_06048,India,23.24466,80.9455,58854,small
Town_06049,India,21.04012,87.55408,808122,medium
Town_06050,India,30.47676,73.64991,11057902,large
Town_06051,India,26.19738,72.94189,72630,small
Town_06052,India,25.68209,71.92932,12970986,large
Town_06053,India,32.7555,69.76747,92335,small
Town_06054,India,26.01094,71.68788,91527,small
Town_06055,India,34.0286,88.96114,76644,small
Town_06056,India,10.26476,76.89763,78568,small
Town_06057,India,14.05649,95.71418,6902129,large
Town_06058,India,20.6465,91.62745,53167,small
Town_06059,India,12.24427,97.28573,97151,small
Town_06060,India,24.24203,72.59026,6359104,large
Town_06061,India,23.67764,96.91017,79057,small
Town_06062,India,13.71103,75.11735,46502,small
Town_06063,India,20.175,91.91749,87226,small
Town_06064,India,26.2361,77.0516,655391,medium
Town_06065,India,29.92971,94.56158,79815,small
Town_06066,India,28.96581,75.43415,524429,medium
Town_06067,India,25.00792,81.31088,31446,small
Town_06068,India,8.73447,72.96035,57814,small
Town_06069,India,16.47552,81.37388,93658,small
Town_06070,India,17.21881,93.9133,93519,small
Town_06071,India,34.48522,92.46777,35658,small
Town_06072,India,26.26071,72.90532,46791,small
Town_06073,India,27.63482,81.92382,43380,small
Town_06074,India,34.48719,91.68781,73581,small
Town_06075,India,28.73358,79.01907,744626,medium
Town_06076,India,11.11843,96.67296,865121,medium
Town_06077,India,32.98134,91.46481,34766,small
Town_06078,India,32.06139,81.52224,456910,medium
Town_06079,India,26.49013,80.25034,79760,small
Town_06080,India,25.13481,73.31852,492253,medium
Town_06081,India,8.70406,95.55218,941721,medium
Town_06082,India,26.90751,69.45076,433820,medium
Town_06083,India,24.05962,91.88645,985709,medium
Town_06084,India,15.90796,76.19352,69733,small
Town_06085,India,23.56469,75.06877,149741,medium
Town_06086,India,30.75397,88.16806,64097,small
Town_06087,India,9.3705,91.10358,86343,small
Town_06088,India,10.83536,79.74146,50906,small
Town_06089,India,27.35527,89.94591,41088,small
Town_06090,India,18.0222,80.77194,584652,medium
Town_06091,India,17.51996,82.85065,1387397,large
Town_06092,India,20.65259,87.5347,72624,small
Town_06093,India,8.86431,81.67388,880744,medium
Town_06094,India,9.06976,68.55416,39930,small
Town_06095,India,30.02675,87.15715,28298,small
Town_06096,India,33.66288,76.25394,90236,small
Town_06097,India,27.90018,90.02116,92330,small
Town_06098,India,11.97618,95.76205,85715,small
Town_06099,India,32.22994,94.03363,269334,medium
Town_06100,India,17.83043,88.28153,4389895,large
Town_06101,India,28.50874,96.28319,86880,small
Town_06102,India,19.6674,80.1594,47221,small
Town_06103,India,23.2948,83.57277,63221,small
Town_06104,India,35.06045,87.86241,28140,small
Town_06105,India,18.38596,87.30339,96433,small
Town_06106,India,25.07321,75.12551,82102,small
Town_06107,India,30.90184,78.47521,3160517,large
Town_06108,India,24.02998,83.32347,37997,small
Town_06109,India,33.8509,71.38616,535391,medium
Town_06110,India,27.26732,69.72606,46824,small
Town_06111,India,13.60971,95.27771,60259,small
Town_06112,India,24.51224,78.36,249592,medium
Town_06113,India,20.52125,94.16341,14889085,large
Town_06114,India,19.10764,70.85429,76399,small
Town_06115,India,9.37611,95.77811,485096,medium
Town_06116,India,31.08467,84.9752,55079,small
Town_06117,India,17.00662,69.95773,64747,small
Town_06118,India,30.35127,71.75035,54444,small
Town_06119,India,18.2225,74.60286,783878,medium
Town_06120,India,19.67429,85.79022,78555,small
Town_06121,India,15.58983,78.41469,464534,medium
Town_06122,India,9.89805,83.0256,64531,small
Town_06123,India,20.1709,88.22278,56953,small
Town_06124,India,8.76252,83.339,83762,small
Town_06125,India,17.69413,73.19711,82538,small
Town_06126,India,29.1868,68.24239,38855,small
Town_06127,India,20.04253,72.86673,77483,small
Town_06128,India,14.72523,97.37934,39506,small
Town_06129,India,19.33632,69.53799,67917,small
Town_06130,India,21.54794,76.5753,69507,small
Town_06131,India,15.31042,93.82244,46858,small
Town_06132,India,9.67494,73.76526,125049,medium
Town_06133,India,23.88599,84.17012,32411,small
Town_06134,India,16.67675,94.71945,1888698,large
Town_06135,India,26.74716,83.72275,48907,small
Town_06136,India,12.81767,78.22351,646544,medium
Town_06137,India,12.80841,73.06378,53681,small
Town_06138,India,33.05243,92.31364,16503660,large
Town_06139,India,34.36211,80.32099,32188,small
Town_06140,India,30.76156,88.88192,71354,small
Town_06141,India,34.95065,84.51044,458660,medium
Town_06142,India,23.36022,75.96751,21800,small
Town_06143,India,9.91325,76.21734,48297,small
Town_06144,India,24.33835,89.04548,56892,small
Town_06145,India,29.94243,77.49513,10721946,large
Town_06146,India,18.77995,83.67762,2523116,large
Town_06147,India,18.11537,81.74883,98235,small
Town_06148,India,8.19928,75.60787,53163,small
Town_06149,India,32.8348,95.8323,939317,medium
Town_06150,India,27.5769,68.47536,692431,medium
Town_06151,India,32.36454,78.88137,23833,small
Town_06152,India,33.59134,79.83542,51703,small
Town_06153,India,33.81562,73.90624,78019,small
Town_06154,India,9.59483,71.89758,603675,medium
Town_06155,India,15.55533,95.87528,15418964,large
Town_06156,India,15.55497,70.34114,34863,small
Town_06157,India,26.1218,77.94075,947427,medium
Town_06158,India,33.03692,68.31311,31606,small
Town_06159,India,24.92259,73.62526,65364,small
Town_06160,India,27.67719,86.17489,23040,small
Town_06161,India,10.47164,91.15019,77811,small
Town_06162,India,30.23003,69.20422,771453,medium
Town_06163,India,21.04465,71.24557,676293,medium
Town_06164,India,30.9185,73.80788,497770,medium
Town_06165,India,20.65119,77.6802,16162097,large
Town_06166,India,19.31272,74.80403,7460870,large
Town_06167,India,16.10599,91.87586,68205,small
Town_06168,India,29.32239,87.59052,37368,small
Town_06169,India,13.98771,73.52038,55256,small
Town_06170,India,31.39649,90.50119,608683,medium
Town_06171,India,13.08574,93.90355,239097,medium
Town_06172,India,26.4312,73.98863,81381,small
Town_06173,India,23.91873,95.83401,74481,small
Town_06174,India,20.5766,81.35035,81205,small
Town_06175,India,23.27484,86.13702,48903,small
Town_06176,India,24.77246,81.97554,2552012,large
Town_06177,India,29.50297,68.74765,70119,small
Town_06178,India,25.31377,84.97032,9000537,large
Town_06179,India,21.53035,82.06853,56711,small
Town_06180,India,27.13891,87.05474,588332,medium
Town_06181,India,21.94161,71.37763,5299870,large
Town_06182,India,11.9874,68.25887,144721,medium
Town_06183,India,33.54593,93.04001,89532,small
Town_06184,India,15.15983,91.33784,34775,small
Town_06185,India,20.67132,95.44127,21908,small
Town_06186,India,15.52847,77.51255,56834,small
Town_06187,India,19.54128,86.47792,14503480,large
Town_06188,India,19.91212,97.49259,13001315,large
Town_06189,India,19.45228,79.67637,44106,small
Town_06190,India,32.36849,95.7888,44380,small
Town_06191,India,22.15729,85.29015,46737,small
Town_06192,India,17.26501,93.2257,45702,small
Town_06193,India,12.43986,78.41748,25903,small
Town_06194,India,23.83376,80.49133,96701,small
Town_06195,India,27.03591,85.29831,45789,small
Town_06196,India,22.71766,76.15915,967399,medium
Town_06197,India,23.29108,91.47957,72696,small
Town_06198,India,8.66934,93.40282,61198,small
Town_06199,India,24.231,72.3015,516381,medium
Town_06200,India,11.23324,90.54932,70928,small
Town_06201,India,25.37717,82.61902,735085,medium
Town_06202,India,31.64733,69.11453,94462,small
Town_06203,India,34.56116,91.37556,26550,small
Town_06204,India,32.09451,95.73033,12736503,large
Town_06205,India,12.24996,78.88993,25977,small
Town_06206,India,17.75329,82.13406,8547519,large
Town_06207,India,35.20625,80.9418,605860,medium
Town_06208,India,8.73428,86.31884,57937,small
Town_06209,India,28.03605,86.99118,65303,small
Town_06210,India,12.88271,94.13572,955958,medium
Town_06211,India,27.52462,96.4824,10662299,large
Town_06212,India,12.48441,93.39608,53264,small
Town_06213,India,15.66263,68.65466,69048,small
Town_06214,India,31.91937,75.96316,82659,small
Town_06215,India,24.40299,92.48298,552414,medium
Town_06216,India,29.56555,85.98955,827531,medium
Town_06217,India,30.74498,73.86316,1117903,large
Town_06218,India,17.98117,71.2279,99480,small
Town_06219,India,18.51116,71.74537,37881,small
Town_06220,India,30.07485,92.71482,34155,small
Town_06221,India,14.96659,84.20666,615729,medium
Town_06222,India,32.7777,72.98883,38774,small
Town_06223,India,28.26626,84.29829,13556613,large
Town_06224,India,9.25737,90.19262,16563452,large
Town_06225,India,14.41079,89.71337,385467,medium
Town_06226,India,28.33702,78.78071,77933,small
Town_06227,India,19.93095,88.23693,48932,small
Town_06228,India,28.51925,82.01179,207960,medium
Town_06229,India,9.40714,83.39995,66697,small
Town_06230,India,24.11929,87.25774,63391,small
Town_06231,India,8.84721,74.45684,25847,small
Town_06232,India,34.72869,81.15395,82180,small
Town_06233,India,18.30926,71.71282,81298,small
Town_06234,India,31.21421,78.70923,15073198,large
Town_06235,India,31.3422,86.67943,59756,small
Town_06236,India,25.40794,70.29953,696840,medium
Town_06237,India,10.17752,95.85767,32047,small
Town_06238,India,24.83108,88.4557,10167589,large
Town_06239,India,30.00218,90.96342,219540,medium
Town_06240,India,22.90037,79.11227,98745,small
Town_06241,India,15.69776,80.84339,63427,small
Town_06242,India,27.21722,81.74046,87052,small
Town_06243,India,35.07889,87.79856,283766,medium
Town_06244,India,8.73133,89.32162,20797,small
Town_06245,India,34.58551,88.66555,51415,small
Town_06246,India,17.20196,89.22587,84289,small
Town_06247,India,13.24012,75.59113,834541,medium
Town_06248,India,20.30743,94.30272,95894,small
Town_06249,India,11.49005,90.397,66813,small
Town_06250,India,22.23299,88.18525,96724,small
Town_06251,India,8.31075,78.29262,56404,small
Town_06252,India,23.52556,71.16121,11992222,large
Town_06253,India,27.71027,70.48409,33931,small
Town_06254,India,19.32333,71.47724,481834,medium
Town_06255,India,19.92128,76.46488,98484,small
Town_06256,India,24.66413,74.41273,58154,small
Town_06257,India,8.98164,78.89867,45517,small
Town_06258,India,9.6411,75.86443,36031,small
Town_06259,India,20.39437,74.25169,91869,small
Town_06260,India,33.04701,84.63414,32486,small
Town_06261,India,8.69804,85.43471,24488,small
Town_06262,India,12.33799,74.39018,34237,small
Town_06263,India,15.62293,97.37389,845956,medium
Town_06264,India,26.93264,70.2936,28644,small
Town_06265,India,23.35665,82.27892,9322846,large
Town_06266,India,31.27656,73.85802,58852,small
Town_06267,India,31.72206,92.32471,67640,small
Town_06268,India,16.05781,94.37834,436354,medium
Town_06269,India,13.41528,75.7288,29173,small
Town_06270,India,11.97233,85.86476,23163,small
Town_06271,India,17.57007,93.3196,2464619,large
Town_06272,India,27.66743,95.28196,253700,medium
Town_06273,India,23.28863,82.02976,74357,small
Town_06274,India,10.50709,79.16046,34128,small
Town_06275,India,17.24389,79.14954,72291,small
Town_06276,India,32.29963,80.89654,30887,small
Town_06277,India,32.58862,83.94676,734256,medium
Town_06278,India,17.73254,91.04467,158587,medium
Town_06279,India,9.7244,80.77123,13445226,large
Town_06280,India,20.81711,82.44609,74594,small
Town_06281,India,32.70804,75.40445,742951,medium
Town_06282,India,20.69936,81.80966,52000,small
Town_06283,India,17.54848,75.21182,29066,small
Town_06284,India,11.66081,89.37706,4940538,large
Town_06285,India,18.98849,75.33315,23062,small
Town_06286,India,28.78366,93.89994,7925400,large
Town_06287,India,30.6302,70.40999,802359,medium
Town_06288,India,17.17107,88.95086,127866,medium
Town_06289,India,8.59159,78.36655,584046,medium
Town_06290,India,12.11779,94.68235,696233,medium
Town_06291,India,9.82192,73.73677,283709,medium
Town_06292,India,8.31131,91.30503,596180,medium
Town_06293,India,9.97331,93.06741,99319,small
Town_06294,India,22.06247,69.77038,61962,small
Town_06295,India,14.18137,90.77109,1024712,large
Town_06296,India,27.56229,72.38844,2671264,large
Town_06297,India,28.22941,69.03811,87458,small
Town_06298,India,14.11354,77.15164,8263106,large
Town_06299,India,31.8437,83.26235,475238,medium
Town_06300,India,22.43559,93.423,27239,small
Town_06301,India,27.05695,85.72544,6174055,large
Town_06302,India,29.56491,75.29598,650967,medium
Town_06303,India,34.56958,89.83661,640388,medium
Town_06304,India,17.96393,72.6078,5768861,large
Town_06305,India,30.8364,71.73057,60451,small
Town_06306,India,33.30997,85.20691,96184,small
Town_06307,India,20.20883,79.02687,727447,medium
Town_06308,India,29.81993,83.55722,58743,small
Town_06309,India,28.5436,90.87113,37216,small
Town_06310,India,16.34677,70.2557,45268,small
Town_06311,India,27.27516,94.18251,79599,small
Town_06312,India,19.30678,74.62721,309307,medium
Town_06313,India,27.76405,79.57803,37293,small
Town_06314,India,13.56666,68.45247,94659,small
Town_06315,India,20.98529,94.61694,637421,medium
Town_06316,India,29.27273,90.01617,56342,small
Town_06317,India,19.08222,80.20931,439707,medium
Town_06318,India,13.38754,90.3967,22202,small
Town_06319,India,22.96206,80.73592,932795,medium
Town_06320,India,19.9071,73.92479,53020,small
Town_06321,India,22.64777,73.77617,12856745,large
Town_06322,India,32.89713,91.56831,99236,small
Town_06323,India,14.02814,69.73641,90021,small
Town_06324,India,35.14161,78.22525,222955,medium
Town_06325,India,26.68026,77.13989,696083,medium
Town_06326,India,31.62221,89.84683,13884943,large
Town_06327,India,23.64638,72.59546,70249,small
Town_06328,India,26.92322,88.90234,296385,medium
Town_06329,India,8.18831,94.3616,28546,small
Town_06330,India,22.29236,85.36038,61118,small
Town_06331,India,18.00823,82.83448,75750,small
Town_06332,India,27.17713,70.20447,2259451,large
Town_06333,India,18.04816,82.54559,34738,small
Town_06334,India,19.47561,70.90226,48305,small
Town_06335,India,24.09257,80.82665,995125,medium
Town_06336,India,26.47096,83.55716,11501194,large
Town_06337,India,9.62567,82.91903,542748,medium
Town_06338,India,18.13783,81.20027,847994,medium
Town_06339,India,14.43288,85.64674,25107,small
Town_06340,India,16.27755,76.12613,337166,medium
Town_06341,India,32.55378,95.39111,84827,small
Town_06342,India,34.87904,87.1505,50323,small
Town_06343,India,32.5681,92.41421,4075824,large
Town_06344,India,30.8172,88.73035,915380,medium
Town_06345,India,29.62305,73.02279,10976795,large
Town_06346,India,26.80513,70.67925,901230,medium
Town_06347,India,23.84369,73.19087,49031,small
Town_06348,India,17.87176,81.85701,834325,medium
Town_06349,India,24.09009,75.57266,17469978,large
Town_06350,India,30.74306,69.60372,80919,small
Town_06351,India,19.98906,75.17128,7081459,large
Town_06352,India,28.25542,81.82388,11608721,large
Town_06353,India,29.06518,69.40982,945854,medium
Town_06354,India,16.77888,79.09811,3096023,large
Town_06355,India,28.24908,79.66882,73701,small
Town_06356,India,23.80005,80.26476,93901,small
Town_06357,India,17.61829,90.51453,55090,small
Town_06358,India,10.96077,92.00815,53548,small
Town_06359,India,35.45827,68.91654,33703,small
Town_06360,India,17.28997,71.68732,36756,small
Town_06361,India,25.47679,81.66079,372451,medium
Town_06362,India,25.58764,77.88064,77668,small
Town_06363,India,14.21371,86.94346,21114,small
Town_06364,India,14.82591,78.508,39856,small
Town_06365,India,15.17437,94.79162,785961,medium
Town_06366,India,24.06721,70.98658,975968,medium
Town_06367,India,8.35967,80.44184,37961,small
Town_06368,India,17.3075,78.54139,11134521,large
Town_06369,India,34.22425,83.537,747617,medium
Town_06370,India,14.78517,85.16898,20074,small
Town_06371,India,24.5936,83.50366,27292,small
Town_06372,India,24.49595,84.74529,3641819,large
Town_06373,India,11.88332,87.34639,79608,small
Town_06374,India,26.49398,88.52939,38421,small
Town_06375,India,26.09166,86.95429,92180,small
Town_06376,India,21.63922,83.05865,47613,small
Town_06377,India,26.06328,90.51288,76712,small
Town_06378,India,25.71189,69.6828,38090,small
Town_06379,India,9.14161,79.17146,72270,small
Town_06380,India,23.46986,97.19929,36258,small
Town_06381,India,24.65868,84.94097,57944,small
Town_06382,India,12.28074,94.40121,995081,medium
Town_06383,India,14.13489,84.21186,878310,medium
Town_06384,India,17.334,75.48733,70918,small
Town_06385,India,32.97195,82.72614,17433402,large
Town_06386,India,21.96056,95.38605,96145,small
Town_06387,India,30.35967,88.81689,40692,small
Town_06388,India,21.31092,82.32159,514313,medium
Town_06389,India,21.76651,96.20696,63557,small
Town_06390,India,24.13639,80.6899,16444535,large
Town_06391,India,10.14726,93.34234,960525,medium
Town_06392,India,30.6123,77.19586,954442,medium
Town_06393,India,26.36729,88.55825,39283,small
Town_06394,India,23.60483,94.36433,84614,small
Town_06395,India,20.74004,68.62601,58762,small
Town_06396,India,27.68724,82.23001,29643,small
Town_06397,India,8.87795,76.3146,10229069,large
Town_06398,India,22.80367,81.82344,166383,medium
Town_06399,India,19.22095,68.32003,885117,medium
Town_06400,India,30.184,77.19329,114202,medium
Town_06401,India,23.00364,88.45473,862013,medium
Town_06402,India,24.7801,87.75907,234872,medium
Town_06403,India,18.52037,83.45463,91791,small
Town_06404,India,15.48758,85.9305,98825,small
Town_06405,India,19.02595,72.11461,492845,medium
Town_06406,India,33.06365,78.57296,317592,medium
Town_06407,India,12.47047,90.68106,10829429,large
Town_06408,India,34.8591,82.04317,72649,small
Town_06409,India,16.06647,88.63781,36340,small
Town_06410,India,30.97952,93.13089,99867,small
Town_06411,India,9.13811,92.55043,971882,medium
Town_06412,India,23.88411,71.01766,37232,small
Town_06413,India,14.4929,85.34891,4108371,large
Town_06414,India,32.28393,75.35316,996007,medium
Town_06415,India,34.72796,71.86922,79991,small
Town_06416,India,16.71696,71.93025,73592,small
Town_06417,India,14.6671,85.77758,32759,small
Town_06418,India,15.98959,95.95417,20256,small
Town_06419,India,20.37619,87.36506,41933,small
Town_06420,India,10.58756,95.43308,47540,small
Town_06421,India,19.80609,85.01111,59803,small
Town_06422,India,14.48242,85.22085,34385,small
Town_06423,India,20.46544,95.67196,561038,medium
Town_06424,India,18.72816,78.11923,368874,medium
Town_06425,India,32.29155,78.49132,76205,small
Town_06426,India,23.67972,96.20387,41252,small
Town_06427,India,21.64984,71.2323,67367,small
Town_06428,India,23.50763,74.54121,89313,small
Town_06429,India,18.1166,86.55725,129260,medium
Town_06430,India,13.79987,92.6158,178711,medium
Town_06431,India,28.09054,74.08248,32209,small
Town_06432,India,28.56016,81.0808,322648,medium
Town_06433,India,11.34131,84.81711,96831,small
Town_06434,India,27.54696,72.75513,225521,medium
Town_06435,India,9.97424,74.40343,927169,medium
Town_06436,India,24.15932,75.78545,86717,small
Town_06437,India,16.17217,92.32501,12846566,large
Town_06438,India,18.7204,76.45378,61962,small
Town_06439,India,33.3191,88.82865,79764,small
Town_06440,India,24.50507,74.30725,43907,small
Town_06441,India,32.83314,71.85638,54943,small
Town_06442,India,24.04554,75.63644,913378,medium
Town_06443,India,12.77674,88.27142,58062,small
Town_06444,India,24.28437,87.99686,99498,small
Town_06445,India,27.99789,87.06384,531425,medium
Town_06446,India,26.87017,72.39713,30513,small
Town_06447,India,25.73832,92.37162,77610,small
Town_06448,India,25.50117,87.60713,89601,small
Town_06449,India,20.17739,88.44025,63237,small
Town_06450,India,14.50539,94.76632,48741,small
Town_06451,India,21.75152,85.66956,41102,small
Town_06452,India,19.49706,70.78091,182515,medium
Town_06453,India,8.62401,88.18162,95430,small
Town_06454,India,27.85342,80.28293,37562,small
Town_06455,India,21.84313,96.72917,67935,small
Town_06456,India,29.38061,92.11644,26062,small
Town_06457,India,27.53155,74.52298,65102,small
Town_06458,India,28.7334,87.55579,96785,small
Town_06459,India,23.90834,69.62778,94099,small
Town_06460,India,10.67535,91.84649,935433,medium
Town_06461,India,22.70212,88.25551,96456,small
Town_06462,India,8.73529,83.78894,690060,medium
Town_06463,India,21.25291,86.80398,5541549,large
Town_06464,India,29.95769,74.1254,13127623,large
Town_06465,India,27.81398,76.59116,70743,small
Town_06466,India,33.49481,90.96586,28622,small
Town_06467,India,24.16795,83.55638,300294,medium
Town_06468,India,26.89154,78.43528,423243,medium
Town_06469,India,28.02088,82.25892,444766,medium
Town_06470,India,16.80872,71.6643,52368,small
Town_06471,India,20.41108,69.66171,158684,medium
Town_06472,India,27.59691,72.29129,95495,small
Town_06473,India,26.44761,91.70868,85414,small
Town_06474,India,8.33577,75.22727,378573,medium
Town_06475,India,26.00092,86.61049,20929,small
Town_06476,India,26.46006,90.65799,83864,small
Town_06477,India,22.25078,73.02293,86580,small
Town_06478,India,26.80326,68.1609,679898,medium
Town_06479,India,10.60207,68.36082,214131,medium
Town_06480,India,34.19247,84.55632,89235,small
Town_06481,India,22.58579,71.20336,79347,small
Town_06482,India,31.00206,82.44434,32359,small
Town_06483,India,10.64638,70.44383,54354,small
Town_06484,India,13.68733,69.71251,747025,medium
Town_06485,India,31.56254,68.14508,5801392,large
Town_06486,India,19.01351,73.2292,9316103,large
Town_06487,India,23.09858,96.26304,94481,small
Town_06488,India,11.06603,72.7054,77962,small
Town_06489,India,26.03957,69.92144,79904,small
Town_06490,India,34.6416,70.42525,2860257,large
Town_06491,India,20.98533,94.97936,65834,small
Town_06492,India,16.76974,95.03574,955166,medium
Town_06493,India,23.86736,80.83265,857602,medium
Town_06494,India,21.88237,89.20242,42020,small
Town_06495,India,9.33579,85.35667,91569,small
Town_06496,India,16.20251,69.87285,89967,small
Town_06497,India,32.59776,88.02125,367270,medium
Town_06498,India,27.04423,92.56718,55586,small
Town_06499,India,21.70404,69.68563,64922,small
Town_06500,India,20.25906,93.76168,412066,medium
Town_06501,India,26.523,81.37459,482837,medium
Town_06502,India,34.3021,90.2066,1106815,large
Town_06503,India,15.98635,77.89185,236611,medium
Town_06504,India,21.30226,95.01031,93808,small
Town_06505,India,15.98904,96.25653,283051,medium
Town_06506,India,17.58655,75.28001,69243,small
Town_06507,India,25.46482,78.07858,90284,small
Town_06508,India,9.44098,93.29751,20535,small
Town_06509,India,15.8464,79.28068,48502,small
Town_06510,India,23.91927,81.16206,96252,small
Town_06511,India,9.77905,82.74391,50245,small
Town_06512,India,21.37044,76.75515,22400,small
Town_06513,India,34.27053,73.22203,21735,small
Town_06514,India,16.1789,95.67113,743977,medium
Town_06515,India,12.15572,83.01086,36514,small
Town_06516,India,11.13422,72.2653,789686,medium
Town_06517,India,22.6904,81.6791,6130385,large
Town_06518,India,19.91544,89.38954,16919997,large
Town_06519,India,21.27055,86.88517,728823,medium
Town_06520,India,35.01478,69.62398,16416119,large
Town_06521,India,18.99616,95.13979,49870,small
Town_06522,India,17.3398,76.04424,56763,small
Town_06523,India,33.53143,82.35441,694092,medium
Town_06524,India,15.97806,75.18136,378257,medium
Town_06525,India,13.04583,94.23929,90794,small
Town_06526,India,26.44007,71.1686,50400,small
Town_06527,India,20.84631,87.99425,82816,small
Town_06528,India,8.88657,94.17457,80157,small
Town_06529,India,10.28799,75.52445,889497,medium
Town_06530,India,12.4268,78.47803,3638536,large
Town_06531,India,28.14653,83.62239,83624,small
Town_06532,India,33.01502,95.89179,78051,small
Town_06533,India,10.44485,81.63098,66095,small
Town_06534,India,8.69407,86.84706,73892,small
Town_06535,India,27.07214,77.83707,72067,small
Town_06536,India,14.77565,84.77024,495436,medium
Town_06537,India,26.11546,68.65131,82999,small
Town_06538,India,22.65149,80.16729,42012,small
Town_06539,India,27.25031,87.72406,420581,medium
Town_06540,India,27.90177,75.8436,194965,medium
Town_06541,India,31.01337,75.60395,77038,small
Town_06542,India,12.41049,85.3603,59327,small
Town_06543,India,21.94073,71.55255,47044,small
Town_06544,India,14.98765,91.04763,91161,small
Town_06545,India,22.28534,83.65526,23948,small
Town_06546,India,27.48367,83.55571,166425,medium
Town_06547,India,33.39384,71.52224,14179636,large
Town_06548,India,28.75566,73.20682,29646,small
Town_06549,India,32.25155,86.75459,99898,small
Town_06550,India,10.3867,97.02227,327450,medium
Town_06551,India,18.87672,95.61411,98388,small
Town_06552,India,16.33213,86.94893,72083,small
Town_06553,India,10.19016,92.79694,72077,small
Town_06554,India,23.93596,73.6053,719298,medium
Town_06555,India,13.114,91.99077,348928,medium
Town_06556,India,28.57269,87.09804,62695,small
Town_06557,India,23.12573,92.6448,16411630,large
Town_06558,India,16.38774,72.74121,31137,small
Town_06559,India,28.96582,93.70666,45083,small
Town_06560,India,34.4154,95.87456,640836,medium
Town_06561,India,30.65298,83.9275,73985,small
Town_06562,India,26.74394,85.32988,356768,medium
Town_06563,India,23.56196,74.84496,24303,small
Town_06564,India,33.04782,82.54545,39837,small
Town_06565,India,22.13884,95.4873,74770,small
Town_06566,India,18.89964,81.89528,983986,medium
Town_06567,India,25.8899,69.86938,58445,small
Town_06568,India,30.9508,80.27891,44976,small
Town_06569,India,15.34794,81.36549,72860,small
Town_06570,India,30.45442,72.8341,61096,small
Town_06571,India,29.16297,72.32312,7283357,large
Town_06572,India,13.66198,69.57652,741206,medium
Town_06573,India,24.9679,96.83814,49746,small
Town_06574,India,13.93495,94.08021,745865,medium
Town_06575,India,14.77804,78.67397,187449,medium
Town_06576,India,9.86342,86.6079,62107,small
Town_06577,India,29.29431,87.61658,23645,small
Town_06578,India,22.54827,91.08581,615634,medium
Town_06579,India,25.60378,94.14149,49582,small
Town_06580,India,11.43547,74.43246,78487,small
Town_06581,India,13.39641,95.30171,7322803,large
Town_06582,India,13.59228,97.18586,23567,small
Town_06583,India,22.38785,96.5055,442135,medium
Town_06584,India,15.14462,70.22765,23475,small
Town_06585,India,20.40137,90.77111,135955,medium
Town_06586,India,17.87334,77.47507,982331,medium
Town_06587,India,34.40261,69.15384,32541,small
Town_06588,India,25.207,79.30146,11929373,large
Town_06589,India,22.34986,94.65903,779744,medium
Town_06590,India,25.69315,80.48051,55419,small
Town_06591,India,23.47066,73.43389,71754,small
Town_06592,India,34.97975,72.84172,95463,small
Town_06593,India,29.86981,68.82116,422532,medium
Town_06594,India,32.38637,89.55494,30769,small
Town_06595,India,9.87817,88.51631,1712746,large
Town_06596,India,10.97021,94.51795,34052,small
Town_06597,India,15.06169,80.7945,468135,medium
Town_06598,India,18.90427,74.02569,13728552,large
Town_06599,India,8.66378,84.96494,79953,small
Town_06600,India,19.96118,86.89038,90462,small
Town_06601,India,26.95416,96.85647,16109667,large
Town_06602,India,25.49331,89.15533,72029,small
Town_06603,India,11.14062,72.18416,725720,medium
Town_06604,India,24.08852,75.35849,40609,small
Town_06605,India,8.923,90.86295,66017,small
Town_06606,India,10.87652,81.43268,94488,small
Town_06607,India,34.32458,93.70876,9903284,large
Town_06608,India,20.26661,90.38509,761991,medium
Town_06609,India,28.92663,90.90759,52225,small
Town_06610,India,22.43889,82.75466,61994,small
Town_06611,India,13.22216,68.82488,85270,small
Town_06612,India,20.474,84.86207,857405,medium
Town_06613,India,31.79381,79.25132,83161,small
Town_06614,India,21.80798,96.43975,98729,small
Town_06615,India,22.11507,81.61811,180625,medium
Town_06616,India,13.01278,71.15639,962543,medium
Town_06617,India,21.56334,83.18358,43187,small
Town_06618,India,29.96404,79.93904,17097395,large
Town_06619,India,22.47763,89.98512,77922,small
Town_06620,India,28.83481,69.95447,601554,medium
Town_06621,India,26.49319,70.21249,73761,small
Town_06622,India,13.19859,93.21956,63197,small
Town_06623,India,35.43242,79.2725,58107,small
Town_06624,India,23.42611,74.66495,285795,medium
Town_06625,India,25.85867,89.72602,6108881,large
Town_06626,India,11.63983,68.9866,24575,small
Town_06627,India,35.34437,95.00898,141405,medium
Town_06628,India,20.21682,78.01686,23144,small
Town_06629,India,16.97851,80.93051,994219,medium
Town_06630,India,32.00326,81.24188,74962,small
Town_06631,India,12.7089,80.48931,39277,small
Town_06632,India,17.6671,91.1476,221225,medium
Town_06633,India,24.34067,90.25686,53542,small
Town_06634,India,27.49726,71.16077,78108,small
Town_06635,India,18.02432,73.49213,198094,medium
Town_06636,India,24.12543,76.58074,55366,small
Town_06637,India,34.16477,91.08853,272772,medium
Town_06638,India,20.43119,91.18888,3572627,large
Town_06639,India,30.61132,83.11774,714695,medium
Town_06640,India,34.79644,93.69862,22482,small
Town_06641,India,34.74234,89.97198,5239400,large
Town_06642,India,10.4853,69.4657,965716,medium
Town_06643,India,23.18208,89.19823,28837,small
Town_06644,India,12.8556,74.18147,7354358,large
Town_06645,India,22.40247,68.5555,248218,medium
Town_06646,India,31.60201,74.90685,35623,small
Town_06647,India,16.68984,94.58364,92058,small
Town_06648,India,19.20125,84.54506,652009,medium
Town_06649,India,25.68226,90.45304,211594,medium
Town_06650,India,31.24483,79.79252,20238,small
Town_06651,India,14.91774,69.26024,319129,medium
Town_06652,India,33.90289,81.91473,911343,medium
Town_06653,India,22.82455,87.23525,152270,medium
Town_06654,India,15.36822,71.72863,74868,small
Town_06655,India,21.53147,87.03903,415519,medium
Town_06656,India,31.24559,78.57596,235754,medium
Town_06657,India,8.91123,84.87728,70654,small
Town_06658,India,28.48849,68.43628,44770,small
Town_06659,India,11.84589,91.29437,44701,small
Town_06660,India,11.2335,92.22597,65453,small
Town_06661,India,24.89079,78.73197,807518,medium
Town_06662,India,32.76624,74.24551,438613,medium
Town_06663,India,21.51591,88.004,187838,medium
Town_06664,India,9.45214,73.1341,78523,small
Town_06665,India,13.27205,72.33726,58299,small
Town_06666,India,29.50684,87.48605,83383,small
Town_06667,India,16.19008,85.03255,328104,medium
Town_06668,India,25.72139,71.81064,26256,small
Town_06669,India,11.63096,88.42133,28421,small
Town_06670,India,9.99339,70.80152,1203066,large
Town_06671,India,22.69379,92.13757,679322,medium
Town_06672,India,33.29866,73.43925,38752,small
Town_06673,India,21.029,71.24061,36156,small
Town_06674,India,22.10714,79.52969,650600,medium
Town_06675,India,19.45824,72.18334,24941,small
Town_06676,India,11.77257,94.30009,29498,small
Town_06677,India,24.31451,88.85437,83766,small
Town_06678,India,28.45682,86.63609,11678241,large
Town_06679,India,27.85698,74.21943,21468,small
Town_06680,India,8.731,96.95359,947056,medium
Town_06681,India,20.29063,77.1362,67848,small
Town_06682,India,24.08296,97.00703,401731,medium
Town_06683,India,35.31483,76.90127,72537,small
Town_06684,India,27.25363,79.5884,438917,medium
Town_06685,India,14.97808,73.81469,15563170,large
Town_06686,India,13.06076,90.99004,42666,small
Town_06687,India,26.39412,68.09237,67972,small
Town_06688,India,23.51788,68.01963,77841,small
Town_06689,India,24.10749,87.54027,48328,small
Town_06690,India,14.0526,81.44962,245447,medium
Town_06691,India,34.12275,90.3527,17180804,large
Town_06692,India,16.6051,88.35349,150879,medium
Town_06693,India,20.16101,84.33874,27196,small
Town_06694,India,19.79352,96.99981,82575,small
Town_06695,India,20.94368,82.51983,74785,small
Town_06696,India,17.87303,75.07889,559250,medium
Town_06697,India,19.55468,85.5787,55747,small
Town_06698,India,29.85274,80.65159,3306441,large
Town_06699,India,10.5913,97.49439,76477,small
Town_06700,India,17.78264,93.11989,91799,small
Town_06701,India,31.48672,74.62381,87619,small
Town_06702,India,24.08064,87.34642,793079,medium
Town_06703,India,10.10277,93.25766,634114,medium
Town_06704,India,9.59147,81.40942,76651,small
Town_06705,India,33.30943,92.16735,61427,small
Town_06706,India,14.21795,82.81679,50374,small
Town_06707,India,13.36742,94.25376,31175,small
Town_06708,India,30.20483,86.02245,91801,small
Town_06709,India,17.86139,93.59949,43390,small
Town_06710,India,27.19567,80.06359,3522268,large
Town_06711,India,10.12588,91.80313,91392,small
Town_06712,India,34.83053,70.75439,356196,medium
Town_06713,India,24.81343,75.96271,59656,small
Town_06714,India,11.86498,94.61926,25333,small
Town_06715,India,26.46279,88.67918,45055,small
Town_06716,India,29.82998,82.65762,722959,medium
Town_06717,India,28.26231,78.04806,181491,medium
Town_06718,India,35.09902,79.56069,478249,medium
Town_06719,India,23.36901,81.39227,43731,small
Town_06720,India,25.46997,92.19488,538087,medium
Town_06721,India,9.8749,80.48311,60611,small
Town_06722,India,19.00001,82.92893,54227,small
Town_06723,India,33.7282,92.01634,809513,medium
Town_06724,India,21.91827,93.48553,340501,medium
Town_06725,India,15.32781,75.12515,252064,medium
Town_06726,India,19.67185,85.40363,25815,small
Town_06727,India,10.91808,70.82722,52860,small
Town_06728,India,22.22696,75.93771,348711,medium
Town_06729,India,18.91611,72.00905,35989,small
Town_06730,India,18.86855,95.23733,93646,small
Town_06731,India,23.33075,94.49524,29289,small
Town_06732,India,29.85043,84.86791,49967,small
Town_06733,India,10.63977,97.49979,90081,small
Town_06734,India,34.36848,90.781,57378,small
Town_06735,India,26.21814,70.18755,81496,small
Town_06736,India,35.12459,71.30518,55385,small
Town_06737,India,29.86048,95.05291,7852831,large
Town_06738,India,20.45162,78.73868,15767052,large
Town_06739,India,35.27957,74.6354,682296,medium
Town_06740,India,13.20347,95.25896,63956,small
Town_06741,India,9.87876,82.3415,51478,small
Town_06742,India,12.60825,80.34018,21118,small
Town_06743,India,32.11288,84.23961,11268764,large
Town_06744,India,35.30275,90.01253,30437,small
Town_06745,India,27.48575,70.44581,26691,small
Town_06746,India,26.96063,88.26785,648841,medium
Town_06747,India,11.11709,88.54842,93457,small
Town_06748,India,26.20877,89.64936,30444,small
Town_06749,India,11.78498,84.03465,383591,medium
Town_06750,India,33.79818,76.97628,692307,medium
Town_06751,India,29.23583,69.66244,55279,small
Town_06752,India,29.43322,78.13289,95734,small
Town_06753,India,28.96444,88.46607,90643,small
Town_06754,India,13.10692,74.82231,30579,small
Town_06755,India,25.13361,94.05746,999927,medium
Town_06756,India,15.94179,82.61826,543667,medium
Town_06757,India,17.80228,75.5453,91670,small
Town_06758,India,20.99304,87.08966,405561,medium
Town_06759,India,20.86261,75.6578,15716808,large
Town_06760,India,31.45377,87.89312,35048,small
Town_06761,India,33.4091,71.80584,49438,small
Town_06762,India,11.30771,73.9607,49236,small
Town_06763,India,15.9031,73.12343,73147,small
Town_06764,India,11.02381,71.48242,41064,small
Town_06765,India,25.23297,96.37632,723340,medium
Town_06766,India,33.90654,80.95383,8272612,large
Town_06767,India,23.22946,85.22947,71405,small
Town_06768,India,20.92442,76.84293,51920,small
Town_06769,India,26.31448,82.73546,90749,small
Town_06770,India,21.49626,76.5478,594051,medium
Town_06771,India,31.55565,75.12977,515351,medium
Town_06772,India,18.0233,78.23646,97145,small
Town_06773,India,22.43235,78.07791,498612,medium
Town_06774,India,27.66628,75.77955,56048,small
Town_06775,India,26.23657,91.28902,97028,small
Town_06776,India,29.50136,70.06814,29143,small
Town_06777,India,15.09108,79.19095,69114,small
Town_06778,India,14.51905,82.68401,96035,small
Town_06779,India,8.7558,70.29688,51224,small
Town_06780,India,22.74704,74.83997,83125,small
Town_06781,India,15.30298,71.60748,86334,small
Town_06782,India,24.34885,76.04141,42384,small
Town_06783,India,33.81814,92.80522,98937,small
Town_06784,India,25.95953,82.90564,983708,medium
Town_06785,India,8.45943,76.37256,39843,small
Town_06786,India,18.53958,70.39176,20169,small
Town_06787,India,13.24458,79.48753,82799,small
Town_06788,India,13.77494,71.14635,846661,medium
Town_06789,India,25.5402,86.29282,371146,medium
Town_06790,India,21.97471,71.3401,521780,medium
Town_06791,India,10.97757,90.64732,288107,medium
Town_06792,India,10.40586,68.58167,377665,medium
Town_06793,India,10.60896,77.91767,67186,small
Town_06794,India,23.07022,93.361,54537,small
Town_06795,India,11.47458,89.5058,16706981,large
Town_06796,India,9.15324,68.86687,68717,small
Town_06797,India,23.22671,90.82576,40566,small
Town_06798,India,14.04159,75.20072,29605,small
Town_06799,India,18.8609,92.26471,711932,medium
Town_06800,India,15.8373,68.11899,53129,small
Town_06801,India,33.01387,90.68011,41195,small
Town_06802,India,15.65144,79.61439,981476,medium
Town_06803,India,9.61007,80.23573,68361,small
Town_06804,India,34.37597,69.8059,79606,small
Town_06805,India,22.01729,85.36034,10581004,large
Town_06806,India,17.69204,73.88411,69035,small
Town_06807,India,30.96474,73.19041,50075,small
Town_06808,India,15.3764,97.4351,360791,medium
Town_06809,India,30.95359,83.01062,35010,small
Town_06810,India,16.71094,93.83614,51549,small
Town_06811,India,30.38732,82.9923,829875,medium
Town_06812,India,14.78728,94.92973,278786,medium
Town_06813,India,33.86954,76.67053,820170,medium
Town_06814,India,32.98697,96.94315,5282731,large
Town_06815,India,22.09655,71.19823,21870,small
Town_06816,India,27.99196,92.50967,408236,medium
Town_06817,India,22.02903,87.162,157097,medium
Town_06818,India,22.09629,76.87266,4669212,large
Town_06819,India,9.31507,90.84388,12402982,large
Town_06820,India,25.93303,85.49738,59346,small
Town_06821,India,10.86302,81.38031,87607,small
Town_06822,India,10.87144,74.21668,556519,medium
Town_06823,India,24.99506,90.32079,54000,small
Town_06824,India,16.55089,79.52901,351911,medium
Town_06825,India,31.90884,83.07622,85702,small
Town_06826,India,9.994,94.44767,138402,medium
Town_06827,India,26.11297,90.12303,35139,small
Town_06828,India,30.61219,84.21643,20600,small
Town_06829,India,35.18211,88.84803,779069,medium
Town_06830,India,35.29863,88.12053,57411,small
Town_06831,India,28.73903,79.47507,42871,small
Town_06832,India,15.03197,88.30939,42726,small
Town_06833,India,32.30176,70.09053,804321,medium
Town_06834,India,30.52737,88.64201,41852,small
Town_06835,India,16.38912,82.95026,43989,small
Town_06836,India,19.75179,93.86303,458000,medium
Town_06837,India,9.67486,92.15238,86217,small
Town_06838,India,21.90323,83.89091,428726,medium
Town_06839,India,20.59709,73.64298,26879,small
Town_06840,India,24.6986,68.88482,336746,medium
Town_06841,India,28.56952,84.09269,45885,small
Town_06842,India,11.04911,71.88733,63054,small
Town_06843,India,25.73318,69.11981,40150,small
Town_06844,India,19.44551,94.4255,386369,medium
Town_06845,India,29.46507,75.5377,93451,small
Town_06846,India,33.47396,87.3312,6258417,large
Town_06847,India,25.38118,87.16382,946334,medium
Town_06848,India,32.44037,88.63985,46916,small
Town_06849,India,19.19762,76.63443,99842,small
Town_06850,India,14.7715,92.09388,38470,small
Town_06851,India,34.3812,84.44695,473302,medium
Town_06852,India,29.89104,82.01944,25233,small
Town_06853,India,13.98512,73.32097,38791,small
Town_06854,India,22.00373,77.34899,70121,small
Town_06855,India,20.74121,90.95884,81239,small
Town_06856,India,26.77556,74.8892,43798,small
Town_06857,India,9.2256,90.81612,87880,small
Town_06858,India,17.8164,73.14132,9401355,large
Town_06859,India,23.98772,69.56447,9095131,large
Town_06860,India,27.09274,81.82953,272011,medium
Town_06861,India,8.9748,88.5175,86831,small
Town_06862,India,15.41561,79.52778,85166,small
Town_06863,India,22.10486,91.66177,83114,small
Town_06864,India,23.21238,71.61242,32171,small
Town_06865,India,29.58192,95.29519,454623,medium
Town_06866,India,25.10165,70.59359,56318,small
Town_06867,India,27.15114,85.41814,172222,medium
Town_06868,India,15.58592,87.4425,45898,small
Town_06869,India,25.73666,83.89979,65967,small
Town_06870,India,8.93528,78.3745,503416,medium
Town_06871,India,18.25492,72.63464,34361,small
Town_06872,India,17.96042,78.58273,8453682,large
Town_06873,India,13.86077,92.04324,47768,small
Town_06874,India,29.61568,70.34259,197012,medium
Town_06875,India,11.49956,75.45484,671300,medium
Town_06876,India,32.77641,96.11045,88309,small
Town_06877,India,32.46552,88.08188,47214,small
Town_06878,India,22.63497,93.33369,91662,small
Town_06879,India,20.85041,89.03364,56857,small
Town_06880,India,22.54038,75.01086,58771,small
Town_06881,India,14.98843,74.01205,256624,medium
Town_06882,India,18.99844,70.20439,39676,small
Town_06883,India,28.00388,77.47705,81501,small
Town_06884,India,18.66846,84.43383,242373,medium
Town_06885,India,25.88541,87.00719,571279,medium
Town_06886,India,28.64331,91.18141,87980,small
Town_06887,India,22.41717,71.2138,49241,small
Town_06888,India,34.41244,96.32821,386876,medium
Town_06889,India,17.77617,89.50833,61253,small
Town_06890,India,27.78876,91.33173,8854501,large
Town_06891,India,27.11334,77.46117,16054126,large
Town_06892,India,14.6399,88.05581,31439,small
Town_06893,India,17.01615,70.33108,38108,small
Town_06894,India,22.28398,83.13733,82084,small
Town_06895,India,28.30283,74.20954,984506,medium
Town_06896,India,21.32263,91.67189,10688553,large
Town_06897,India,15.67015,77.92329,68486,small
Town_06898,India,24.35866,69.70217,70669,small
Town_06899,India,21.57611,77.28451,40278,small
Town_06900,India,30.38222,81.08254,71587,small
Town_06901,India,28.13051,69.21506,990283,medium
Town_06902,India,12.07827,97.40036,612911,medium
Town_06903,India,34.47691,77.81426,86209,small
Town_06904,India,30.26151,76.63262,79300,small
Town_06905,India,27.52906,94.97406,50863,small
Town_06906,India,9.57597,93.27767,853567,medium
Town_06907,India,14.28038,96.98173,958446,medium
Town_06908,India,21.35171,83.34433,69404,small
Town_06909,India,16.04192,96.81956,888212,medium
Town_06910,India,27.62474,83.63999,47036,small
Town_06911,India,29.09708,78.78789,597139,medium
Town_06912,India,18.10306,86.67275,91180,small
Town_06913,India,32.98624,89.6712,16164333,large
Town_06914,India,8.27511,87.23896,432294,medium
Town_06915,India,9.80952,72.18892,294791,medium
Town_06916,India,17.08651,93.71013,91774,small
Town_06917,India,29.95733,68.14457,3571868,large
Town_06918,India,27.57073,77.76384,303161,medium
Town_06919,India,24.68185,88.59829,27256,small
Town_06920,India,13.05954,84.99053,38064,small
Town_06921,India,33.8614,93.47374,416746,medium
Town_06922,India,16.07278,85.42945,89359,small
Town_06923,India,9.64895,71.30143,9602580,large
Town_06924,India,23.66622,90.85571,7865380,large
Town_06925,India,23.76424,77.19358,76483,small
Town_06926,India,20.22556,91.42256,79403,small
Town_06927,India,19.91133,77.10223,54841,small
Town_06928,India,34.18027,82.13726,31365,small
Town_06929,India,25.73017,78.5881,69791,small
Town_06930,India,13.37345,76.87509,611782,medium
Town_06931,India,18.1032,89.58415,57895,small
Town_06932,India,32.82875,70.22725,81285,small
Town_06933,India,14.66168,82.55125,87472,small
Town_06934,India,12.06034,76.73467,78920,small
Town_06935,India,30.06649,80.53252,20449,small
Town_06936,India,14.2401,72.16463,17655672,large
Town_06937,India,34.74277,91.54165,79114,small
Town_06938,India,33.6717,71.12029,997424,medium
Town_06939,India,12.50974,88.09247,913596,medium
Town_06940,India,12.98343,92.66399,77477,small
Town_06941,India,12.94939,82.83138,126844,medium
Town_06942,India,35.07651,97.21527,43922,small
Town_06943,India,10.03393,92.84659,57354,small
Town_06944,India,28.61479,80.87256,84401,small
Town_06945,India,9.01862,76.94595,29673,small
Town_06946,India,14.81751,74.44075,51674,small
Town_06947,India,10.45845,90.52871,72813,small
Town_06948,India,15.63375,75.73679,12221314,large
Town_06949,India,12.8557,95.99381,47524,small
Town_06950,India,21.6127,93.71615,96080,small
Town_06951,India,9.68373,92.89528,93724,small
Town_06952,India,35.25601,78.79322,89575,small
Town_06953,India,8.72012,81.2708,2962080,large
Town_06954,India,12.91905,81.23894,876475,medium
Town_06955,India,25.76936,72.63794,96807,small
Town_06956,India,24.09515,97.13658,52756,small
Town_06957,India,9.48751,76.05644,662141,medium
Town_06958,India,19.32515,87.99194,42672,small
Town_06959,India,11.79017,94.99841,2143687,large
Town_06960,India,33.86377,86.5182,10721661,large
Town_06961,India,33.8813,90.72975,900735,medium
Town_06962,India,13.55009,78.08825,950278,medium
Town_06963,India,19.88612,70.2306,73229,small
Town_06964,India,15.98713,74.39342,9579440,large
Town_06965,India,11.24019,93.83663,668027,medium
Town_06966,India,17.58363,72.96336,29172,small
Town_06967,India,14.44565,82.28261,22220,small
Town_06968,India,9.4225,90.88562,72029,small
Town_06969,India,14.6635,79.67023,360732,medium
Town_06970,India,23.42425,97.36147,55547,small
Town_06971,India,31.84277,68.30835,79803,small
Town_06972,India,8.3357,78.48273,28719,small
Town_06973,India,13.92719,94.44475,70759,small
Town_06974,India,17.38235,81.34131,45260,small
Town_06975,India,26.00127,86.62041,52250,small
Town_06976,India,27.82384,87.79238,193719,medium
Town_06977,India,12.02254,89.85594,62709,small
Town_06978,India,31.9358,79.97219,99966,small
Town_06979,India,15.0669,82.77191,87485,small
Town_06980,India,32.43722,87.10399,34066,small
Town_06981,India,13.54923,70.49798,480793,medium
Town_06982,India,20.68398,79.07241,12876882,large
Town_06983,India,25.13639,79.8954,745108,medium
Town_06984,India,9.72141,71.16357,61496,small
Town_06985,India,21.2131,80.11519,51946,small
Town_06986,India,21.3685,78.88028,834830,medium
Town_06987,India,15.02497,77.52983,335242,medium
Town_06988,India,28.55335,75.86406,788738,medium
Town_06989,India,20.60754,71.4393,411255,medium
Town_06990,India,11.50977,80.19195,734148,medium
Town_06991,India,14.55927,90.70009,48000,small
Town_06992,India,32.23517,74.6959,81754,small
Town_06993,India,12.50239,92.62908,553863,medium
Town_06994,India,21.04191,73.07032,52574,small
Town_06995,India,22.39918,81.5734,78783,small
Town_06996,India,9.06678,81.2373,89865,small
Town_06997,India,12.86066,77.36146,51012,small
Town_06998,India,34.20592,89.90687,36589,small
Town_06999,India,18.5018,75.63476,4274027,large
Town_07000,India,19.69511,75.73799,83259,small
Town_07001,India,10.74422,96.59672,65822,small
Town_07002,India,24.99263,69.01148,355446,medium
Town_07003,India,24.08896,71.1787,470443,medium
Town_07004,India,30.78323,85.00235,45478,small
Town_07005,India,16.26374,91.32229,50965,small
Town_07006,India,27.08229,93.45496,69404,small
Town_07007,India,9.75201,70.91033,2076137,large
Town_07008,India,17.00871,92.99811,724513,medium
Town_07009,India,22.67203,83.71515,68573,small
Town_07010,India,17.84345,76.70645,27291,small
Town_07011,India,20.08389,93.13232,44083,small
Town_07012,India,15.8274,74.66447,963078,medium
Town_07013,India,12.34222,89.1249,61954,small
Town_07014,India,24.99443,71.36369,88025,small
Town_07015,India,33.56144,84.73332,34027,small
Town_07016,India,10.87353,81.03017,72986,small
Town_07017,India,29.88019,84.09427,37727,small
Town_07018,India,14.49781,90.66494,95049,small
Town_07019,India,14.8054,75.42882,40008,small
Town_07020,India,26.96711,76.20103,56490,small
Town_07021,India,21.73607,73.92452,46642,small
Town_07022,India,29.39409,93.86779,27116,small
Town_07023,India,27.27367,84.72996,82700,small
Town_07024,India,24.52933,88.08482,27980,small
Town_07025,India,23.84767,86.62687,57366,small
Town_07026,India,34.21716,69.1488,46384,small
Town_07027,India,26.80942,73.0076,329702,medium
Town_07028,India,9.18378,72.35691,998576,medium
Town_07029,India,10.86594,77.77296,79298,small
Town_07030,India,28.11834,80.11983,356608,medium
Town_07031,India,8.16803,80.00955,248285,medium
Town_07032,India,19.0281,79.66467,919587,medium
Town_07033,India,8.141,70.47464,33113,small
Town_07034,India,28.32835,86.24529,91221,small
Town_07035,India,12.371,84.26776,41220,small
Town_07036,India,15.68419,70.17485,82269,small
Town_07037,India,34.77643,89.35603,83145,small
Town_07038,India,18.95033,81.92617,350024,medium
Town_07039,India,15.26085,90.41842,79530,small
Town_07040,India,11.54051,80.537,55123,small
Town_07041,India,23.01034,93.45525,786238,medium
Town_07042,India,14.51345,69.94325,498898,medium
Town_07043,India,15.60738,74.37042,965134,medium
Town_07044,India,9.54313,71.85993,292031,medium
Town_07045,India,30.25553,94.81097,520072,medium
Town_07046,India,33.61997,86.9568,79089,small
Town_07047,India,14.24257,94.06669,616732,medium
Town_07048,India,29.65733,94.41156,57697,small
Town_07049,India,15.88902,73.67203,63362,small
Town_07050,India,29.46538,78.39421,94149,small
Town_07051,India,32.98378,88.21523,33987,small
Town_07052,India,22.52618,86.079,17797629,large
Town_07053,India,10.08119,89.41543,418780,medium
Town_07054,India,12.94877,96.58698,55485,small
Town_07055,India,14.43185,87.53038,416799,medium
Town_07056,India,31.98798,78.46718,285996,medium
Town_07057,India,9.77113,79.23599,48607,small
Town_07058,India,26.89743,77.09854,85325,small
Town_07059,India,23.99795,86.89862,45843,small
Town_07060,India,11.38792,82.82664,627764,medium
Town_07061,India,22.55822,76.30612,33259,small
Town_07062,India,13.68227,85.71313,111287,medium
Town_07063,India,11.81765,69.98862,92406,small
Town_07064,India,15.43847,87.40342,88119,small
Town_07065,India,13.34351,74.12533,92690,small
Town_07066,India,16.47048,84.1877,817047,medium
Town_07067,India,29.65043,81.31329,16601363,large
Town_07068,India,15.27147,83.46854,41675,small
Town_07069,India,27.30219,69.72739,93938,small
Town_07070,India,13.6324,86.34495,29641,small
Town_07071,India,13.21927,75.18603,44344,small
Town_07072,India,23.875,86.25907,959593,medium
Town_07073,India,20.70749,77.45373,675896,medium
Town_07074,India,27.85066,78.31984,28054,small
Town_07075,India,30.42187,97.26988,477678,medium
Town_07076,India,24.93371,78.04269,69452,small
Town_07077,India,17.63891,79.97776,64159,small
Town_07078,India,22.89129,79.795,49143,small
Town_07079,India,12.50894,75.74399,57621,small
Town_07080,India,10.80975,75.64991,218965,medium
Town_07081,India,32.83262,69.96624,25693,small
Town_07082,India,33.52796,68.7446,99217,small
Town_07083,India,24.44014,92.9256,37955,small
Town_07084,India,19.6419,87.89387,98438,small
Town_07085,India,24.20825,81.00355,618535,medium
Town_07086,India,18.28981,74.01254,15415468,large
Town_07087,India,18.29624,90.945,29912,small
Town_07088,India,22.70578,76.59789,51316,small
Town_07089,India,25.49199,76.27175,84411,small
Town_07090,India,16.72682,90.12939,64580,small
Town_07091,India,20.36445,74.56214,410084,medium
Town_07092,India,17.87832,76.74857,64460,small
Town_07093,India,21.8883,70.34355,554624,medium
Town_07094,India,10.37935,93.52721,79326,small
Town_07095,India,10.74611,96.55617,36248,small
Town_07096,India,14.12058,92.40544,795033,medium
Town_07097,India,23.80617,80.48344,775693,medium
Town_07098,India,16.9726,73.47813,857080,medium
Town_07099,India,12.10145,96.78371,25302,small
Town_07100,India,26.2346,75.38007,46483,small
Town_07101,India,24.09528,93.81507,856045,medium
Town_07102,India,29.50765,68.24478,725639,medium
Town_07103,India,16.54803,76.87432,57176,small
Town_07104,India,8.61938,81.95998,6125958,large
Town_07105,India,34.52774,78.53287,620602,medium
Town_07106,India,19.92391,78.30911,7039928,large
Town_07107,India,10.64998,94.55581,66838,small
Town_07108,India,18.02652,76.92958,427033,medium
Town_07109,India,17.15388,68.12846,529892,medium
Town_07110,India,8.51771,84.58315,940835,medium
Town_07111,India,27.18571,95.64693,33839,small
Town_07112,India,22.70965,73.29213,786669,medium
Town_07113,India,13.15168,80.54213,282167,medium
Town_07114,India,13.13085,87.81971,541753,medium
Town_07115,India,12.57365,77.64794,519781,medium
Town_07116,India,8.30806,78.07763,66780,small
Town_07117,India,10.3177,85.40426,70199,small
Town_07118,India,20.06764,80.50721,593626,medium
Town_07119,India,32.02031,77.22688,26954,small
Town_07120,India,27.24531,90.65853,4923786,large
Town_07121,India,17.66175,77.41317,8686873,large
Town_07122,India,8.11202,84.15269,48246,small
Town_07123,India,23.76762,84.56943,60191,small
Town_07124,India,20.8132,95.65342,579450,medium
Town_07125,India,29.15148,88.98666,64476,small
Town_07126,India,35.28207,96.96602,68133,small
Town_07127,India,21.25516,70.73234,80989,small
Town_07128,India,24.89126,73.63946,60238,small
Town_07129,India,31.07164,83.3617,80983,small
Town_07130,India,23.21522,88.19202,81176,small
Town_07131,India,30.44963,83.09809,89471,small
Town_07132,India,8.6139,92.42592,22742,small
Town_07133,India,26.87925,84.88326,253498,medium
Town_07134,India,31.98914,93.62455,14196504,large
Town_07135,India,29.00881,77.7719,54703,small
Town_07136,India,9.51406,91.44243,23319,small
Town_07137,India,30.58515,77.24669,142108,medium
Town_07138,India,14.52669,88.2462,44514,small
Town_07139,India,26.05198,90.64228,6293891,large
Town_07140,India,24.33713,74.48535,4783200,large
Town_07141,India,9.89228,82.85096,5574079,large
Town_07142,India,9.01748,96.17316,26894,small
Town_07143,India,24.56222,89.80579,42064,small
Town_07144,India,29.52942,82.11109,96962,small
Town_07145,India,15.70866,70.46223,97559,small
Town_07146,India,29.23338,81.18203,1920536,large
Town_07147,India,22.00988,72.11235,41483,small
Town_07148,India,25.92721,95.57376,77260,small
Town_07149,India,25.02082,79.97656,160177,medium
Town_07150,India,28.97362,96.16874,357604,medium
Town_07151,India,25.76284,68.00925,25149,small
Town_07152,India,23.14826,96.27631,9635410,large
Town_07153,India,12.34043,95.01661,27196,small
Town_07154,India,30.98082,80.85062,5158139,large
Town_07155,India,22.44143,73.88224,206959,medium
Town_07156,India,16.98463,75.62301,976112,medium
Town_07157,India,20.19364,85.7454,4600020,large
Town_07158,India,17.48453,96.50144,78748,small
Town_07159,India,35.0754,81.10774,155771,medium
Town_07160,India,18.733,75.01543,36237,small
Town_07161,India,14.80967,85.65363,23149,small
Town_07162,India,34.16491,81.24781,740731,medium
Town_07163,India,27.27915,70.85714,42232,small
Town_07164,India,32.05865,73.06839,596269,medium
Town_07165,India,13.8724,88.36856,51790,small
Town_07166,India,13.86155,74.33464,797658,medium
Town_07167,India,16.99246,89.16402,281131,medium
Town_07168,India,12.4072,86.84352,827699,medium
Town_07169,India,15.82983,92.05988,38208,small
Town_07170,India,18.83782,84.63127,12399294,large
Town_07171,India,29.00537,94.93763,563742,medium
Town_07172,India,26.69525,79.28822,87306,small
Town_07173,India,32.45814,72.78179,390342,medium
Town_07174,India,15.12515,87.84044,71003,small
Town_07175,India,8.45138,96.90318,98841,small
Town_07176,India,13.15263,88.43589,83928,small
Town_07177,India,18.76376,89.17246,34371,small
Town_07178,India,34.34083,70.5967,319348,medium
Town_07179,India,8.99236,94.95667,31323,small
Town_07180,India,33.94114,69.67329,881556,medium
Town_07181,India,24.00618,92.46523,65169,small
Town_07182,India,11.22799,86.01297,162878,medium
Town_07183,India,14.83978,90.85481,12077744,large
Town_07184,India,33.09878,75.52214,725543,medium
Town_07185,India,27.66573,77.31893,31905,small
Town_07186,India,30.12388,89.40621,30073,small
Town_07187,India,14.5198,78.3432,79833,small
Town_07188,India,33.33021,95.11126,278436,medium
Town_07189,India,17.41643,83.77737,263658,medium
Town_07190,India,18.29658,70.3883,59327,small
Town_07191,India,30.05868,82.10896,66897,small
Town_07192,India,19.96769,77.87463,29259,small
Town_07193,India,11.24215,75.79032,66804,small
Town_07194,India,31.19822,95.63985,304660,medium
Town_07195,India,23.69046,88.55928,48472,small
Town_07196,India,30.38722,78.36031,16409635,large
Town_07197,India,17.05379,75.39779,93349,small
Town_07198,India,21.78026,78.8106,923360,medium
Town_07199,India,23.17162,68.80744,796076,medium
Town_07200,India,20.72589,85.31268,517801,medium
Town_07201,India,16.39686,92.22944,66559,small
Town_07202,India,15.83775,78.60913,175923,medium
Town_07203,India,18.37413,71.35197,5801137,large
Town_07204,India,32.71453,75.38867,764154,medium
Town_07205,India,22.09636,86.46316,65796,small
Town_07206,India,16.6874,80.40311,28611,small
Town_07207,India,17.7886,91.91592,53933,small
Town_07208,India,32.12025,79.46688,74592,small
Town_07209,India,21.96716,75.15895,49612,small
Town_07210,India,30.49708,84.46763,11476117,large
Town_07211,India,25.26825,83.6627,517256,medium
Town_07212,India,26.14781,82.29833,31509,small
Town_07213,India,20.70491,93.28307,218629,medium
Town_07214,India,32.04646,91.5906,427365,medium
Town_07215,India,16.21271,81.64069,34853,small
Town_07216,India,26.46347,96.30443,926507,medium
Town_07217,India,14.73517,71.71035,83495,small
Town_07218,India,12.91911,80.94051,4847366,large
Town_07219,India,30.04447,94.48648,659078,medium
Town_07220,India,20.58147,71.16871,369262,medium
Town_07221,India,30.17909,76.40567,74625,small
Town_07222,India,30.60733,89.13783,45530,small
Town_07223,India,8.42972,77.75961,83819,small
Town_07224,India,16.4224,68.81893,8820089,large
Town_07225,India,19.17127,89.5865,121283,medium
Town_07226,India,16.20941,86.00925,40005,small
Town_07227,India,14.60328,86.55099,72619,small
Town_07228,India,29.46227,91.38868,679260,medium
Town_07229,India,32.27246,84.47296,452609,medium
Town_07230,India,30.90736,76.91152,20142,small
Town_07231,India,23.74594,71.68612,128091,medium
Town_07232,India,24.91012,96.26651,46320,small
Town_07233,India,10.04333,92.13333,30292,small
Town_07234,India,9.80185,72.83689,45881,small
Town_07235,India,10.27074,88.3609,47657,small
Town_07236,India,34.87716,76.29055,77345,small
Town_07237,India,16.08211,69.65202,77106,small
Town_07238,India,20.3833,90.01918,78884,small
Town_07239,India,30.53197,91.47794,77268,small
Town_07240,India,34.49206,68.45125,13640737,large
Town_07241,India,24.10352,74.95866,89118,small
Town_07242,India,13.7615,85.89644,12150557,large
Town_07243,India,13.985,86.6883,5126406,large
Town_07244,India,15.87316,93.67777,209584,medium
Town_07245,India,15.10942,95.32053,13823249,large
Town_07246,India,24.26091,82.41939,1256716,large
Town_07247,India,20.71813,86.66463,80650,small
Town_07248,India,21.09454,88.78134,67950,small
Town_07249,India,13.39672,82.38991,697348,medium
Town_07250,India,19.03469,70.87916,98231,small
Town_07251,India,35.36429,90.51278,31521,small
Town_07252,India,35.25919,92.79988,36858,small
Town_07253,India,25.42543,78.10666,43561,small
Town_07254,India,18.09241,69.37555,51278,small
Town_07255,India,19.37306,93.93886,82746,small
Town_07256,India,30.34909,73.11981,83957,small
Town_07257,India,26.21104,97.33426,78237,small
Town_07258,India,8.95679,88.12429,56741,small
Town_07259,India,30.56258,80.82689,29028,small
Town_07260,India,20.58252,88.59846,6923648,large
Town_07261,India,27.08199,70.94865,142257,medium
Town_07262,India,29.1083,89.08322,46353,small
Town_07263,India,25.11039,72.22279,61124,small
Town_07264,India,19.24238,75.07047,94272,small
Town_07265,India,17.10432,96.25042,73649,small
Town_07266,India,27.93639,80.20899,175132,medium
Town_07267,India,22.55863,81.75079,25771,small
Town_07268,India,8.13436,84.28136,85065,small
Town_07269,India,8.91687,76.9487,20691,small
Town_07270,India,14.32059,77.18199,96237,small
Town_07271,India,19.96357,89.13357,45946,small
Town_07272,India,20.79547,77.8661,48022,small
Town_07273,India,29.96736,92.64618,49218,small
Town_07274,India,15.81418,86.58469,495126,medium
Town_07275,India,32.30143,82.77109,86911,small
Town_07276,India,30.44858,96.03342,9399307,large
Town_07277,India,32.777,89.29269,80562,small
Town_07278,India,21.03877,70.99077,84374,small
Town_07279,India,11.64535,82.29586,21926,small
Town_07280,India,21.32779,90.18619,69044,small
Town_07281,India,33.39147,71.99284,658303,medium
Town_07282,India,13.19738,83.45906,70285,small
Town_07283,India,15.00069,70.69172,34322,small
Town_07284,India,28.96475,85.07053,31256,small
Town_07285,India,32.92888,73.375,50002,small
Town_07286,India,16.90739,75.75976,22212,small
Town_07287,India,29.84128,76.12808,406229,medium
Town_07288,India,22.18514,96.3281,61876,small
Town_07289,India,21.67173,68.5281,900064,medium
Town_07290,India,16.77928,87.36091,615213,medium
Town_07291,India,30.43567,89.20199,452101,medium
Town_07292,India,13.04682,72.52819,274338,medium
Town_07293,India,11.76635,76.3611,95884,small
Town_07294,India,34.75291,78.95724,35810,small
Town_07295,India,31.15604,76.36769,284352,medium
Town_07296,India,31.24683,88.76549,993194,medium
Town_07297,India,28.71651,68.32405,32140,small
Town_07298,India,11.41724,81.13147,75362,small
Town_07299,India,20.81803,86.55903,431427,medium
Town_07300,India,33.87532,73.1481,45986,small
Town_07301,India,13.27994,80.80169,299862,medium
Town_07302,India,10.58776,91.01503,30559,small
Town_07303,India,30.80263,70.705,84100,small
Town_07304,India,13.43194,95.32347,51831,small
Town_07305,India,9.73954,77.30819,27440,small
Town_07306,India,25.91517,90.35587,963587,medium
Town_07307,India,9.28549,95.54429,84055,small
Town_07308,India,13.99937,82.54025,91970,small
Town_07309,India,29.33002,77.75855,70291,small
Town_07310,India,25.01919,74.06591,71399,small
Town_07311,India,8.20248,83.78373,165178,medium
Town_07312,India,31.54841,81.36992,648445,medium
Town_07313,India,20.49377,74.20671,53099,small
Town_07314,India,33.88992,82.26452,10419665,large
Town_07315,India,29.43825,93.5331,478656,medium
Town_07316,India,25.47894,78.3112,66095,small
Town_07317,India,22.51821,93.26922,67370,small
Town_07318,India,18.35893,94.09681,976908,medium
Town_07319,India,11.9096,82.0801,99937,small
Town_07320,India,11.20557,84.95674,646569,medium
Town_07321,India,11.38015,86.67576,91989,small
Town_07322,India,15.04137,92.08164,54938,small
Town_07323,India,26.93445,89.85404,65098,small
Town_07324,India,21.46407,78.44121,708989,medium
Town_07325,India,13.61088,76.15242,88158,small
Town_07326,India,25.15749,70.29234,164449,medium
Town_07327,India,35.15064,90.9708,36097,small
Town_07328,India,16.18903,78.21661,78906,small
Town_07329,India,11.51976,82.97161,897584,medium
Town_07330,India,11.99477,91.06299,99901,small
Town_07331,India,16.90718,91.80257,13172123,large
Town_07332,India,19.22752,91.69258,46695,small
Town_07333,India,16.4936,79.9601,58226,small
Town_07334,India,29.17866,89.92628,66767,small
Town_07335,India,22.26372,95.32522,27005,small
Town_07336,India,31.11047,75.95443,984045,medium
Town_07337,India,14.83962,91.75921,6290472,large
Town_07338,India,28.70261,75.622,266146,medium
Town_07339,India,9.98747,68.98966,99919,small
Town_07340,India,12.95022,93.18615,96178,small
Town_07341,India,28.3065,83.22073,77277,small
Town_07342,India,23.1879,77.92476,21421,small
Town_07343,India,11.79276,81.07192,10981290,large
Town_07344,India,16.46963,74.43432,93187,small
Town_07345,India,9.56533,76.51896,5635691,large
Town_07346,India,17.74105,75.07287,111274,medium
Town_07347,India,24.38659,91.5279,7617991,large
Town_07348,India,19.97996,96.61545,17097475,large
Town_07349,India,25.21587,89.55369,11766013,large
Town_07350,India,32.27559,81.56277,594263,medium
Town_07351,India,23.61786,73.36124,95544,small
Town_07352,India,34.24988,77.91157,750660,medium
Town_07353,India,15.91338,68.51581,56987,small
Town_07354,India,32.62941,69.73475,5319767,large
Town_07355,India,9.70258,86.45235,96108,small
Town_07356,India,15.96902,90.84719,190626,medium
Town_07357,India,24.52805,76.3098,220457,medium
Town_07358,India,8.29035,83.26816,561092,medium
Town_07359,India,24.58242,95.30698,746345,medium
Town_07360,India,21.63199,73.57122,559820,medium
Town_07361,India,16.12939,68.50075,44065,small
Town_07362,India,13.32938,83.14004,1445985,large
Town_07363,India,10.7587,82.809,815941,medium
Town_07364,India,18.18989,72.12671,86199,small
Town_07365,India,21.89721,88.9041,78991,small
Town_07366,India,25.93749,75.85772,662772,medium
Town_07367,India,30.50844,84.6076,12942069,large
Town_07368,India,32.64438,92.27516,21850,small
Town_07369,India,14.33054,84.77613,77953,small
Town_07370,India,26.93373,75.55862,56922,small
Town_07371,India,11.39839,83.56359,78720,small
Town_07372,India,19.53505,86.54697,48092,small
Town_07373,India,34.08355,93.87442,14230127,large
Town_07374,India,21.3875,69.00727,80041,small
Town_07375,India,32.66811,83.19074,17585998,large
Town_07376,India,12.79837,79.05069,79303,small
Town_07377,India,23.06614,89.65808,69054,small
Town_07378,India,13.10702,92.69846,308729,medium
Town_07379,India,16.59709,77.92754,27061,small
Town_07380,India,23.06335,97.32997,434674,medium
Town_07381,India,11.67763,69.37779,69950,small
Town_07382,India,15.73312,73.55688,30668,small
Town_07383,India,23.15268,79.06476,92498,small
Town_07384,India,15.85488,71.30534,35035,small
Town_07385,India,8.76488,88.33011,787134,medium
Town_07386,India,31.62748,76.56436,73905,small
Town_07387,India,17.79406,95.30464,7698675,large
Town_07388,India,24.41509,92.84945,438861,medium
Town_07389,India,20.32609,93.34363,484234,medium
Town_07390,India,30.71888,83.81364,35187,small
Town_07391,India,16.45618,78.88501,7824517,large
Town_07392,India,22.68191,77.82436,41375,small
Town_07393,India,19.32008,94.3927,407812,medium
Town_07394,India,9.23867,83.2962,69442,small
Town_07395,India,23.18933,80.32592,85212,small
Town_07396,India,22.57265,94.23152,686500,medium
Town_07397,India,9.45378,94.92918,920594,medium
Town_07398,India,23.49732,83.62796,583644,medium
Town_07399,India,20.73383,86.95043,99671,small
Town_07400,India,23.46883,89.3807,64032,small
Town_07401,India,8.08695,87.53653,246501,medium
Town_07402,India,14.03275,81.24805,2476969,large
Town_07403,India,13.16739,70.09146,93930,small
Town_07404,India,29.6692,92.96268,52994,small
Town_07405,India,8.56802,70.85298,52217,small
Town_07406,India,31.34597,88.22122,8396799,large
Town_07407,India,10.45856,74.8021,32683,small
Town_07408,India,31.55591,76.0053,214571,medium
Town_07409,India,14.12433,80.91014,85398,small
Town_07410,India,27.79696,74.41918,496052,medium
Town_07411,India,19.98293,76.69079,95720,small
Town_07412,India,15.65348,85.44506,33671,small
Town_07413,India,33.96018,86.35257,75259,small
Town_07414,India,20.94619,80.84873,74222,small
Town_07415,India,20.59771,89.09468,77466,small
Town_07416,India,34.77372,84.24096,93905,small
Town_07417,India,18.1188,72.29531,49729,small
Town_07418,India,12.91279,75.17672,56581,small
Town_07419,India,26.90986,69.89989,63660,small
Town_07420,India,31.6271,90.45807,48979,small
Town_07421,India,25.92203,88.55968,44523,small
Town_07422,India,13.54615,94.31735,622244,medium
Town_07423,India,11.1862,86.45415,8931811,large
Town_07424,India,9.14539,95.26534,23435,small
Town_07425,India,23.4701,96.66216,62685,small
Town_07426,India,23.69377,80.58553,88267,small
Town_07427,India,25.21345,89.14062,79512,small
Town_07428,India,33.02964,77.34926,38521,small
Town_07429,India,21.4049,91.8581,71384,small
Town_07430,India,27.40817,92.4173,12999710,large
Town_07431,India,28.59546,90.3927,55115,small
Town_07432,India,8.322,91.22498,98929,small
Town_07433,India,15.77759,80.24425,81049,small
Town_07434,India,29.7218,91.93203,307475,medium
Town_07435,India,10.25336,74.81597,32521,small
Town_07436,India,33.57857,69.25133,14782474,large
Town_07437,India,15.82873,74.25911,793843,medium
Town_07438,India,32.73393,92.15543,775810,medium
Town_07439,India,14.70354,72.59641,642368,medium
Town_07440,India,9.74584,92.36562,12727460,large
Town_07441,India,18.32674,71.05487,797996,medium
Town_07442,India,19.17083,89.46105,37639,small
Town_07443,India,9.69263,82.10393,97509,small
Town_07444,India,19.64216,71.87526,45085,small
Town_07445,India,18.41439,97.45142,74284,small
Town_07446,India,31.40679,92.20133,407718,medium
Town_07447,India,35.39119,93.18234,89405,small
Town_07448,India,26.36948,69.30994,93620,small
Town_07449,India,14.7541,91.99122,44071,small
Town_07450,India,13.12352,91.35718,263373,medium
Town_07451,India,20.26263,86.65475,85169,small
Town_07452,India,18.18641,94.66902,121186,medium
Town_07453,India,8.77569,80.43957,38152,small
Town_07454,India,13.4368,82.07882,61764,small
Town_07455,India,15.50174,78.4427,98740,small
Town_07456,India,29.77979,91.03055,32866,small
Town_07457,India,33.73368,69.79953,26503,small
Town_07458,India,26.62319,71.43926,23473,small
Town_07459,India,9.23599,83.18555,57804,small
Town_07460,India,22.96365,94.28329,31490,small
Town_07461,India,33.94992,93.38321,65836,small
Town_07462,India,24.28014,93.07551,47709,small
Town_07463,India,9.07379,84.19211,36689,small
Town_07464,India,10.39847,86.96841,68773,small
Town_07465,India,16.3414,75.75214,730099,medium
Town_07466,India,27.73298,73.97451,97838,small
Town_07467,India,26.61749,79.79946,83568,small
Town_07468,India,31.20643,81.23737,37230,small
Town_07469,India,29.12661,68.90862,83292,small
Town_07470,India,17.6078,75.11155,71757,small
Town_07471,India,24.3312,71.28266,24580,small
Town_07472,India,25.46226,94.33203,720415,medium
Town_07473,India,11.52025,71.99881,83193,small
Town_07474,India,33.96926,86.97496,48198,small
Town_07475,India,18.04976,78.39625,96299,small
Town_07476,India,30.91211,89.21092,449727,medium
Town_07477,India,18.22339,95.19534,16725258,large
Town_07478,India,20.64906,91.28906,32316,small
Town_07479,India,20.35378,87.04028,78776,small
Town_07480,India,8.81932,71.59626,9970576,large
Town_07481,India,21.45785,86.61629,221343,medium
Town_07482,India,19.93746,87.17995,39217,small
Town_07483,India,32.04165,94.38676,28109,small
Town_07484,India,20.41751,83.90861,11587930,large
Town_07485,India,13.44547,79.42708,28921,small
Town_07486,India,14.87089,95.42151,466050,medium
Town_07487,India,32.05919,70.75932,15270491,large
Town_07488,India,30.58868,78.42779,33643,small
Town_07489,India,14.4679,72.67158,683969,medium
Town_07490,India,17.2372,85.37855,36391,small
Town_07491,India,12.30481,72.4148,25223,small
Town_07492,India,19.91269,96.50076,52589,small
Town_07493,India,34.07237,82.5932,171212,medium
Town_07494,India,21.86115,73.08206,97448,small
Town_07495,India,32.39577,71.23224,150194,medium
Town_07496,India,32.60664,82.57305,767524,medium
Town_07497,India,25.31702,96.62756,17377500,large
Town_07498,India,14.24792,86.88407,116186,medium
Town_07499,India,25.39988,75.79593,35323,small
Town_07500,India,12.01015,87.62296,30924,small
Town_07501,India,15.32108,72.63248,90702,small
Town_07502,India,18.7681,88.6188,86708,small
Town_07503,India,30.10325,69.96779,60837,small
Town_07504,India,34.65664,76.03699,13088789,large
Town_07505,India,12.7049,74.57742,864332,medium
Town_07506,India,10.7954,69.31451,68618,small
Town_07507,India,24.61838,86.10713,272243,medium
Town_07508,India,17.45866,73.39999,95144,small
Town_07509,India,31.64825,69.3128,94086,small
Town_07510,India,31.90631,77.7318,56621,small
Town_07511,India,33.03907,82.77366,59341,small
Town_07512,India,10.99639,93.53858,87398,small
Town_07513,India,12.00575,78.20082,67021,small
Town_07514,India,15.4065,70.71417,59634,small
Town_07515,India,26.89668,85.36015,64156,small
Town_07516,India,31.97749,71.31396,63411,small
Town_07517,India,13.65661,84.43493,926854,medium
Town_07518,India,32.18063,82.12217,15906633,large
Town_07519,India,15.94585,93.23297,81138,small
Town_07520,India,23.93525,83.48228,51967,small
Town_07521,India,24.53942,70.61641,54673,small
Town_07522,India,30.88507,71.3865,4329038,large
Town_07523,India,25.74273,91.80745,99295,small
Town_07524,India,10.67657,70.29776,29234,small
Town_07525,India,24.42612,90.97719,28877,small
Town_07526,India,35.04471,72.38525,10584040,large
Town_07527,India,10.91018,93.98586,15006063,large
Town_07528,India,22.77701,75.30144,492099,medium
Town_07529,India,31.58265,78.37119,43710,small
Town_07530,India,14.16472,76.34905,57751,small
Town_07531,India,34.22924,88.22299,12492735,large
Town_07532,India,17.88511,68.33665,72729,small
Town_07533,India,32.95195,85.30583,48854,small
Town_07534,India,27.58836,73.78195,820158,medium
Town_07535,India,31.71951,80.28966,67503,small
Town_07536,India,18.24651,76.16749,49422,small
Town_07537,India,28.66068,96.62483,84225,small
Town_07538,India,14.8128,69.51769,95209,small
Town_07539,India,22.47886,91.39936,91947,small
Town_07540,India,10.03257,88.50751,255646,medium
Town_07541,India,23.93507,82.94452,482327,medium
Town_07542,India,20.38828,76.07239,21188,small
Town_07543,India,29.90854,86.44731,772102,medium
Town_07544,India,9.63484,70.87441,605814,medium
Town_07545,India,27.80144,69.73568,40712,small
Town_07546,India,25.1673,75.34778,54421,small
Town_07547,India,23.37265,84.5977,48941,small
Town_07548,India,32.10501,93.58778,786765,medium
Town_07549,India,25.32625,73.92136,58839,small
Town_07550,India,25.8433,76.75864,15251409,large
Town_07551,India,30.79461,71.67138,699991,medium
Town_07552,India,20.88834,87.72711,57166,small
Town_07553,India,13.76814,96.16172,932943,medium
Town_07554,India,26.42295,73.2255,22574,small
Town_07555,India,29.95304,83.28694,75732,small
Town_07556,India,28.62899,82.73866,49702,small
Town_07557,India,13.84483,94.99884,7969852,large
Town_07558,India,15.65253,85.91705,592967,medium
Town_07559,India,20.05459,95.80307,93510,small
Town_07560,India,34.9486,74.32447,14556355,large
Town_07561,India,15.33644,86.57701,944517,medium
Town_07562,India,22.04366,77.12351,35112,small
Town_07563,India,11.11671,88.11206,940083,medium
Town_07564,India,8.36079,70.47701,85121,small
Town_07565,India,10.09785,87.80589,55292,small
Town_07566,India,26.82128,78.39085,55066,small
Town_07567,India,17.44145,95.04543,187877,medium
Town_07568,India,19.26815,89.05559,140145,medium
Town_07569,India,12.11259,79.39076,59002,small
Town_07570,India,12.27201,86.39473,39574,small
Town_07571,India,25.58524,95.40728,570974,medium
Town_07572,India,31.348,80.21207,30821,small
Town_07573,India,35.02279,78.91375,551906,medium
Town_07574,India,24.59713,92.04009,372855,medium
Town_07575,India,13.12353,91.66846,55454,small
Town_07576,India,18.0924,77.66107,502472,medium
Town_07577,India,10.74778,93.32951,1932413,large
Town_07578,India,25.57461,70.30539,81921,small
Town_07579,India,10.52469,69.58898,4769177,large
Town_07580,India,18.75429,85.06688,44405,small
Town_07581,India,16.05876,72.85724,415652,medium
Town_07582,India,18.39073,78.37516,684034,medium
Town_07583,India,29.10988,83.60363,514908,medium
Town_07584,India,9.84387,81.32316,107928,medium
Town_07585,India,17.88983,94.14191,683984,medium
Town_07586,India,19.18837,73.6907,3804699,large
Town_07587,India,13.94917,72.32203,808077,medium
Town_07588,India,35.0735,89.12998,832379,medium
Town_07589,India,30.79186,81.81441,95300,small
Town_07590,India,15.30614,74.70933,89105,small
Town_07591,India,34.35788,69.93084,33062,small
Town_07592,India,14.69458,80.83089,93163,small
Town_07593,India,13.54852,92.32541,144011,medium
Town_07594,India,23.56895,95.85246,155550,medium
Town_07595,India,23.5323,81.38908,6924937,large
Town_07596,India,28.93964,83.95786,70163,small
Town_07597,India,29.0878,92.98533,305786,medium
Town_07598,India,34.64096,96.77003,38052,small
Town_07599,India,30.55192,79.20823,585835,medium
Town_07600,India,29.92803,97.31621,59137,small
Town_07601,India,16.20173,80.07302,1553986,large
Town_07602,India,25.25065,88.89259,71326,small
Town_07603,India,21.75871,77.83428,499634,medium
Town_07604,India,29.13819,86.29962,971599,medium
Town_07605,India,20.01984,81.43726,220201,medium
Town_07606,India,32.91632,87.54219,301938,medium
Town_07607,India,31.18009,86.9739,81127,small
Town_07608,India,11.40074,89.95792,54576,small
Town_07609,India,25.24776,93.02094,14061286,large
Town_07610,India,16.11394,70.10359,65072,small
Town_07611,India,19.11032,97.06454,84149,small
Town_07612,India,30.87528,71.73071,22497,small
Town_07613,India,12.56693,78.99702,14022318,large
Town_07614,India,23.82009,73.10705,39659,small
Town_07615,India,14.54449,90.97476,53493,small
Town_07616,India,18.18121,91.52388,90603,small
Town_07617,India,9.68735,74.18261,81007,small
Town_07618,India,33.06961,86.30637,15017487,large
Town_07619,India,22.69336,85.72674,336636,medium
Town_07620,India,13.41524,72.8571,61323,small
Town_07621,India,31.2495,76.95499,53771,small
Town_07622,India,32.6597,89.85806,636288,medium
Town_07623,India,34.72276,91.6429,600686,medium
Town_07624,India,15.17793,83.35266,147803,medium
Town_07625,India,15.97563,89.47995,831301,medium
Town_07626,India,12.86559,95.13759,879719,medium
Town_07627,India,18.2837,71.18935,76904,small
Town_07628,India,17.73441,74.28422,34858,small
Town_07629,India,30.69928,82.42251,82439,small
Town_07630,India,28.79148,87.28725,619661,medium
Town_07631,India,24.64519,86.92524,45310,small
Town_07632,India,30.69809,70.28387,99378,small
Town_07633,India,27.25827,83.94458,9256968,large
Town_07634,India,33.07179,84.1199,460712,medium
Town_07635,India,22.34989,76.44039,234823,medium
Town_07636,India,18.1719,90.16196,83931,small
Town_07637,India,9.05011,92.01228,44425,small
Town_07638,India,20.85334,82.27751,70876,small
Town_07639,India,13.44788,71.32263,10727196,large
Town_07640,India,20.09857,79.03479,9720306,large
Town_07641,India,13.1776,76.866,331139,medium
Town_07642,India,34.72237,80.19512,422475,medium
Town_07643,India,22.07327,69.94869,80423,small
Town_07644,India,32.84227,77.54882,206558,medium
Town_07645,India,32.08656,90.64135,93476,small
Town_07646,India,19.2277,81.38558,927849,medium
Town_07647,India,25.39604,94.51311,31664,small
Town_07648,India,25.13219,77.87813,94016,small
Town_07649,India,16.54032,89.25137,262246,medium
Town_07650,India,19.05005,89.79866,79614,small
Town_07651,India,10.46242,95.86223,24939,small
Town_07652,India,8.81307,92.74511,63268,small
Town_07653,India,30.76788,78.14231,32535,small
Town_07654,India,25.48901,68.74566,7016203,large
Town_07655,India,25.80696,76.78689,45237,small
Town_07656,India,13.53164,73.30691,14610210,large
Town_07657,India,28.37233,92.80249,7822824,large
Town_07658,India,11.36262,93.47764,50903,small
Town_07659,India,12.18097,86.16776,98016,small
Town_07660,India,34.01523,89.36274,4251171,large
Town_07661,India,15.04754,75.32131,23979,small
Town_07662,India,14.1218,75.00449,85204,small
Town_07663,India,13.39555,77.29202,50860,small
Town_07664,India,21.31028,91.94378,67166,small
Town_07665,India,22.90512,70.66388,67119,small
Town_07666,India,27.04281,74.8264,3190433,large
Town_07667,India,15.97218,95.07907,640337,medium
Town_07668,India,18.15272,77.70472,903925,medium
Town_07669,India,27.03531,97.45927,29179,small
Town_07670,India,33.5927,83.01318,68545,small
Town_07671,India,9.0699,85.04075,49794,small
Town_07672,India,13.53343,96.18847,61101,small
Town_07673,India,31.76488,78.35413,91272,small
Town_07674,India,34.94692,88.00966,31973,small
Town_07675,India,35.48316,92.52254,620674,medium
Town_07676,India,10.84576,84.61853,84675,small
Town_07677,India,21.2806,72.82828,98027,small
Town_07678,India,26.65267,91.34327,126050,medium
Town_07679,India,29.19685,81.61669,42925,small
Town_07680,India,27.32604,75.53123,41512,small
Town_07681,India,24.9989,87.93199,210054,medium
Town_07682,India,16.81224,74.62018,15854541,large
Town_07683,India,26.57756,89.79968,7795086,large
Town_07684,India,24.18968,80.35532,66830,small
Town_07685,India,27.92669,86.5265,86412,small
Town_07686,India,33.36604,82.21499,78676,small
Town_07687,India,25.53196,72.47982,646318,medium
Town_07688,India,33.54568,85.17288,4989432,large
Town_07689,India,34.28294,93.61938,4069309,large
Town_07690,India,30.84279,70.27534,78737,small
Town_07691,India,15.76428,74.51616,37814,small
Town_07692,India,22.98116,75.61463,49869,small
Town_07693,India,18.76456,88.81927,17512860,large
Town_07694,India,30.3858,71.44219,530645,medium
Town_07695,India,14.55159,77.89479,121678,medium
Town_07696,India,24.97725,76.00986,57446,small
Town_07697,India,22.29377,72.73758,42153,small
Town_07698,India,23.79185,94.31834,181712,medium
Town_07699,India,16.51355,96.92081,89620,small
Town_07700,India,27.7306,71.50784,43220,small
Town_07701,India,32.31307,92.95637,82797,small
Town_07702,India,8.37113,96.02624,55069,small
Town_07703,India,32.79039,82.78662,537241,medium
Town_07704,India,32.48709,75.82425,482610,medium
Town_07705,India,29.99413,75.59258,39787,small
Town_07706,India,26.54315,79.98258,832605,medium
Town_07707,India,20.02114,88.24454,36222,small
Town_07708,India,8.98285,70.54385,8800393,large
Town_07709,India,18.96461,94.64504,22251,small
Town_07710,India,20.98987,73.38915,68738,small
Town_07711,India,28.13849,87.37802,30019,small
Town_07712,India,33.41915,92.05726,36290,small
Town_07713,India,26.6308,68.83917,84802,small
Town_07714,India,20.49437,92.0399,663969,medium
Town_07715,India,10.24554,96.26611,46798,small
Town_07716,India,9.28732,68.84547,90238,small
Town_07717,India,13.09006,90.56456,758977,medium
Town_07718,India,21.73566,87.46043,45914,small
Town_07719,India,25.51872,79.34715,310442,medium
Town_07720,India,8.82477,83.34837,90241,small
Town_07721,India,32.98848,94.60547,83630,small
Town_07722,India,34.83612,96.56125,70896,small
Town_07723,India,27.95833,73.26719,420826,medium
Town_07724,India,10.51357,71.94862,37885,small
Town_07725,India,19.95217,76.75123,71988,small
Town_07726,India,13.57003,96.54158,31347,small
Town_07727,India,24.40673,76.18906,67386,small
Town_07728,India,9.73334,76.65754,16277008,large
Town_07729,India,18.1431,89.79443,64881,small
Town_07730,India,22.56942,88.32391,79027,small
Town_07731,India,11.72276,82.63956,88087,small
Town_07732,India,26.11763,84.97366,88085,small
Town_07733,India,9.71967,87.22845,36519,small
Town_07734,India,18.37584,95.91402,26656,small
Town_07735,India,21.7521,89.4533,97172,small
Town_07736,India,23.93398,68.53302,16723784,large
Town_07737,India,32.82519,75.76142,81924,small
Town_07738,India,29.12325,79.87424,40902,small
Town_07739,India,14.97456,76.07703,92711,small
Town_07740,India,20.0839,75.94973,8627800,large
Town_07741,India,12.48896,86.35237,449862,medium
Town_07742,India,12.73967,77.16818,13484122,large
Town_07743,India,21.63216,69.20788,33064,small
Town_07744,India,32.53032,77.63166,72897,small
Town_07745,India,15.12075,72.69549,603985,medium
Town_07746,India,10.39086,82.75374,91642,small
Town_07747,India,21.44436,85.44859,61621,small
Town_07748,India,15.28425,77.07088,55168,small
Town_07749,India,8.61969,78.3366,81219,small
Town_07750,India,24.28464,76.02648,99651,small
Town_07751,India,17.61758,78.8093,3064246,large
Town_07752,India,34.39314,87.75861,45796,small
Town_07753,India,8.2635,80.11926,38045,small
Town_07754,India,18.36483,95.92232,481404,medium
Town_07755,India,13.86853,80.6612,134537,medium
Town_07756,India,8.18397,80.25864,822547,medium
Town_07757,India,12.21117,72.64809,61961,small
Town_07758,India,31.53087,94.13451,84508,small
Town_07759,India,11.63281,84.06183,55440,small
Town_07760,India,24.12768,81.23524,56980,small
Town_07761,India,11.69102,79.30029,276183,medium
Town_07762,India,28.75253,71.70422,250925,medium
Town_07763,India,33.78075,86.62381,60080,small
Town_07764,India,13.4761,76.70632,35736,small
Town_07765,India,10.34619,97.37415,56888,small
Town_07766,India,34.24669,87.85535,90898,small
Town_07767,India,32.3237,96.25981,49864,small
Town_07768,India,33.99554,90.30009,36771,small
Town_07769,India,21.85133,89.54104,708991,medium
Town_07770,India,16.38098,70.58899,31293,small
Town_07771,India,27.83662,91.48631,77680,small
Town_07772,India,20.0734,70.06265,757451,medium
Town_07773,India,28.37196,85.2632,95679,small
Town_07774,India,28.42454,92.93637,46685,small
Town_07775,India,14.09427,81.06241,551859,medium
Town_07776,India,15.7844,88.25932,90454,small
Town_07777,India,27.33625,77.25048,563539,medium
Town_07778,India,18.15185,89.00547,87924,small
Town_07779,India,11.11854,70.24924,75868,small
Town_07780,India,35.08356,80.74717,972634,medium
Town_07781,India,15.57322,87.92126,57740,small
Town_07782,India,15.98208,79.71861,80483,small
Town_07783,India,20.99511,96.68708,59837,small
Town_07784,India,23.94161,89.44335,23516,small
Town_07785,India,17.17325,70.43505,133614,medium
Town_07786,India,20.38258,93.95929,23528,small
Town_07787,India,21.05071,91.33846,12543271,large
Town_07788,India,19.98488,80.32006,57155,small
Town_07789,India,18.20041,96.12952,2849457,large
Town_07790,India,25.67349,79.34888,31507,small
Town_07791,India,27.87696,78.33311,68587,small
Town_07792,India,31.44313,88.56489,84384,small
Town_07793,India,11.11107,74.56423,740525,medium
Town_07794,India,10.87982,94.25291,226282,medium
Town_07795,India,16.64143,96.94385,79866,small
Town_07796,India,14.76684,87.49995,35880,small
Town_07797,India,15.13243,83.7516,834779,medium
Town_07798,India,11.3002,84.50981,72768,small
Town_07799,India,29.42429,89.9224,65563,small
Town_07800,India,14.20111,81.05104,81714,small
Town_07801,India,34.3667,79.52797,64334,small
Town_07802,India,8.53438,75.56782,42071,small
Town_07803,India,21.66544,86.45796,63319,small
Town_07804,India,30.4934,74.6698,998908,medium
Town_07805,India,14.18211,92.04149,17914312,large
Town_07806,India,15.42994,89.29502,78046,small
Town_07807,India,8.68755,68.30601,36685,small
Town_07808,India,32.57815,95.47082,505888,medium
Town_07809,India,18.01143,76.84524,77483,small
Town_07810,India,19.38044,76.95606,46659,small
Town_07811,India,20.27997,93.09835,67930,small
Town_07812,India,9.24464,75.07891,88643,small
Town_07813,India,23.47126,80.94668,60556,small
Town_07814,India,14.45058,80.53286,73943,small
Town_07815,India,13.39929,68.20529,311028,medium
Town_07816,India,13.08761,90.60448,95955,small
Town_07817,India,24.8922,95.69966,46475,small
Town_07818,India,24.2101,94.77853,80837,small
Town_07819,India,25.00371,96.57518,2455989,large
Town_07820,India,28.55712,74.78328,699037,medium
Town_07821,India,34.02511,71.95876,382286,medium
Town_07822,India,16.05376,90.21984,174423,medium
Town_07823,India,22.90579,87.93587,202806,medium
Town_07824,India,26.12418,91.28371,22203,small
Town_07825,India,18.87216,71.69653,964112,medium
Town_07826,India,25.9714,84.01749,52851,small
Town_07827,India,10.50035,93.57933,6446538,large
Town_07828,India,8.36507,79.77538,61726,small
Town_07829,India,21.61851,75.55717,140058,medium
Town_07830,India,28.0823,95.52049,74565,small
Town_07831,India,19.58283,69.24681,98902,small
Town_07832,India,20.64001,71.16694,31508,small
Town_07833,India,24.48201,95.36118,9655675,large
Town_07834,India,21.25842,95.00723,855272,medium
Town_07835,India,23.87758,83.43834,71427,small
Town_07836,India,30.26013,90.33362,87708,small
Town_07837,India,9.66959,82.04934,35867,small
Town_07838,India,30.12178,80.89541,98446,small
Town_07839,India,22.087,81.26854,30707,small
Town_07840,India,25.64909,76.37944,55499,small
Town_07841,India,21.56395,75.78242,260887,medium
Town_07842,India,33.65693,91.71531,153291,medium
Town_07843,India,8.14023,77.63392,46343,small
Town_07844,India,32.97308,96.66898,45151,small
Town_07845,India,29.28975,88.66262,93660,small
Town_07846,India,27.74957,93.27271,833849,medium
Town_07847,India,23.91052,80.93304,630003,medium
Town_07848,India,32.02467,96.95239,882123,medium
Town_07849,India,20.81845,92.41864,170996,medium
Town_07850,India,35.49165,80.27913,92536,small
Town_07851,India,26.51304,88.46774,4539770,large
Town_07852,India,28.88037,81.0118,23601,small
Town_07853,India,12.94795,94.81469,623592,medium
Town_07854,India,23.62551,97.46286,646886,medium
Town_07855,India,32.85667,89.08378,280913,medium
Town_07856,India,29.38849,73.07743,73832,small
Town_07857,India,21.97645,72.59177,217715,medium
Town_07858,India,9.03403,68.3174,71375,small
Town_07859,India,16.76308,70.45782,243061,medium
Town_07860,India,8.72551,73.76549,95704,small
Town_07861,India,29.45699,84.8801,46384,small
Town_07862,India,31.00084,82.96088,682589,medium
Town_07863,India,15.02005,80.84839,23277,small
Town_07864,India,31.33765,79.88922,2573973,large
Town_07865,India,23.27988,91.04465,98140,small
Town_07866,India,19.51658,81.78474,37588,small
Town_07867,India,19.61782,69.43933,44094,small
Town_07868,India,32.68259,97.30952,46327,small
Town_07869,India,8.76605,79.43492,32588,small
Town_07870,India,29.24529,81.58167,23060,small
Town_07871,India,33.59038,79.369,29897,small
Town_07872,India,22.53174,69.72852,12779267,large
Town_07873,India,29.66217,89.817,57720,small
Town_07874,India,33.53098,72.88932,231986,medium
Town_07875,India,16.94641,84.73249,37133,small
Town_07876,India,24.70092,87.63564,27804,small
Town_07877,India,27.60638,79.4153,39748,small
Town_07878,India,26.0906,69.99883,353025,medium
Town_07879,India,11.09591,71.28681,68473,small
Town_07880,India,14.18107,89.16785,34393,small
Town_07881,India,14.04887,69.02078,433888,medium
Town_07882,India,15.76393,78.94276,238664,medium
Town_07883,India,11.80537,93.05195,699302,medium
Town_07884,India,14.92437,85.69863,76238,small
Town_07885,India,30.84746,79.73033,417725,medium
Town_07886,India,24.4925,76.67686,24349,small
Town_07887,India,23.00936,94.00181,2589656,large
Town_07888,India,18.01242,89.61197,63270,small
Town_07889,India,10.37998,71.14935,272449,medium
Town_07890,India,30.85544,88.95695,42309,small
Town_07891,India,27.98001,90.93822,33594,small
Town_07892,India,13.13621,85.02904,17000461,large
Town_07893,India,34.99337,88.23977,674879,medium
Town_07894,India,15.90125,82.49895,72289,small
Town_07895,India,10.98061,93.04487,73599,small
Town_07896,India,14.15605,73.74806,75411,small
Town_07897,India,27.01681,69.5463,274632,medium
Town_07898,India,21.67903,94.97754,26829,small
Town_07899,India,29.90738,71.32463,624381,medium
Town_07900,India,8.47965,84.63789,89151,small
Town_07901,India,24.55656,95.8945,308889,medium
Town_07902,India,22.43419,92.15075,48079,small
Town_07903,India,16.46475,96.48046,36174,small
Town_07904,India,17.3267,71.25242,99547,small
Town_07905,India,24.10922,73.19404,81016,small
Town_07906,India,32.2779,83.52446,43252,small
Town_07907,India,29.78654,68.4579,36942,small
Town_07908,India,21.51245,93.2048,531997,medium
Town_07909,India,31.04516,89.97585,97144,small
Town_07910,India,32.91442,89.20688,41705,small
Town_07911,India,28.49597,86.95827,1390074,large
Town_07912,India,10.93412,83.52793,324136,medium
Town_07913,India,11.38757,90.17891,33691,small
Town_07914,India,29.71078,68.31033,36624,small
Town_07915,India,30.06085,71.43546,503780,medium
Town_07916,India,28.22871,83.94616,4341354,large
Town_07917,India,8.26754,88.69283,13502088,large
Town_07918,India,15.01707,74.88205,14090914,large
Town_07919,India,19.1014,89.74697,933866,medium
Town_07920,India,14.88763,95.85065,74934,small
Town_07921,India,14.20849,83.57277,824542,medium
Town_07922,India,27.22633,71.70549,349328,medium
Town_07923,India,22.18563,92.69939,869706,medium
Town_07924,India,10.6765,96.73215,967815,medium
Town_07925,India,8.48639,84.26294,42936,small
Town_07926,India,34.27409,72.63788,132228,medium
Town_07927,India,22.58845,95.61788,66948,small
Town_07928,India,24.96645,70.52003,73179,small
Town_07929,India,24.43818,88.63729,80479,small
Town_07930,India,22.42035,88.23779,5260879,large
Town_07931,India,10.42251,70.24219,47310,small
Town_07932,India,11.79124,82.00656,96771,small
Town_07933,India,21.74839,69.46338,6743383,large
Town_07934,India,18.71446,69.70087,22156,small
Town_07935,India,18.72122,91.01223,72172,small
Town_07936,India,18.84214,80.1213,232439,medium
Town_07937,India,12.07552,81.48066,73731,small
Town_07938,India,20.01925,76.67392,81689,small
Town_07939,India,22.98896,97.33725,45785,small
Town_07940,India,20.10037,72.57096,993924,medium
Town_07941,India,33.22599,69.38054,47949,small
Town_07942,India,30.88701,71.07228,15570800,large
Town_07943,India,29.91602,73.069,6723369,large
Town_07944,India,25.62414,70.99279,964279,medium
Town_07945,India,21.31963,69.2437,405549,medium
Town_07946,India,28.95071,88.74952,68786,small
Town_07947,India,21.85503,84.33215,56473,small
Town_07948,India,11.95751,71.08385,7386979,large
Town_07949,India,30.70195,71.48353,93843,small
Town_07950,India,18.42784,81.45906,616613,medium
Town_07951,India,9.86332,86.41233,11299279,large
Town_07952,India,27.41586,93.10463,24647,small
Town_07953,India,9.53061,86.91188,38944,small
Town_07954,India,10.85381,79.74159,37847,small
Town_07955,India,15.09159,69.78889,97488,small
Town_07956,India,34.61916,96.74434,79221,small
Town_07957,India,22.18204,78.81415,808111,medium
Town_07958,India,33.02728,94.29153,47633,small
Town_07959,India,12.40488,73.80344,5881476,large
Town_07960,India,30.58001,87.6663,44228,small
Town_07961,India,34.12709,78.81503,346588,medium
Town_07962,India,16.65497,94.05058,95403,small
Town_07963,India,15.51392,83.85003,74101,small
Town_07964,India,24.8013,72.25625,3243862,large
Town_07965,India,23.5672,92.83795,502082,medium
Town_07966,India,14.14183,69.89128,89432,small
Town_07967,India,12.66634,96.60391,121959,medium
Town_07968,India,22.4213,75.00795,597378,medium
Town_07969,India,21.78165,93.16763,306322,medium
Town_07970,India,34.60329,68.9554,12368251,large
Town_07971,India,15.41604,78.71813,46474,small
Town_07972,India,9.58212,79.51163,440108,medium
Town_07973,India,17.40551,75.61884,211506,medium
Town_07974,India,35.18598,74.45833,676572,medium
Town_07975,India,15.85856,92.16035,13073872,large
Town_07976,India,11.87012,79.92765,527940,medium
Town_07977,India,8.89945,83.68275,49805,small
Town_07978,India,18.0157,97.18932,32183,small
Town_07979,India,28.13862,96.31618,71732,small
Town_07980,India,25.74347,89.25801,24034,small
Town_07981,India,11.1224,70.91439,264857,medium
Town_07982,India,16.74517,80.64475,82054,small
Town_07983,India,28.95319,74.66481,24327,small
Town_07984,India,33.09911,96.73341,64066,small
Town_07985,India,26.87591,73.80243,77777,small
Town_07986,India,28.85573,88.20909,37428,small
Town_07987,India,14.15205,85.01699,92062,small
Town_07988,India,34.91045,94.90597,89273,small
Town_07989,India,8.68479,77.24646,72298,small
Town_07990,India,16.9958,75.74297,35998,small
Town_07991,India,23.54357,68.28044,72410,small
Town_07992,India,18.90159,82.78563,40646,small
Town_07993,India,12.79776,68.10378,32838,small
Town_07994,India,31.11953,89.33015,60767,small
Town_07995,India,26.025,94.49538,76815,small
Town_07996,India,19.06419,96.60207,56917,small
Town_07997,India,17.7063,83.90269,21106,small
Town_07998,India,32.98476,70.53894,40988,small
Town_07999,India,18.48818,68.68782,99540,small
Town_08000,India,24.5976,75.53264,34262,small
